file,split,sha256,width,height,helmet,no_helmet,stratum
hard_hat_workers0.png,train,3e5c3ab8bf49635f2db296e415834ff74eb13a0ffd94f43d983d2b7eb6ca5b6d,416,416,7,6,helmet+no_helmet
hard_hat_workers10.png,train,a62d70f131eebf7a003574034566acd0d363548d8a1f761b297d8ed7e9b15cf0,416,416,3,0,helmet
hard_hat_workers100.png,train,b68993d32c3fff63cf84e85a5f48ea48c7dcce21d96b10e20c248fe6eef2098f,416,415,5,0,helmet
hard_hat_workers1000.png,train,3675beef87bb2873d0fef5d84c98f7c0c961fa4d61457f9556e23e4abbbe6206,416,416,2,0,helmet
hard_hat_workers1001.png,train,7cc740a0ad7637fee1c53795cc4a446a136277fb0d49758cf9387e75983d194e,416,415,4,0,helmet
hard_hat_workers1002.png,train,d5a6726efadee8496d575eca5eca557aa1b3be32922da323aed075a5c1fc1fca,416,416,4,0,helmet
hard_hat_workers1003.png,train,fede0a34c055b494a6d6dce43ed1ab1540dc959842870dd854638cabd55b2c5d,416,415,6,0,helmet
hard_hat_workers1004.png,train,aad8ab690f7ad2e443ff435fb09751f09e8c25e3465ff416b3d3a5dd1077b2a2,416,415,5,0,helmet
hard_hat_workers1005.png,train,6895e7d30164b680838cf00d0de2ce7c5fd56b2bda675bfc7d1befb978c736e9,416,415,5,2,helmet+no_helmet
hard_hat_workers1006.png,train,27239ab95298c0b9569c8b3411c4ebaa519b8a3219d4bbce9ca404639e6a979f,416,416,2,16,helmet+no_helmet
hard_hat_workers1007.png,train,bb33540d446947f0ea8a9edce7affca4cca072b9de6cce7d7e43ece241db935e,416,415,3,1,helmet+no_helmet
hard_hat_workers1008.png,train,76080d627c0b72cdc33cae8bbb7f6b43a5d51b252a3534e3770a7efaa81050c2,416,415,3,0,helmet
hard_hat_workers101.png,train,232bb68a7d4b5ce6f3dc7035d3faa6073458c08e9d032480747d33e1af234b2c,416,416,0,5,no_helmet
hard_hat_workers1010.png,train,7d9d1346206eaf237852a9384f3a08293996abc9a222ec9f97b7958c33499546,416,415,0,6,no_helmet
hard_hat_workers1011.png,train,be97da9099d36f685ad48c9572e14ce65d0ad063a12c75b8292f787dce759ad7,416,415,2,0,helmet
hard_hat_workers1012.png,train,8d4b2a0f2f92fbb638e0baa1371813b6978e4ec7b7891f736c8cdafa539bd54a,416,416,5,0,helmet
hard_hat_workers1013.png,train,1d19700b975f014a26cced1cf16ca13484b871fb98aa7fb03cb5e90b0ac2c80a,416,416,4,6,helmet+no_helmet
hard_hat_workers1014.png,train,ac6658c95995e3cc2340dc371853d2af6fea188e6f9c8a1e0af00f64dce180b1,416,416,0,8,no_helmet
hard_hat_workers1015.png,train,4f08540aa75480623472ab9a67eeffe530bc573d3f2ca16668eebf4d4ce819a7,415,416,1,0,helmet
hard_hat_workers1016.png,train,ee23f38983c12d2a7a283d8dc09f5354fc81e8412e92d99f7c94775fd5e21bc9,416,415,10,0,helmet
hard_hat_workers1017.png,train,12f9944869df6650a28e486fbbda89676d9dc27c65f32407d7702d771a1ba00a,416,416,2,1,helmet+no_helmet
hard_hat_workers1018.png,train,09584b3f3de44730dd2a99134e49f6f2fec44ed20de1bfe22c2a3a64c3e3efb9,416,415,3,2,helmet+no_helmet
hard_hat_workers1019.png,train,4e85de9065f84d6163ede5341a2fc8fcba22cd82c0f69582676280b8fbcb6881,416,416,7,0,helmet
hard_hat_workers1020.png,train,2d4c17d1b85253a1a9f328e38b94791f43fbb065082ac40366b4d9908b8e57ce,416,415,8,0,helmet
hard_hat_workers1022.png,train,0165edea797d505cc29553d7441627e3164a9416f22ec4ec31531e2ce39d9871,416,416,4,0,helmet
hard_hat_workers1024.png,train,55e1d0f617f5c483fe0a7981fc079cf48e6e2c44ec21ce92932b75d144d71b32,416,415,0,8,no_helmet
hard_hat_workers1025.png,train,750b8080b9041c10553dc65dc54c82ec4272326b6fb57789b1d39b2c288d4575,416,415,2,0,helmet
hard_hat_workers1026.png,train,36806806abf3eae50e4bf13f212e82da4d358971d141cbc2f61f5d60948eceb4,416,416,13,0,helmet
hard_hat_workers1027.png,train,5d04c6ae65f1077e781bf02cd8f3d1a629123b1450d9712eedb194caf50d4496,416,415,4,0,helmet
hard_hat_workers1028.png,train,bf38d857da986bce23ec523b38bf1acac5597cff665ba48af87691773d6673d6,416,415,2,0,helmet
hard_hat_workers1029.png,train,af1fc6f9ba7577c593153b29a5de54c98ed999187666be0bf944a9e633dc1bff,416,415,2,0,helmet
hard_hat_workers103.png,train,c8d82b0b9d2f26357344d7ab3d223d3981cb241e72b058b818c57bd37cf954a6,416,415,2,0,helmet
hard_hat_workers1030.png,train,f7ffd7282fcd9a9d1843af8d0d5596e44524d4c749bd72da715d421ac6b312c7,416,415,12,0,helmet
hard_hat_workers1031.png,train,41dc406a41b7dfac41ceea17a3ed7316427e0e4841e645df11860a2a9e3ce150,416,416,2,0,helmet
hard_hat_workers1033.png,train,1f3f8d9d8014b5f4fc5b9e93040f0e0fda9d1d1a209c59aadd5ef6f8573a6e27,415,416,6,0,helmet
hard_hat_workers1034.png,train,8a563cd8cdfe93646d53dfc950203499daebe07a36f88ac574dfcece2368813b,416,415,0,12,no_helmet
hard_hat_workers1035.png,train,dbb88991d92082eed12aa1e5b212aeb04aa5b77d74ed471b83fbf714191fb874,416,415,0,11,no_helmet
hard_hat_workers1036.png,train,280626678b19d41efce709a1b3a2e617dc6b5b30559bc947105e42a060ef83e4,416,415,3,0,helmet
hard_hat_workers1037.png,train,1ba32bcdc019148e93d0b2a4f430fff88291a67a1fad4ef89a31589dee5bd9e0,416,415,2,0,helmet
hard_hat_workers1038.png,train,75ced6b122970c5b1ed0c87b66fa20339dce2c2377d4c095aaca49a37edeae73,416,416,0,16,no_helmet
hard_hat_workers1039.png,train,41aa93bbb20396f8c0545f62b080db31970b5a6fe94c9e32a6c3fb8e1997f6d4,416,415,3,0,helmet
hard_hat_workers1040.png,train,d8dbecca99b0d8d6929df323ca8d3a267c16e3192c04d8a5e72b6d3ac796f46b,416,415,3,0,helmet
hard_hat_workers1041.png,train,bdfbef46d2184dc8cd895209755ad76e15d54fafa3410e3122124783e8e52c39,416,415,2,0,helmet
hard_hat_workers1042.png,train,81ec1f5c431fd00a2708aa2e8c286e5873ff8e0002d9213bc33b9dcf64467d8d,416,415,1,1,helmet+no_helmet
hard_hat_workers1045.png,train,935832e777ae09b0e9f8c3900eee3b280c9139f84bbd5d2b6584ca17907ee422,415,416,7,0,helmet
hard_hat_workers1046.png,train,1d6f2d6c59d32563e5f0e14fbed76dddc256dc8e6affe6c3c23a10a7e7cd8693,416,416,1,0,helmet
hard_hat_workers1047.png,train,90b28adb0684a35124f8c7d6714779b0397b1634128996a6e28e523749739651,416,416,0,5,no_helmet
hard_hat_workers1048.png,train,6c1aed2c2feeb7d84a00b3f4450433b1a72fab14d86c065b010143c3f2aa712f,416,415,1,0,helmet
hard_hat_workers1049.png,train,8e22d16c8d842ad09d27d7680b85c9d05d6f3ca23d564426e100a12a517edaa5,416,415,4,6,helmet+no_helmet
hard_hat_workers1050.png,train,4fe237f5c9d2c827324f47d1b26d8738b9f141a828d03e45f4338c2a05744930,416,415,2,0,helmet
hard_hat_workers1051.png,train,9e96e07b4b6fe4bc236b6f30f5fe84cd7efda18ebca75f8aa03a23556f9d9bbf,416,416,4,0,helmet
hard_hat_workers1052.png,train,237b9d983c171ceb524ac3c1b798075cae39ad384f514f102ec8c59fe328a864,416,416,4,0,helmet
hard_hat_workers1053.png,train,62679072846c2d62aac3634689a380ff21182c1095436fb1f773721548862a6f,416,415,4,0,helmet
hard_hat_workers1054.png,train,c8169352d9275267aec54370a357b6045d7e17de8b7c78ce8434054e6a1488aa,416,415,2,0,helmet
hard_hat_workers1055.png,train,f064905a14633f4f1de586724ddd25e6484ac9d70306ef1df6e52e3e7bc7df26,416,415,1,0,helmet
hard_hat_workers1057.png,train,1ad79973ab3be5b83cc143ad95b35d287f58b7049485ab04953c1e9d0ecf8d29,416,415,4,0,helmet
hard_hat_workers1058.png,train,86e88ef589b6c613ba5a0c5e32556230a9f223fb76395fa1ee9c2a00efbc5478,416,416,6,0,helmet
hard_hat_workers1059.png,train,2f247ea4e4156cf6d49bce8520fea39459b84d1b34d56a852581b3088e0ec1d1,416,416,0,5,no_helmet
hard_hat_workers106.png,train,9441abd5f528d11429b22ca94c6e5ed9db15e3b8c0ea095a4ee2f614abcde80b,416,416,2,0,helmet
hard_hat_workers1060.png,train,730a2b71df9f43271bf5ac9a01a09841411b1413d958482c69cd40e078d61546,416,415,9,0,helmet
hard_hat_workers1061.png,train,6dfc5d8852668880d96afbcc5fd3a7385e805f0647148cd58e0dacb221c056f9,416,416,3,0,helmet
hard_hat_workers1062.png,train,7c223864fc8f40a1c63d5f81f20f8c357b99e57b0e47cb1135030530626edfea,415,416,1,0,helmet
hard_hat_workers1063.png,train,5a1e18ea1b5dc833e6482f7fd2ba1ee3094cdb17da800075c657ccdbb84bd8c7,416,416,4,0,helmet
hard_hat_workers1065.png,train,cee171d12ed25969ea2b5303e840e49716d0e6878931907c7ee2b1a51fad3955,416,416,1,0,helmet
hard_hat_workers1066.png,train,8bc72d095b97f101d28a9e46b359646558e911977e290bcefb09f02c3b5d90f7,416,416,0,6,no_helmet
hard_hat_workers1067.png,train,9b87a9dc8871f977f156458a5990f8f8e9e03552dfc48f719191dfcd780b0797,416,415,8,1,helmet+no_helmet
hard_hat_workers107.png,train,eb0b03c49d0b1beda3c9ce6589a052347cffae0f8c8c2e5f5b267521686755b7,416,415,2,0,helmet
hard_hat_workers1070.png,train,e7e262a0439efd2987a03354d01eea94f84e85f36d94e2eea05aba1b280cc327,416,415,7,0,helmet
hard_hat_workers1071.png,train,caefe6c1656b4962986750d1d335b87318a43754d8c61f321dfae00589b4a7cc,416,416,7,0,helmet
hard_hat_workers1072.png,train,d61f62351e069d262d2ac18e39918764ae0e9ae4867f8ff6bbe7dc463b6aadef,416,416,2,0,helmet
hard_hat_workers1073.png,train,647c4fbe7819f39931aba21d26137e5618efef3838cccef7a6ccfa05f3ad9342,416,415,9,0,helmet
hard_hat_workers1076.png,train,a373fd92d73e9ea44268973b83e9a07cabeb96c35b2672320fd0b103b0e2ea19,416,416,3,0,helmet
hard_hat_workers1077.png,train,bda8ec56689eb9501a2350ed635f49d86a04e2f2bae0b29899c48ea31a926f5d,416,415,4,1,helmet+no_helmet
hard_hat_workers1079.png,train,b7e2b1db55f1fb93e65c63999f4a35a556bbdbe6188c641bf6ccaeb1ee6d03b6,416,415,14,2,helmet+no_helmet
hard_hat_workers108.png,train,e03f4944b8763b723df3de47d700ec5b9216cfba9a0d34517f3602d2cff0789a,416,415,2,0,helmet
hard_hat_workers1081.png,train,8a601f194601bef5f72566205eed4d65c03775d1497278ecce55e7c28ca850e8,416,415,7,3,helmet+no_helmet
hard_hat_workers1082.png,train,5bfe052d4df4f8bc308d8ddfadf285b657fca24ed994a64f4853883ebc3723ea,416,416,10,2,helmet+no_helmet
hard_hat_workers1084.png,train,9e43e859aaea845b6de493dc1098ad5cfaec77fe92caff1e16abd56297b2b490,416,415,3,0,helmet
hard_hat_workers1086.png,train,bcd4d00f84c1a2cfb125453a263d96baa5647b94442ee1e4ddd74f28c3789388,416,416,2,0,helmet
hard_hat_workers1087.png,train,18b44f0088712b026a92bddec0614889ccdb429f7f160baabfb1c638458a162d,416,415,1,0,helmet
hard_hat_workers1088.png,train,b20a97f35c17f88ea4250a552d7527066cecf63ac0bcd0dffe9863d8baf7e44f,416,416,2,0,helmet
hard_hat_workers109.png,train,db4692510945aeb185e9136e11c9944e8fb75a2e672bfd65853f744d180170cf,416,416,4,0,helmet
hard_hat_workers1090.png,train,4cd23863ff65602d23c474136ca3a937100f2ff9c0752dc1967d61922844f9f4,416,415,4,0,helmet
hard_hat_workers1092.png,train,ab3f0a51a205e65e895e11076a99c5ca8cdc1dd7a4cf1b0823a2ba5afdc32474,416,415,0,10,no_helmet
hard_hat_workers1093.png,train,f1ac00380c247b838004416ecb8254e89bc4c2fd74df188f7665acadec4c5b00,416,415,4,0,helmet
hard_hat_workers1094.png,train,9f4dfd6fbbc9bd6dae20b05616a905cce086a7e979aa746d485a46c78fe074f4,416,415,2,0,helmet
hard_hat_workers1095.png,train,9258fd21f31c47876a4878f1b06fcdb3afedaa1db0facdfc5a8504cc4c6c86ed,416,416,7,0,helmet
hard_hat_workers1097.png,train,de95ec99e58882254dce2df55427c77415c3639abb34ff084e796a94da1215e0,416,415,2,0,helmet
hard_hat_workers1098.png,train,52002df82c4be1d83fc7f031b5f687623dcdbc65969df46c164ffae7e2bb4a12,416,415,7,0,helmet
hard_hat_workers1099.png,train,0cb46c0ff608471de4c6a88e04fa8e098a22c1a5cfc0b5ae075b30d329aeb700,416,416,0,4,no_helmet
hard_hat_workers11.png,train,3250e5239f26d7686de2d56b17e1992eb8a1166d4f039fb0794dd923bb6277b7,416,415,3,0,helmet
hard_hat_workers110.png,train,ad93db0be14d7f8467cc679e4e8591b90c5618ad3fd11838fe07087325a98130,416,416,1,0,helmet
hard_hat_workers1100.png,train,6a1e291ba421c16b437ef1e76b72b8a8be97441ef9b29d8d2f0df5733a7db796,416,416,9,0,helmet
hard_hat_workers1101.png,train,a07d87c6528331819b47540530bc40e73f6a3e3bff39a721056fbc0967911a77,416,415,4,0,helmet
hard_hat_workers1104.png,train,0b09eb107bc75acdd3e6675936387c7ca30a190dba29cc530e6a748ca590f826,416,415,1,0,helmet
hard_hat_workers1105.png,train,67a607ddda7d91f2dd8e1038590cafa5f0e0f8edef50ef2460b0daefbbc64334,416,416,2,0,helmet
hard_hat_workers1106.png,train,6c9bbe8480cb2777401124b19f60d03e0ff046e0e8dcf0b6285807cb762b482f,416,415,5,3,helmet+no_helmet
hard_hat_workers1107.png,train,9a7fd30d42b734a005849507479ff9de515f06f0c2a31b6b198d23df56ccab53,416,415,2,0,helmet
hard_hat_workers1108.png,train,a3dafb83093653523121dd331f1ca96d068722b141ad9b470a3348924574b2b9,416,416,2,3,helmet+no_helmet
hard_hat_workers1109.png,train,e6bb71450d2f64b0abf00cc0664070bceab6084446b054c984f74d52691a8e34,416,415,6,0,helmet
hard_hat_workers1111.png,train,75dac1852b7223300cf4ac6ef2123084c94a0a03534a827e86c21a195907d5b4,416,415,3,0,helmet
hard_hat_workers1113.png,train,24393e3e32ccc76092d5706a7c875348f22e3cdda66e183ab32d54215144ad43,416,415,1,0,helmet
hard_hat_workers1115.png,train,8cb211870206e5b85de3dd4a12e44bb08984bfdfdfdab3caa840f2cc07dec0a3,416,416,10,0,helmet
hard_hat_workers1116.png,train,fe0c627e800e7c3f393d1b2c52c1ea920b4a8fa70f302dde987882ce74366eae,416,415,2,0,helmet
hard_hat_workers1117.png,train,572b7a749d841f94c9d0754f2017904c42e88f5e386fb14b00eb9017a8310ba7,416,416,0,2,no_helmet
hard_hat_workers1118.png,train,ad6706733c95de162be1960d2270db9b518e8d88691fc6fcb17de381131a3e51,416,415,5,0,helmet
hard_hat_workers1119.png,train,d8cfc1fea568c0878cb3e00e060a30ffac600836177774ea05cf42e2df1b871a,416,415,0,8,no_helmet
hard_hat_workers112.png,train,3789a03b3a5678fcb58a71a2cd0fa11721ad4bc05b23f14d157bf101b02c18a7,416,415,1,0,helmet
hard_hat_workers1120.png,train,ffc35aa7e8735bb12a4cb9b4ea6def248bb28b179d7e8da1cf97e32ea05c2700,416,415,12,0,helmet
hard_hat_workers1122.png,train,1e838c9476e78ca86d0ed1e8a865768803da56832b2677ec34f485ceb4510bd1,416,415,2,0,helmet
hard_hat_workers1123.png,train,b97cd9f3ce5c646b40850648ea4c2b93e70207cedb01b3134c261e0d00fb2876,416,415,1,0,helmet
hard_hat_workers1125.png,train,cb9af4f15e5c758fd63d23d7205d159f8c22f01a4a9bb3a0f5887a06e3a23bfb,416,416,6,0,helmet
hard_hat_workers1126.png,train,85fc0dc13bb233f3b0cfdb712eb044abacc9fee94bc454ca04a5c650e0b7f2bd,416,416,2,0,helmet
hard_hat_workers1127.png,train,17170d36435043a391823903676d352f188ed8fa119a80a43143fd266963e3fe,416,415,2,0,helmet
hard_hat_workers1128.png,train,ead33176a449a58ce50fcb999916e43e4d03a02c8c6fc827019106410862ef20,415,416,1,0,helmet
hard_hat_workers1129.png,train,8242141fd566ca400f8142e2f111905f7ef31d1ccdcdf09e25f1b12ffe7f6b9c,416,416,0,5,no_helmet
hard_hat_workers113.png,train,e214608fce40a18e922a20cdb15e6681729d876c3e5a7b4408ebdc36af036756,416,416,1,0,helmet
hard_hat_workers1131.png,train,ac502ad0b8821033a847df8b282800e99a8266a25e32c7e8adea0bedf1ed6c29,416,416,2,0,helmet
hard_hat_workers1132.png,train,53de6e5a0040e188e8dbbdcce43a5937ec4d0dbd1a2bd16f57a813f45d719aa6,416,416,10,0,helmet
hard_hat_workers1133.png,train,5403c59ff8fbf1df1a700d8f8b97f7d07238446d81fbc9e64b880e527aca6942,416,415,7,0,helmet
hard_hat_workers1134.png,train,1afc573a6541842606ef0b25ba6495d846978041748ebfbe939ecf121c7079ea,416,416,3,0,helmet
hard_hat_workers1136.png,train,357edbc8f86656e45ddcd45927f4f5662a4f229988863ede3cbdf3b7572c739b,416,416,4,0,helmet
hard_hat_workers1137.png,train,516fb0a4a20eed71c1993f0607539e034eda083a02b6d265c5fb9af2fda9bd88,416,415,4,0,helmet
hard_hat_workers1138.png,train,de97cf4b2891bd00c687dd6f4296bac8d0ba0d697cba520995511dbc99b79ad4,416,416,1,0,helmet
hard_hat_workers1139.png,train,5ccdd27a984b1492a828be5cdbc133889aff004300b8b70650961e5726568af5,416,416,0,12,no_helmet
hard_hat_workers114.png,train,ccd0f497ba704a1eae78ea9299f7ccd02ac546e4bf23d2f264b47dfabe558781,416,415,11,0,helmet
hard_hat_workers1140.png,train,f568f32b983cabbf1e1a83ba6c4d33edc07096afa32cfbcc53c27cdb1fb7c8ff,416,416,6,0,helmet
hard_hat_workers1141.png,train,eb530dbd5b68aaf5e84a29da010c8157779331959b2d1350a9bc4002870440ff,415,416,7,0,helmet
hard_hat_workers1143.png,train,e25ba99b6ced30602fd571c19cc0b70beec3894eea3faeb20a051a71ed9477b3,416,415,2,0,helmet
hard_hat_workers1144.png,train,3526b800a0ae08ac43723ce8959158e0415f1e606efb9d60d82ff1cdf6c9cadf,416,416,2,0,helmet
hard_hat_workers1145.png,train,021e76d1d6ca7a07b79fac1ccf178a8fbbcc3740085576e801028b2e8dc3d8cb,416,415,2,0,helmet
hard_hat_workers1146.png,train,ea5573bef87008609242a9d5216fa3859c00366c206e09d664536a2f6cde38fd,416,415,0,7,no_helmet
hard_hat_workers1147.png,train,26dd8c4f8f863cd6efe92d9b6c0bcd144d10cf88f162d1f8a4d10a49b54919ee,416,416,1,0,helmet
hard_hat_workers1148.png,train,8c0e3876205f1802d02908bf544bf7e4f134e0e27409ee1f94bd700a4229386d,416,416,4,0,helmet
hard_hat_workers1149.png,train,39ba8b8febe8bd90247766c280c32bd6484dfadb5dd886324e6d92a67080ce99,416,416,4,0,helmet
hard_hat_workers1151.png,train,944296a0e07c1c33e41925a748a762532fe6aeb64eadd6a095678ad033f93b3f,416,416,2,0,helmet
hard_hat_workers1152.png,train,17ae4eda9d1844978a44ac8e04e4cdf371de9521e49a11e380d08b259a500a52,416,415,2,0,helmet
hard_hat_workers1153.png,train,8e9ede21212e9dc901fcfccb64a6a91cbd31b9fd8abaf2f4af5d7f04e5014850,416,415,5,0,helmet
hard_hat_workers1154.png,train,c8bedf68b838bf3ecccd17fb73a6f50a361244d413d005369d9714dca3631acd,416,416,11,0,helmet
hard_hat_workers1155.png,train,fb5dfcdfa014301b5efecceb0c828313406d896c5c3ded5d8c62c5deb728730c,416,415,1,0,helmet
hard_hat_workers1157.png,train,49a0534876915ba0b921626c138881a33040e9dd2d36b0fcfd679ca42e4f824e,416,416,1,0,helmet
hard_hat_workers1158.png,train,617a1b0cc853e29515bd16b595be82d41d3bb3dd6cfb445796fca08725184cd5,415,416,1,0,helmet
hard_hat_workers1159.png,train,a5eb4783b21d44e608d42a507488f92acfd1f156d637197eeb5b1ecab6a38480,416,416,1,0,helmet
hard_hat_workers116.png,train,685608d1dbdfb97fb4da93aa7297bd6adbeccf4f89b9aad60e9a66e78322fcd5,416,416,2,0,helmet
hard_hat_workers1161.png,train,1e94f816de48a7626b148040607a222831eec0259317c9e753a7996c8845d8fa,416,416,0,4,no_helmet
hard_hat_workers1162.png,train,cad64ac82408fa1e867b7eaa23585354083438097de221f0d8f6bf4bda9a7f10,415,416,3,0,helmet
hard_hat_workers1163.png,train,1469f03206f4c2903fed56ed10be2de7675e93f942fe8ccf34aa9bd46c2c10a4,416,415,11,0,helmet
hard_hat_workers1164.png,train,9e3a41a7160bca6eae841a86b51e1e7505d53540883892d36ad5257d9af374c0,416,415,4,0,helmet
hard_hat_workers1165.png,train,f82d9d34d9dcfea5448060b38a8b87ff82e657ea7861bfae3c58c0ee2369536c,416,416,2,0,helmet
hard_hat_workers117.png,train,9d5638be85ef0ddd31cf4315fa6bf305afeb99b1aaccecd95ece7bac9c5d20ab,416,416,2,0,helmet
hard_hat_workers1170.png,train,d327c550186392b5a58f38e8a7524d6e9c2ece679914517b7aaea92d9cffdbaa,416,416,4,8,helmet+no_helmet
hard_hat_workers1171.png,train,7121c3e11b362384b6d996e2c44c18043e9dc8fe5f0f2aa0da64751e7d6680c3,416,415,8,0,helmet
hard_hat_workers1172.png,train,9d484e5f83ab3a3b911883fdb3464db7d9444a3b2837a1d94b1e721db7c536c1,416,416,0,9,no_helmet
hard_hat_workers1174.png,train,849cbfb6b4601b906c69776c76276406c7184f6575a7074e90f681823b1da1c9,416,416,4,6,helmet+no_helmet
hard_hat_workers1175.png,train,762acaba6bae23a7960d4822bfaccf9d59930aaa2855781393160ce768134308,416,416,3,0,helmet
hard_hat_workers1176.png,train,870796d6baa7895e9aab0c7a9d51d849baf0f8be41123a5eb1701a37655ff024,416,416,1,0,helmet
hard_hat_workers1178.png,train,a2bcfae259c1712e7ba3e8a5f857932d99f30a726de65edff11cc25f21525609,416,415,2,0,helmet
hard_hat_workers1179.png,train,e503820c4018763566a8fe94325908b2ce918f681d7abbd254125baf0b1355a6,416,415,5,0,helmet
hard_hat_workers118.png,train,855da1c9d97d34bdd6d94f68f879ae58251e5c261681de31220969d6654d6287,416,415,2,0,helmet
hard_hat_workers1180.png,train,b4ab6cb8b8ed78609a1bc316bf3be5d1c4a73663f71dad1d91d4c557587f2dca,416,416,3,0,helmet
hard_hat_workers1181.png,train,7cf3165486cd6a1c470b14195e925a51123fbe093d5703daef804070609744ad,416,415,1,0,helmet
hard_hat_workers1182.png,train,e95ec2f81a323f4b8378507889d9d1c399ca23baeed12c49c6eb1c7b4422da2c,416,415,6,0,helmet
hard_hat_workers1184.png,train,b367f1280992127bfcf5933dcc9c727a6194a513b61a1cd8a5cbeeb362ff5694,416,416,2,0,helmet
hard_hat_workers1185.png,train,0374cedb1dc79055d133583b6cbba5c5c055be8b7874910e28aa293f44a10268,416,416,3,0,helmet
hard_hat_workers1187.png,train,4c693973e7d5950fb3b085c2074d2b3e14241a11c721a058dbccc2b4f29ac22e,416,415,2,0,helmet
hard_hat_workers1188.png,train,e28ac64d8d6a2ba13f6c74b92496148438d4de07f0aaab78d220af686e1413c7,416,415,5,0,helmet
hard_hat_workers1189.png,train,6c14b6f41be804b8c7db07c6cee7b33a9fa421ef735c2374e0e7adb680601016,416,415,8,2,helmet+no_helmet
hard_hat_workers119.png,train,3d47901266b7769d319d1f08e9acfe28a31dbf1f1c8ba5fe1641cc5f8e757d89,416,416,2,0,helmet
hard_hat_workers1190.png,train,4cf2d04e46682d60acb38663ffcb14b833e3f3117eb5fc30e7ce87f6aadd8387,415,415,2,0,helmet
hard_hat_workers1191.png,train,6a1688eab9b47184b293b1198e54de0c1c8f08565398402e305dc8060c85e311,416,415,2,2,helmet+no_helmet
hard_hat_workers1192.png,train,3c988d80e809d26e521675723d989441081cf35720de867636765c941b6777b0,416,415,1,0,helmet
hard_hat_workers1193.png,train,bbb3e3db899b9bfc693af69e2202f7461164eebb130083907c295787293849f1,416,415,4,0,helmet
hard_hat_workers1195.png,train,5b8b9f067836ccaf8d7eeb08d5a85607451074c6bfd117b642b217e64906521e,416,415,11,0,helmet
hard_hat_workers1196.png,train,abdb44d14114ba0515770e44a9f90444ff15f982e6996eef9c58ab964de35719,416,415,2,0,helmet
hard_hat_workers1198.png,train,b4ce64bac2b87895206fb71b885cedd9cbd45186e488a7a30128d39cf1bc45f6,416,415,1,0,helmet
hard_hat_workers1199.png,train,2878f8c3636446a7ef3830a269b1d50a45b0f5c412d7982dfe3a9b192ca8e0a2,416,416,4,0,helmet
hard_hat_workers120.png,train,fb4115d1a730d7ab78617879d0d1b3706262a435b44dab43b88478ebe23144ef,416,416,3,0,helmet
hard_hat_workers1200.png,train,85cb4d9e4bf361d3d8d0ede61c1e52e7201188f2829f09b54e25eedf49b8a485,416,416,5,0,helmet
hard_hat_workers1201.png,train,2cbe810367cddaa44e56c1e25a408fdff6fa9ed486f4eaab96111eeee944d3c0,415,416,1,0,helmet
hard_hat_workers1202.png,train,1bc1a1e892ade42d8d38d3b77eac26c70599703b9c565bd6053bb01afa5abe2b,416,415,0,7,no_helmet
hard_hat_workers1204.png,train,3efe7bd9d0f0b21bad92a34514f39f6c8f886993eda5233379966323e73236e1,415,416,3,0,helmet
hard_hat_workers1205.png,train,1fb8d2f7a3fa56ee2178e824a19634c33842336be9e38bd1664971128f07ec65,415,416,2,0,helmet
hard_hat_workers1206.png,train,01d2cdafd9af84d72c0705573417a4082358447b7d851f1e067a7c374127b416,416,415,4,0,helmet
hard_hat_workers1207.png,train,d7d76f8a56f2a58eb2c08dc3f93d1aec9607d68a8fcd113f10176eaec711a379,416,416,3,0,helmet
hard_hat_workers1208.png,train,be4984f79218800e495839325b68cd883a59aebf5973fa5750c7b1acbcaf42e5,416,415,0,22,no_helmet
hard_hat_workers121.png,train,d0211099ed73a843976d0fd4031fa2157d9cd83cc7698a53f25de843cf23f48c,416,415,14,0,helmet
hard_hat_workers1210.png,train,b472c7ce8ed50871b15b853dd4e4c77736593ee7b26d67a80e5c8aa81197a430,416,416,1,1,helmet+no_helmet
hard_hat_workers1211.png,train,f2eaddbcd57c3730945c5c5a24e400fb6ed2fe48b9df3cf0fe52db1679e729ee,416,415,2,0,helmet
hard_hat_workers1212.png,train,d24bb8900533c20d5a4605326697051be13ec5c6dbdcfffb05b4fc4eac124236,416,416,4,0,helmet
hard_hat_workers1215.png,train,4fcb61928d7bf85a7b2de126480eef7f3abdfd6e8ce3d3d3ef4adecac2ba8cf5,416,416,2,0,helmet
hard_hat_workers1216.png,train,a24e16631710ca314fe297813f6ad9ffd93eaa6dc59cf677580799d05c78b85d,416,416,1,0,helmet
hard_hat_workers1219.png,train,98e825a58b326ee9af68a0eaf2c0b0f5c382d45885ee0f3566a7914d2e7bc4cb,416,416,4,0,helmet
hard_hat_workers122.png,train,9514e977cff0496b248ff43e7e724da23b3d171881350058809d8927f953ff6e,416,415,9,3,helmet+no_helmet
hard_hat_workers1220.png,train,da35c03c13f4238dfa116d1c8d47cc3f3f8e2c6d77ef688d8b3a6e60c4a49a42,415,416,3,0,helmet
hard_hat_workers1221.png,train,a949dc246ef5a08cd646e4ef7136adb856938b51ab5dfc5af45b4921e1e48387,416,415,2,2,helmet+no_helmet
hard_hat_workers1222.png,train,5e3a60016f743bfbae35fc634ec321864bb9e9ed99448e8462d91e81ed5c3563,416,416,2,0,helmet
hard_hat_workers1223.png,train,6be6da4b5822bb2b66fb8f2bec77c86941cf8b4ffa9aa47ef53522c46d49f4e6,416,416,1,0,helmet
hard_hat_workers1224.png,train,ff4ada71f7a461e1972cc724a8cc2b07fc7fc164a98319ab5e235d1d34770722,416,415,3,0,helmet
hard_hat_workers1225.png,train,0e49284806bb088dd85a4b43f6b0b9e13be894e03b34dda6a064965fde156e50,416,415,11,0,helmet
hard_hat_workers1227.png,train,40ffd4cdf0f056a7fb2b9b5ba35415f2841dc478269fa6a744780d8fd18833cf,416,416,0,2,no_helmet
hard_hat_workers1228.png,train,346c5415d4e3a8907f91e191234183f018d26cac4c71b91f7cb7197954e669fc,416,416,2,0,helmet
hard_hat_workers1229.png,train,9724f5a1d9fd3e7a9be0dab9981561683dcdc0d1ee36cc39d492968c6edcb9b5,416,415,3,0,helmet
hard_hat_workers123.png,train,dfb4514f12223123136cd44b3ac769257c1edc5ce4f67faee8f9b44315f3eb03,416,416,2,0,helmet
hard_hat_workers1230.png,train,f2b22d9c8da0cfa5e7bba6ca0ffeb7eb0af17f252ed530e4e041bf32bbccedfa,416,416,2,10,helmet+no_helmet
hard_hat_workers1231.png,train,527f7f158fda845090a36963bdc165304fb6c8e0b43ebee99fd16af0c9a40e30,416,416,0,3,no_helmet
hard_hat_workers1233.png,train,8f27785f87ee80603be2bc3c94c52b118077b4681b733ffa96943ee74aad832f,416,416,5,0,helmet
hard_hat_workers1235.png,train,7d46d9022b3b329bb925be3fd7774e2b5909074ee696b9fb83234d4de02bd4c1,416,416,0,6,no_helmet
hard_hat_workers1237.png,train,96742577394b373b7d844ec4b1370bb9d2510631c4c26021a57f4939ac0671bd,416,416,2,0,helmet
hard_hat_workers1238.png,train,3be9f7bb086167392fa16674d48a9df7fdcddc77fcfc0d2b95161c27dcc920e0,416,416,7,0,helmet
hard_hat_workers1239.png,train,eeb271c492c88337aecb5e026e23691bd1027be45558f69aec774605320433f3,416,415,0,18,no_helmet
hard_hat_workers124.png,train,a14bfed5a85826c822836b1ccd0fab66988884c40ea851c33c15b29c1ea25a67,415,416,1,0,helmet
hard_hat_workers1240.png,train,d53458c510171a95178a13edf9c229a524c7ad344795cd9b2c43c5bc00107543,416,415,2,8,helmet+no_helmet
hard_hat_workers1241.png,train,9f49ec5db6bceb81b8d4d32b37b6ddfff7c46def541eeb24f5c0f25a1e3fcd2e,416,415,9,0,helmet
hard_hat_workers1242.png,train,a76ef45fa77da8646f661b4d98ec92324f98ac5bbe9b3dda7929c92e4466591e,415,415,2,0,helmet
hard_hat_workers1243.png,train,afe3a84e3ce15fbf482af9151ca10d80394d103f18a860f9bfc69dd98e157555,416,416,1,0,helmet
hard_hat_workers1244.png,train,4e50af83ce0177db8d7d38e1467eb22045443ae7e28efbcdaead6b85a3225b19,416,415,4,0,helmet
hard_hat_workers1245.png,train,0e7e664288b6258edf61f7e00d5c465332270bd23af65215b1314526601167ef,416,416,3,0,helmet
hard_hat_workers1246.png,train,7613ab8af7ae7bb478ac3059fcdfcc8e7a8456c05da76f79df93583a00cf2324,416,416,0,7,no_helmet
hard_hat_workers1247.png,train,1f848b207fe69130b6566941a6eac319f8fe4fac04299b029bad4ef36c9a2fa7,416,415,2,0,helmet
hard_hat_workers1248.png,train,1013e1d8db863946706ceab12471951360ef1ef4cd5ff1ecc1a133c9df030a8c,416,415,2,0,helmet
hard_hat_workers1249.png,train,69f2017d3afc36bd96a5bc69c913df96420fed999a637f54621204b4c168bd78,416,415,8,2,helmet+no_helmet
hard_hat_workers125.png,train,337217af45800fd464c1af62aab34a96497cc7ab0954fc214134daac0fe58e70,416,415,1,0,helmet
hard_hat_workers1251.png,train,d28f1ca2e044871a8fe35b7230daf8e9085cf647b62f303f4803cfa41983bf85,416,415,3,0,helmet
hard_hat_workers1252.png,train,20edbc2022a2adbee17718cac2c0ed8850defc6b94b1cbec92795b86cd040d20,416,415,4,6,helmet+no_helmet
hard_hat_workers1254.png,train,a191517900497d1f9827f011a12194597c8e2d63c290de6e3255d836bb6e6051,416,416,7,0,helmet
hard_hat_workers1255.png,train,782970079564b39969acc584e894d6e8703131ac4810282b4e81ade4f90e6b18,416,416,12,0,helmet
hard_hat_workers1256.png,train,a8954f276ac94e1f69d38daf597aa8d534cddfb7c358661559ff7faeff383330,416,416,0,5,no_helmet
hard_hat_workers1257.png,train,eb2bf8852167f12984596bbb5c781197c5d9c4d6e8068becfecddcb026cec662,416,416,16,0,helmet
hard_hat_workers1258.png,train,6d9be5ac142875126d10953556b0f0bab9c0fb5281058cee7982cda1aa5927cc,416,415,3,0,helmet
hard_hat_workers126.png,train,b06e75402f9bb97079d1f052cf6abb58aa65e1e1d4b176b8cd934b4fc9b41c81,416,416,9,10,helmet+no_helmet
hard_hat_workers1260.png,train,e84952a971844492c15451ede347f5f251ca0453f25b4f0ad22f72a81a71bb76,416,415,2,0,helmet
hard_hat_workers1261.png,train,754dd549cef24ebdda8e1d007e2bf99d335bd15a5ae131decba37f15ce0a5d97,416,416,7,0,helmet
hard_hat_workers1263.png,train,ce4f93bb16c0e1cc532d846e3cdb65c51cfec3870179b972f3e761536b6a1c40,416,415,3,0,helmet
hard_hat_workers1264.png,train,3b509d3fbc9bfa9b21db3045eee786d346a29daf2850d70178fa69610d92ec69,416,416,0,10,no_helmet
hard_hat_workers1265.png,train,f093d2c7ea6d41ada6d67e574dd52ad71fb8c6c3d5385ddbc7a2fc5ac43334b0,416,415,4,0,helmet
hard_hat_workers1266.png,train,beccff5a95ed70082505d6f9dec53d09ebd6ad8a8a45200ee876cf7724e19e89,416,416,3,0,helmet
hard_hat_workers1267.png,train,ab17eafe1ba5282d29bc8471ac9fc7fde3d9345fe39601ed2c968fdf505841f1,416,415,3,0,helmet
hard_hat_workers1268.png,train,c89575ddd4d9e47dc5657af30791488f1f70bd693c25e578ce95c23ca41d6722,416,416,2,0,helmet
hard_hat_workers1269.png,train,130c3a5cddc8fb79d242a8b9ed0704315b353e2180d77282d36fdc2a89922e86,416,415,4,0,helmet
hard_hat_workers127.png,train,f57c25934e1d4f1f4f6935bee2717aea717e7d57af7ecf047305da281fc91733,416,415,2,0,helmet
hard_hat_workers1270.png,train,a47b6fa928fac551926dc6e826c7ed5d674609b65cf7533dd41b72a11fb68715,416,415,2,3,helmet+no_helmet
hard_hat_workers1271.png,train,3b3d4545239e0645fee69619f7dcee44c71b04b2cae0df317f40de731cfe3545,416,415,2,0,helmet
hard_hat_workers1272.png,train,1e5b1b0036635abe9542292846dfcfa20534ed4594660d3be3d584f6be96335d,416,416,3,0,helmet
hard_hat_workers1273.png,train,2fd8a17d8e87d903b3280fcdca2d13c836a0ca6bb77a2c81477bd4a4e94f8378,416,416,9,0,helmet
hard_hat_workers1274.png,train,ac78cb72c9a228f350e099b191eb0d683d6a80e2a1d3ae9bf389b4910a399201,416,416,9,0,helmet
hard_hat_workers1275.png,train,9b261a31b3a8377e8a82aed8c49bb3f39d18b0eed48423cf3b9249db75885b33,416,416,2,0,helmet
hard_hat_workers1276.png,train,f405f31b26b50c94c3cbf3a771ccbb8a1100064dee660cdabf10212adbdf2b25,416,415,2,0,helmet
hard_hat_workers1277.png,train,7dc2722230cfb105d49520599a409d91554270b80c366cf7506a96ed53b5ec32,416,416,3,4,helmet+no_helmet
hard_hat_workers1278.png,train,d686b2a593e7812bd4fac1ada9d3d1560000ce4a3ccc109252d61aa2a6e89679,416,415,6,0,helmet
hard_hat_workers1279.png,train,69a66db429c6c23024359bf250547dd8dcc0fa7795db64d3d09905ca1f42064b,416,416,2,0,helmet
hard_hat_workers128.png,train,4aee9788bfa891eed196d471e8db46fc6d86d8fdb71240e2825f03470421e1bd,416,415,1,0,helmet
hard_hat_workers1281.png,train,0283b288a6b08c9f20e0f18defe51d99a63c63ae660851262ae7a58a157a9b19,416,416,2,4,helmet+no_helmet
hard_hat_workers1282.png,train,723145fd116e3f9793dceb3f9489dada41770c313a0c8051c55df136be04ee46,416,415,3,0,helmet
hard_hat_workers1283.png,train,0dc14dc75365c113a9e72912c6627706d561e324219062bc845b8e76d8d2061c,416,415,2,0,helmet
hard_hat_workers1284.png,train,be4b17b91c482998c00d04ca25960560a27e466be752016d8585d20eb709e376,416,416,8,0,helmet
hard_hat_workers1285.png,train,ac2fba509d7db703738e2f2486bbad7c6e5660ac66b0c53f0937d3076a12bb09,416,416,2,0,helmet
hard_hat_workers1286.png,train,83735b79242e4847c8938ffe14961aebc0155c55e9cd04ced1e9b159bd9ef50c,416,416,12,0,helmet
hard_hat_workers1287.png,train,9306f9cb1015de8fd29c5c94ed56d11fde075aad43bffaa1c35f7abbe5a6727a,416,415,3,0,helmet
hard_hat_workers1289.png,train,ca4f73a935f63707ae8ee0f56667081021d5e8cbbee0a55cd03dc0cac37f6993,416,415,1,0,helmet
hard_hat_workers129.png,train,5fed4ae05c6b38a0580524ec0aa777111c967f97b3f8fd5aba5e1cb0a8dbd86e,416,415,2,0,helmet
hard_hat_workers1290.png,train,86b632f4f280c01bcb1ac23681e780ba7122660e9cf6bf0c182fe0cb106c3012,416,416,4,0,helmet
hard_hat_workers1291.png,train,c85ddbd23e50e842721f9c3668b5b6cf59e0a5d6140caf50b44b577815f2d06b,416,415,6,0,helmet
hard_hat_workers1292.png,train,180fc30ef76f8d67e80a0278aa8d2b419884361df7bfa173bebff98ea4f9d985,416,415,0,7,no_helmet
hard_hat_workers1294.png,train,49768da790f628c7bbeda505f9053944d50f0fe61c5f2eab39769258ce5f3c95,416,416,6,0,helmet
hard_hat_workers1295.png,train,826a4fd8913b40eb6c71c1dc6dd564812c30fc4a5a391bde9030cfebd4849b5f,416,416,0,6,no_helmet
hard_hat_workers1297.png,train,bbbea6e771ed7526605f8c0c88fb1cc5962f94baa54efe72597847161ed931e7,416,416,0,5,no_helmet
hard_hat_workers1298.png,train,e2fce28d2e0df6da8cd7a3ccfd953e81d0d5452f9808d67fa907f088f24a3ab4,416,416,14,0,helmet
hard_hat_workers1299.png,train,16a76551f7efd985d21a1c0d9204c33345bc66c37a76d66c8a5142f7d2bc9442,416,415,2,0,helmet
hard_hat_workers1300.png,train,c539de1a8440554be9a70210217bd687dde0e8a9d9dc9130f4f562a350627e65,416,415,1,0,helmet
hard_hat_workers1301.png,train,cac852e123f084977238a050c8a9e299717be589764c2d078c68e82c1a5fbb45,416,416,2,0,helmet
hard_hat_workers1302.png,train,94d2098361127c970c048570125109f7c8436fd7b133d5a426b94ac52b8c0276,416,415,2,0,helmet
hard_hat_workers1303.png,train,017bccb302c8f98a7fdbcea9d1208e14ad42bc912eb616ce535152cdbff910ef,416,416,3,0,helmet
hard_hat_workers1304.png,train,fcd2eaa2e702960125fd60bacc2ca23db5477a67047f4f69eac2b1c39ad98de0,416,415,4,0,helmet
hard_hat_workers1305.png,train,7ddc06257ba60d33f58bdd443d3513352d9b614b027f461bd7f035414c2b83fe,415,416,2,0,helmet
hard_hat_workers1306.png,train,b6b7c0ecf0c91af82226bddf14f4ad0c01983fa53085be918ab20c7fff8b82f3,415,416,1,0,helmet
hard_hat_workers1307.png,train,8127f8e495df1d45df06f5350a562f49356ab97d5bf37eafc9b9f6457f4cd99b,416,415,3,0,helmet
hard_hat_workers1308.png,train,dd8344a0c10de02a319abc539cb0a85852a8b0e5af7974ab06eacab3cea59460,416,416,4,0,helmet
hard_hat_workers1309.png,train,030cf914d4229495161329c27b2ff563bf37706d6503543751cfec58f294fa92,416,415,7,0,helmet
hard_hat_workers1310.png,train,6136e289982672ac80b30eb111dc5ca33f7fbd76bf72b6c20791a2a24a042efb,416,415,2,0,helmet
hard_hat_workers1311.png,train,773d3859e2700882fd77e5ef0f1f7f8075cad4299289490d475040c419b4a388,416,416,0,6,no_helmet
hard_hat_workers1312.png,train,a71795b51e7e2bae38a57150c4f2b73db3147a01360c4482f1a3f2da6d315cf5,416,416,6,0,helmet
hard_hat_workers1315.png,train,3041e9f3a3346548dc8ed6b9e40303fc19a95809563424cb56727d26c67e7af8,416,416,2,0,helmet
hard_hat_workers1318.png,train,1fd973f61d683f273e2ceb224687a8495adbdb5b9859ea08f4764b07209f3c66,416,415,2,0,helmet
hard_hat_workers1319.png,train,73d8f01f272776a700be9b453f2b2e6df1c982cbcc2ac3d880c2d6849c775125,416,415,8,0,helmet
hard_hat_workers132.png,train,bd2b55f5955f0b7bf776e7a305ced2bceef2dd3292aede214a06f0d1d6507b5a,416,415,2,0,helmet
hard_hat_workers1320.png,train,674c135dc17bb4fd7c4608bf0a8ff2a047b773305fae36e5954bcc3d68488c03,415,416,0,8,no_helmet
hard_hat_workers1321.png,train,a395fc7a9fc4e7411465957cdb97b5732f9c287776618f852920a311b4cd343b,416,415,2,0,helmet
hard_hat_workers1323.png,train,dbbbbf6fc9d45362acb16825fb922e917e4a344bfe99d216cb9101138ecc4c24,416,415,1,0,helmet
hard_hat_workers1324.png,train,a5d512801c1c82f8d181027ff6f36bdbec9ef0c80fb4ef4b43c895988a15bf0b,416,415,15,0,helmet
hard_hat_workers1326.png,train,6d19ea71f9a3ce4ba90743586e803dcbfa10481ab68dd9af260e13ee2c787066,416,415,2,0,helmet
hard_hat_workers1328.png,train,bebdd796275a0b993d3da6b660b07f5bffd5dfcbfe1da63f215f3f0b45b5c1d6,416,416,0,22,no_helmet
hard_hat_workers1329.png,train,52a5e3287c79d931cef5d0217db4dc523cc6b3021530fd44035aa8438481a050,416,415,2,0,helmet
hard_hat_workers133.png,train,d7edb52fda86a98d992896cd3acbc3a98119530d52c282f431a2c75b2c2f7f01,416,415,1,0,helmet
hard_hat_workers1330.png,train,0b38a6f8f98aa68f0b4fefc65789817de3bc7f88038672a00d656d5dcd57585b,416,416,3,0,helmet
hard_hat_workers1331.png,train,92a8cbc582c7fc79d83bead8153f39c8db98676094dc2ea3d028637d43c0484d,416,415,1,0,helmet
hard_hat_workers1332.png,train,8d605537af2b5a795fe4c91a4a67c7d737ce39d6285a554f3efc0b1618a7480b,416,415,6,4,helmet+no_helmet
hard_hat_workers1333.png,train,c3f9b065db243681dbb3d39877765219e20af174cc477fd09f87f8e3e02f0fab,416,415,6,1,helmet+no_helmet
hard_hat_workers1334.png,train,1421c0ff8563f13b634d5aa739bd36683a696e0c0af5b415145c039669db6ad5,416,415,4,0,helmet
hard_hat_workers1335.png,train,cc1932dc007f8f374553986ee7c7857757557b21af46ed15791b9538915c39d0,415,416,7,6,helmet+no_helmet
hard_hat_workers1336.png,train,2d5c9f1cc78b67ac23f66963d58b191cf58cd9e27ec9de7735603ccd4395f68c,416,415,1,0,helmet
hard_hat_workers1339.png,train,80a2361b0efbd1904e429c1b2aabd41a35b68435e10410783c66415c36ae82ce,416,416,1,0,helmet
hard_hat_workers134.png,train,c90e475851c60d7c4a559c6b674089070cae7a5b5e57835a4303316ab9ea9fe6,416,416,1,0,helmet
hard_hat_workers1340.png,train,9722f017c21ccfe19c3781b1563e852d3664e01ed8880224cba12fa7e53f2852,416,415,8,8,helmet+no_helmet
hard_hat_workers1341.png,train,2d49b37ab9a7a4839edeb9d36e1db01831c2cdf17516fa9591733d3ef1fdefa1,416,415,3,0,helmet
hard_hat_workers1343.png,train,a5181dede2ff6ec3ba7bda316497d9732a3badaec137b82a3a9c0825126871d5,416,416,2,2,helmet+no_helmet
hard_hat_workers1344.png,train,14d236df3ade3fd4f7f0b3d64c1d56dd7848713ebfde26371a8497403ca0dbd1,416,415,2,0,helmet
hard_hat_workers1345.png,train,5c65d3ffe48f7a9a40f13967a910711bd6d3c8071637139cc50382ffec7f7ec1,416,415,4,0,helmet
hard_hat_workers1346.png,train,9669696889cfdc1f3465f5beb03a83e177e28d5142d445620dffe6c968e1b38b,416,415,7,0,helmet
hard_hat_workers1347.png,train,6a7c59a5d0fbacd71b9fd34c35d8f0aeeb4cfc78e5c6991e6c16301902e811dd,416,416,9,0,helmet
hard_hat_workers1348.png,train,21cc52d16f03c76650dd4546242fb7f957795ede4b70e103e7a9ffa8aa16006e,416,415,1,0,helmet
hard_hat_workers1349.png,train,a9815238224d168f86a52a2c8ad32e32bcef07cfe8a1be7a4ca5f6c3d18b6811,416,416,4,10,helmet+no_helmet
hard_hat_workers135.png,train,e48b2296ca408bd68cf12befc613ef53258829e44d1bb375d0ec7ce1fc5c06b7,416,415,4,0,helmet
hard_hat_workers1350.png,train,22677ebbbd22ada2c89e168831fdf314aa01f57609498f24afa8e44c856a1149,415,416,1,0,helmet
hard_hat_workers1352.png,train,cea55356e7f2f7f7bf9266c5c7b885053bff784648e6daef278eb7baea9ba789,416,416,3,0,helmet
hard_hat_workers1353.png,train,2398b18783406172bb3080cfdda11726ab00fb007e50aee09375d7f6f34a3d8a,416,416,3,0,helmet
hard_hat_workers1354.png,train,93b5193d0467c51d5dc1ad7e5479a464b8b65472661f165c0587faddc65da816,416,416,10,0,helmet
hard_hat_workers1355.png,train,d96bd87b8ffce969db53da1f6d86c638775c2b2d92859adbf2c8d2591552c8e7,416,416,1,0,helmet
hard_hat_workers1356.png,train,125827957f0e3d552891f48b67bf356e6ca71c9ec0e31bcec1847d9e366695a9,416,415,1,0,helmet
hard_hat_workers1357.png,train,4cc9e45e0972f5f60c8dd7c361f7241045be68e4e5dad2165cd1277223b976c7,416,416,1,0,helmet
hard_hat_workers1358.png,train,8ce9583e09925a75316f0673772ad068d449a27107c18d6bfac5a4ebed10160d,416,416,4,0,helmet
hard_hat_workers1360.png,train,8ebc51870dc6cee9cb27c254aa08303fbcc1ed5366b10111740282f78656ee38,416,415,2,0,helmet
hard_hat_workers1361.png,train,1c1b1e8992aade86d3381e8e808260b29a4a3deefdec6ba7bb2d1f28722fa66a,415,416,2,0,helmet
hard_hat_workers1362.png,train,26768510e7f118243e7edb9aa5e7672e5be6d4cedb61922101a80c23cc3e0da9,416,416,8,0,helmet
hard_hat_workers1363.png,train,3a161b27cd95ff031f52e53e4ddc881b19cea1eae3cce959f54ccaf76f938a5c,416,416,2,0,helmet
hard_hat_workers1364.png,train,1263f0c13dc3358ac82f858c42a5e048970f035605587bda77fbcf7f86643bd0,416,416,1,0,helmet
hard_hat_workers1365.png,train,7b7ce5cf0ea3798255bea6b25c3ea9f30f6a8a041b1bdb20425ede21bfe267da,416,415,4,0,helmet
hard_hat_workers1367.png,train,1eee6687e94cfcd843432fafadfbc39c922b7b230a32922bdbc90aa812784703,416,415,2,0,helmet
hard_hat_workers1368.png,train,5a58f6c58bb86e5cf74c3f6a3f659b531a587d041bcfc4f5e0f67e4f90a71d10,416,415,2,0,helmet
hard_hat_workers1369.png,train,7085b6d785db9970154b8d6c30f7afc3e73ddb5d9332da9d25fd4f5d68d973d8,416,416,1,0,helmet
hard_hat_workers137.png,train,14e400a75d598014e6ae39f134563a0d6b51de2e7dc4289b1d32028133e3cbc8,415,416,4,0,helmet
hard_hat_workers1371.png,train,2eb869cb09d18d0eb90eef58efe0d1fcea11c336e76b9f0be8bb86fd55ed750f,416,415,0,4,no_helmet
hard_hat_workers1375.png,train,cace5a72afc72e8c12a79f80def10876e72ae9618b8ed95211e1f359f9399322,416,416,1,0,helmet
hard_hat_workers1376.png,train,0426ed05294f54f620b0e2b8e26538ddc0474ad647f0045dbfcff8bc2fa39934,416,415,12,0,helmet
hard_hat_workers1377.png,train,c614836aaf3b19eb748cdf3aadaa7f82eff561c9c2b984ab8e2e4158ca476039,416,415,2,0,helmet
hard_hat_workers1379.png,train,c4a012411ebc1ba4e41560e005e3893e73cb9ccf71ea4e33ae1377dbb3ece5e6,416,416,14,0,helmet
hard_hat_workers1384.png,train,01a35040e16006363599f6353dd5796c0d4f9193021768b4ff489ef8252b8a70,415,416,2,0,helmet
hard_hat_workers1385.png,train,cdc0ac063bc3e01c636ff53d156cd9f07881f15267b07503650b89f9253bad4e,416,415,2,0,helmet
hard_hat_workers1387.png,train,012254f557c4d1473748fb5a995cd5d497b75029c04d2e057a21911c46df3093,416,415,11,0,helmet
hard_hat_workers1388.png,train,6f887104b8877a86f5fe9c2825a932fb330f29d52933fcf4932ae33400a291bd,416,416,0,14,no_helmet
hard_hat_workers1389.png,train,2f3fd56055e2b58c43d3eae905b8e5baa4f5d02a7c6534a94804c94c9678ca2d,416,415,6,0,helmet
hard_hat_workers1390.png,train,cd73c1a7259f020857052a36aca1bcacbc9c9181c6187dafefe5c6d1fe2274a7,416,416,2,0,helmet
hard_hat_workers1391.png,train,3521d7b47447285ab8e5c43a3139d16cdc57d5022a8c11a2e41f6ac2a9c1c2c1,416,415,2,0,helmet
hard_hat_workers1392.png,train,bfd52f40f5cea8824a1758850e241668f41a65ed0a72d29205fa7267b989600b,415,416,2,0,helmet
hard_hat_workers1394.png,train,bed23a843e5130bd2e75db5d13d4e4795560f4ff3fea010a60f88e5eacb87cb3,416,416,25,0,helmet
hard_hat_workers1395.png,train,0c32accb32d5466e7e6089a26ff909ca8d1c1e2b5fa6ed57fe9a117fc7d6023d,416,415,0,6,no_helmet
hard_hat_workers1396.png,train,0fa5e8085f6ccd3889c16d38eeb9c2395a12219d95906ea8eca7a18c08678b31,416,415,2,0,helmet
hard_hat_workers1397.png,train,97a80ebb0502f46b10e83bd57ae39f73c9e86f28d9080d8ba6ed4418430c5cd9,416,416,11,0,helmet
hard_hat_workers1398.png,train,363bd1e7d56d922eac12b2ec7e901ca33b9ad72d492cc5268f572a0e1de6b34e,416,416,2,0,helmet
hard_hat_workers1399.png,train,40a0382816c9d48da67c1ef528d661735babfc0de7be2aa030261df862c3fe7e,416,415,1,0,helmet
hard_hat_workers14.png,train,a75427320591da493bd1b24a0c165d5f0bc1cd94c62d018f0b0f4a936cb7b697,416,416,2,0,helmet
hard_hat_workers1400.png,train,14ee46dc7784a94b51f2891b061a68dbd846e824bb617250806fbbb0a7e6621f,416,415,7,0,helmet
hard_hat_workers1402.png,train,97d3e7adfa9208be689066d508a2b754e4ba6163c33624573fa6bf2890399259,416,415,3,0,helmet
hard_hat_workers1403.png,train,b7b9a2422915890ca7f985e2cd2d279ba21faa98ef990ae3ba352256d2dfb5bf,416,415,4,0,helmet
hard_hat_workers1404.png,train,a8996f0ccb5d6977790d42207686edbee68a7e11ce338a36c1265fe2cd442596,416,415,10,0,helmet
hard_hat_workers1405.png,train,05481a92bed9654612b361c41497e7e1241f15a4ffd022de0011e56b2ca20e11,416,415,4,0,helmet
hard_hat_workers1407.png,train,9ceca36b93b9a089a25e195a97c979b721fc8ca4aead2483411603c5646772f5,416,415,2,0,helmet
hard_hat_workers1409.png,train,ae7a257a43947d6825b083dcd50cbbc0f005815773787733fe2bce37ec1a8492,416,415,5,0,helmet
hard_hat_workers141.png,train,f8d63371b1aa454d218d2728139dc918a42afb4c6ff887b3dcc7b7a2c46dbf4c,416,415,3,0,helmet
hard_hat_workers1410.png,train,46c25fe6aae47ccc702fd267af76000b1c206c3902c82c06c79074cd48d4c93b,416,416,1,0,helmet
hard_hat_workers1411.png,train,dc4e7f5b9d6153903ad360bd08649d5112c0784a9b6b86fba10807dd2332a628,416,415,1,0,helmet
hard_hat_workers1412.png,train,3e1fad04c2b59b810a68207926d4685475d467548172fa93b2fbe0edea66cf6a,416,416,4,0,helmet
hard_hat_workers1413.png,train,a230a03657e873d5dbd65edc993280864c957d1c5e40148d0d619fc2fecc2e63,416,415,0,22,no_helmet
hard_hat_workers1414.png,train,15d72eea9c32dfa1ba122af9bdbcee0e4b1bba123221b2ce239d0740603dceee,416,416,4,20,helmet+no_helmet
hard_hat_workers1415.png,train,869af5fd78dc753836ec97021866c6f5dc5b293586b0a3f626871da20aa98abb,416,416,8,0,helmet
hard_hat_workers1418.png,train,6f7d5f1c2f899480538a554485fab419de564af1255d8597d3b06439c6093d1d,416,415,9,0,helmet
hard_hat_workers1419.png,train,0889d0b46b4893482e5c73d4205dec002afbcb9249873077786e23c3f85da3d8,415,416,1,0,helmet
hard_hat_workers142.png,train,90133f944534372e9bf048422e0fd72127b105d81ac2335deca784fe2ba600df,416,416,5,0,helmet
hard_hat_workers1420.png,train,0d9e092eaaeb5e22cd94c7df7964df7eea7e03acd1fce62387bbd3d5021c6245,415,416,5,0,helmet
hard_hat_workers1421.png,train,66cb1be98adce91d4d575d3527acb0b0831b8bf14206490c75ae2a5112066c7b,416,415,4,4,helmet+no_helmet
hard_hat_workers1422.png,train,fadd390e196674dcc5e074ae52cbe770d623244bca7cc37d4c5929d778911f08,416,415,1,1,helmet+no_helmet
hard_hat_workers1423.png,train,e71ea758334da6e694e2c04db90078c6a51956fa1daf99aaf40b56fa46652c0f,416,416,2,0,helmet
hard_hat_workers1425.png,train,597399265db702add5dd93ae4426d0525000c6b02f4c79d9dd537f06a718fbb3,416,416,10,0,helmet
hard_hat_workers1426.png,train,efbe3b8955b621a9e253168c17778081a7fb49f03c217af18deb0bdd131a8588,416,416,4,0,helmet
hard_hat_workers1427.png,train,817def784ab80c375bed2b4c215ce2dbd4a4cbac15ffdb420ccf9209ae134d19,416,416,2,0,helmet
hard_hat_workers1428.png,train,4560ccca0c7e3c79b00b47471a6a9ff432b1fed46fba67dd357de9f4260db8d0,416,416,4,0,helmet
hard_hat_workers143.png,train,3cdeba7c67bbfab92edb7937d36930b2b80045f7da65529070d17043c9299c60,416,415,5,0,helmet
hard_hat_workers1430.png,train,18a602cd3ac8d060d04733507ac2d0cbd0cb040185a92abe2b351f40403cc92d,416,415,2,4,helmet+no_helmet
hard_hat_workers1431.png,train,71765c7ae6a9617b0c4d58a53436fe85f6c5e973cc11cdc2c2939d20370228c5,416,415,7,0,helmet
hard_hat_workers1432.png,train,d2ffe95cecd8a9d411bd98775562bbffc79139d3fa28f74646acd230c0afc7d8,416,415,4,0,helmet
hard_hat_workers1434.png,train,34889bcc919bc5ba3cc552b846cee0b421bb567c211578247e9738d13603ce06,416,415,2,0,helmet
hard_hat_workers1435.png,train,7800ae7fd89f8ca5c4ba6e5c14f600a37b94e587f11147d8601e611a056c515a,416,416,2,0,helmet
hard_hat_workers1436.png,train,a93964b88b59a3c42c6bc261c1d31f70cb001af97d49a0d762c6edfe114f50bf,416,415,2,0,helmet
hard_hat_workers1438.png,train,bda373fcbcbfbd54c9e9acd12004c0d761f7edafe3e5aa6553e643df6cba844b,416,416,5,0,helmet
hard_hat_workers1441.png,train,c48f84682a8bad72515d49d267151a1cbf37fb211c563f55914dcb6141366710,416,415,3,0,helmet
hard_hat_workers1442.png,train,b53740f9dc578ae5294867765f2a4bc4ade413dfeabb6582649420cfaee387aa,416,415,1,0,helmet
hard_hat_workers1443.png,train,eef31d2426a256f84209cb4a4bee9b50409c57ecca61a76248a589f07cfbef24,416,416,2,0,helmet
hard_hat_workers1444.png,train,aead69d097ed229748a83ad6f73dbc9f68d164127d263d20d45205d74341827a,416,415,21,0,helmet
hard_hat_workers1445.png,train,48346247840c69a56fae027e42469393f178d54d6d6f937891144558df77c112,416,415,2,0,helmet
hard_hat_workers1446.png,train,fed32cc652e6f70d595dbb5056f7e890a76c58911ba8d0c2b96cce1d46807d9e,416,415,4,0,helmet
hard_hat_workers1447.png,train,e3d76357165a6501752624dc53a0ee4ec8ed9ffbcb04595e5f0d64f42da512b9,416,415,2,0,helmet
hard_hat_workers1448.png,train,14e753a788b4ea3c4594734985224a2e7da1e4fcf379f34f3d23a9042d794186,416,415,6,4,helmet+no_helmet
hard_hat_workers1449.png,train,f940eee96c3a3fb5317f5b6d1e8a336d70e617556ff7d309b21fda9b5d5520c5,416,415,2,0,helmet
hard_hat_workers145.png,train,d9ee95802427a75e084fa421bfa237d988c45fc9edd2050485272ad1d0732886,416,415,0,10,no_helmet
hard_hat_workers1450.png,train,dd422876ea09e4478cb71853c9d5ca5f61e6488ca73cc1d8d4568e525cd2649b,416,415,1,0,helmet
hard_hat_workers1453.png,train,7eef68b078ce1465d0fe53bdcd971ce3736f85c380fa04515a1f1044b5e10c28,416,416,7,0,helmet
hard_hat_workers1454.png,train,4a450935b7dcacd5f69188916efa5cd735b31c7bbb8b15b3bdf48a4bdc7ce0d0,416,415,6,0,helmet
hard_hat_workers1455.png,train,954aee8585a3665bab78f0221556b1b48c9529d8f089a9a8e833aa296a298681,416,416,1,0,helmet
hard_hat_workers1457.png,train,6d4572402c9f0d7b2e3d835ffbb68a4046fc86df28f52bbdf98ee77c1fb167bb,416,416,1,0,helmet
hard_hat_workers1458.png,train,37f2bcb509cd92bf33b289768e9e89978d0985d17b7a94d98d3b4ae769d23c33,416,415,4,0,helmet
hard_hat_workers1459.png,train,6415a6142891477cc7e46f483cda7b7592f681ab128279fc8a8efe7e7bf2a05f,416,415,5,0,helmet
hard_hat_workers1460.png,train,1af3359b15ca803c12f353070e0e3bd3be16ef83a671d1432573b6f226de6765,416,415,6,13,helmet+no_helmet
hard_hat_workers1461.png,train,4f073ab3063e91d5d2c2aba811b60cad56cb53b88009adb35cb7cc92c5803faf,416,415,3,0,helmet
hard_hat_workers1463.png,train,a354d23c73d5adad4edb7f1777f2f73d728c8617f337e7b6fe3a2420384df91c,416,415,1,0,helmet
hard_hat_workers1464.png,train,5e9636e24add0603a5a41393975df636d8186bf632bf2f862a2b36a167ee3117,416,415,1,0,helmet
hard_hat_workers1467.png,train,86b76e55b853ec02c2852e5db1cb029cbdefe42bd68f705af269733c1bbaf935,416,416,4,0,helmet
hard_hat_workers1468.png,train,96b62e238c01a2064bf17e21f6f67e423c265aaad4391a52c167b35513b21215,416,416,3,0,helmet
hard_hat_workers1469.png,train,b10f25b1490eae90ddfed201b2d0f5225c7a71a878bff99d56390a7177bb1f5b,416,416,13,0,helmet
hard_hat_workers147.png,train,6e4b3c1c1c21403fa6bd3d44ee56a366f914f7033e31f669a2cde75f3de11d73,415,416,1,0,helmet
hard_hat_workers1470.png,train,2f1f164a85251fb809f428df2e9bd7f7f0af7bb6aeb7c90e1f0c12c68db9947e,416,415,4,0,helmet
hard_hat_workers1471.png,train,af10f851bcd6fa1e0be1aea7e6e44c7146bc07a888ee87bc8a57933f2a636093,416,415,3,0,helmet
hard_hat_workers1472.png,train,ef2d9cd3a3f196cf0d732ebaf73882fb4cc4d82f588c542983e612b0d1ca9b1f,416,416,4,0,helmet
hard_hat_workers1474.png,train,8b4556641af59bbfc94700d866b342f7f7f89ee49a631454296d6a0e490501d7,416,415,1,0,helmet
hard_hat_workers1475.png,train,0fe9ea5edffdbc8db2bc05da340670a1a42bddd42fe114880b7167a3035fc6bc,416,416,0,16,no_helmet
hard_hat_workers1476.png,train,9cf32736ead75ab4c8ed912e075ddc9aaba8e117a9a15b1ecb3fb2945ca25c1f,416,416,0,5,no_helmet
hard_hat_workers1477.png,train,d792f21de364cec50894091b698fbe0ef4ca15085e4025e2c318c79190c92c66,416,416,3,0,helmet
hard_hat_workers1478.png,train,c3357be706aa0ed5cc012e2b7ef812e43945fb32159ef8f613be9881c691373f,416,415,5,0,helmet
hard_hat_workers1479.png,train,8b6397e79c9a58d5f6d8942cfde3f0052ee84036649a619cdd2c4baccffbf3ff,416,415,2,0,helmet
hard_hat_workers148.png,train,dfd7000bb09345d5433392ffb0d72936404951a2063df34a394deb56c2320000,416,415,5,1,helmet+no_helmet
hard_hat_workers1480.png,train,4f83be350aebdb7cb167c091f69e20e7bd1d91e4c2e4dbbdca0499d89b19d632,416,415,10,0,helmet
hard_hat_workers1481.png,train,a8d3dff5be070f0b1836bdc9ed86ef946cf9af8d5e1a3d2fbd75fc516b82918b,416,416,10,0,helmet
hard_hat_workers1482.png,train,e38240ccc92ac7e4553fd6a6360ac8d4693e0f9e228f428592b7ce72ab8098cf,416,416,4,0,helmet
hard_hat_workers1483.png,train,15587d20cf0e90799c75a7e6222efd7581a92d7b639fda94f6ee37f447910be1,416,415,1,0,helmet
hard_hat_workers1484.png,train,2d37e7d21aba051dbfd76bb6608c3279a2763a7fcb5076aa0bfcb2ea0d1f4ebf,416,415,1,0,helmet
hard_hat_workers1485.png,train,5fc609c504c5f4dfe5ba141754ed7f11ad80779023208bf4c3b1baafd85b6961,416,415,4,0,helmet
hard_hat_workers1486.png,train,2db09b1444fac2d8bde2898005fe4891d417167c966e3e23717f687edfa48eec,416,416,2,8,helmet+no_helmet
hard_hat_workers1487.png,train,cf58e27bd4af8e98c062a5bb15b798749dcf6a714425dc3ac367647029ff8ed9,416,416,4,7,helmet+no_helmet
hard_hat_workers1488.png,train,dc9d6c6d14976e723a445bca89e3eff5e68edfa6da39cad812f42940b761533e,416,415,3,0,helmet
hard_hat_workers149.png,train,211d92bd4ae8ed19eaae32ee1cecacefeef8ade7c89414ad3fa5774ac6391003,416,415,0,9,no_helmet
hard_hat_workers1490.png,train,f029ae62836012696fb79f61c67582326c030823b2678d6d66a21492229a5310,416,415,2,0,helmet
hard_hat_workers1491.png,train,b0d6840bb2f0f051c5a100ed48dd4f895a70eaf920bfdf1f4c0c737622abd31b,416,415,8,0,helmet
hard_hat_workers1492.png,train,518f3bdae8cb74bda95cb7624ba6da81e227aeea8c334b55d347c550ca8be520,416,416,2,0,helmet
hard_hat_workers1493.png,train,48a7d3ab4f928366fd16573d140989d20d4a6311bd6339c6f4d9bb6490a3de16,416,415,3,0,helmet
hard_hat_workers1494.png,train,4d0a4654993fe5d91134c995e93dd87929f2bc99617fc62e9c8486137f5cc1a2,416,415,0,8,no_helmet
hard_hat_workers1496.png,train,9b35474595507eab6c601f19e5d4fb6e7c935087903cad60ee8f6d8625c72e30,416,416,4,0,helmet
hard_hat_workers1497.png,train,65cc5eb8341ff0e56ae4888095a5989ac191fe2adf02fa9e81240ee086523ea3,416,415,1,0,helmet
hard_hat_workers1498.png,train,293dea90ec47a56bbf02888b236b22b0c50c1c8f4d115dc0c978f42642b02bd1,416,416,4,0,helmet
hard_hat_workers15.png,train,dcae19a63b72f11fc36d723df33949cba47f14765e794308cf9e7bcbe2eeee44,416,416,4,0,helmet
hard_hat_workers150.png,train,c7142c1fcea21887d8bc674ea960c2f6e4c9b3ce2f2c368ec59c064d2264c050,416,415,9,0,helmet
hard_hat_workers1502.png,train,0d3f85040b6f04f0276d6ab97fe8a24323ce68ecec6bf9de6dfc5e13d9b6d357,416,416,4,0,helmet
hard_hat_workers1503.png,train,613cac75f78e3f7a94b22f9334cdd902ca96061d1bf6c9c71267c5b46d0e3549,416,416,3,1,helmet+no_helmet
hard_hat_workers1504.png,train,5c5197aab8236b47df051f1b0a830c912e03e7e15c2ba06f1e50bc3733a3abaf,416,416,3,2,helmet+no_helmet
hard_hat_workers1505.png,train,290b102d5de386d1a14d3978f4c7779a82a2117e9286ac9c9335f2550aec195e,416,415,4,0,helmet
hard_hat_workers1506.png,train,cee62c9e6ba7833fcae0046c5eb4b88717797247e79785961838630d492b6d86,416,415,3,0,helmet
hard_hat_workers1507.png,train,2e732c68f0b1e4ff1d7ca718204bd54b249a8404704fad3494dd91145bdaf862,416,415,0,18,no_helmet
hard_hat_workers1509.png,train,aee5e9199ff76c3d55853c2883e8c2ccb5c594fcf48d83c6fbb40a616f63b19b,416,415,2,3,helmet+no_helmet
hard_hat_workers151.png,train,5ddc56758ee766815d7a2cc69d2451c4d883548faaaa3bb18b0f4d5a82e5d3ca,416,416,4,0,helmet
hard_hat_workers1510.png,train,7c25a8bf89dbe8f97ea66bbfd4b569e86cc7371fc82f8845127d921c5922b188,416,416,7,0,helmet
hard_hat_workers1511.png,train,fb07391d4c973d1b7b44ce39e6e5624cadbe14c8efd70591a66420720b19b6c1,415,416,2,0,helmet
hard_hat_workers1512.png,train,6cb9fdb972d0ffc9c18f380e938505b2922ae801b93715fd5df0d296dbf00503,415,416,2,0,helmet
hard_hat_workers1513.png,train,5c9cf3d99cd6d131496557fde77a5792072f8bec84810e816c775707c4df2554,416,415,2,3,helmet+no_helmet
hard_hat_workers1515.png,train,ca885a2ff7384293f7b3193f689c3251c8486efff86df203461ca18cb9bfca86,416,415,17,0,helmet
hard_hat_workers1517.png,train,fb6aa098f3e589faf462f3be5ba60290251a7c75d4dfc407d5fa0fc3e4b494d3,416,416,2,7,helmet+no_helmet
hard_hat_workers1519.png,train,1f4fef79767e18abd580c10dc7126b34ef8fce8f388a21fcfacae5c532f66488,416,415,3,0,helmet
hard_hat_workers152.png,train,8d3f5fb87d433186fe68d2c606846b971bb399a8dc76d92775c47ef07e7305f0,416,415,5,0,helmet
hard_hat_workers1520.png,train,04f9aaf57b3fbeb961f858642f32d52783fcb9e2d99c2b0df9f101824e584239,416,415,9,0,helmet
hard_hat_workers1521.png,train,c3baa8cb1e68c7a54e0d9c8c67faa9b959a25a2591084a1e9a8a362397ac3ca4,416,415,2,0,helmet
hard_hat_workers1522.png,train,6a3f98696319e7ce3149652807cee3dbdfef9f43cad001cf6f887e1f13df641a,416,416,1,0,helmet
hard_hat_workers1524.png,train,a1e45168cf891a7c8c9c40f595824061975c3f3ab6a73929619fc0497b6a37d9,415,416,8,0,helmet
hard_hat_workers1525.png,train,c00d4b1408e3832a1197cad2cf01b67fd5f7a795398684ba1e05ad6ee27fb906,416,415,6,0,helmet
hard_hat_workers1526.png,train,615e70af6106f726cc6d0a02e4e92549d2a059f9f7a19c564473a3e9eb51dc70,416,415,9,0,helmet
hard_hat_workers1527.png,train,d727bc19e042a56b56733610f99ebf7118e80919fea30fb22c38478a47ed5322,416,415,2,0,helmet
hard_hat_workers1529.png,train,2f477725de2465d99fc63d77bde86c1783d1349934523548854ba7f696b7162e,416,415,2,0,helmet
hard_hat_workers153.png,train,791cd47cb416637f560622eb499783b402b0cec7ab7fa2fa2931d08e3a9da93c,416,416,4,1,helmet+no_helmet
hard_hat_workers1530.png,train,f3e57d3af78cc78cecae8f69a6d57e3480336381953db0a0d7f4ef144a77ee67,416,416,9,0,helmet
hard_hat_workers1531.png,train,9157d9352ce2e6cfdf14cab4067aae6d87e106d7037566320bcbb7e3e9b6236a,416,416,5,0,helmet
hard_hat_workers1532.png,train,d0a3476bcfd3efc0515d21a6b003e548bef516d21c38f75b2ed489a55ebf0d8f,416,416,0,4,no_helmet
hard_hat_workers1533.png,train,c2c204740e2c9cd862f707396fc742a698202ac39fc7c1d077c1827eec009b4e,416,416,4,0,helmet
hard_hat_workers1534.png,train,bf1733d972ed0f268d2ea70464a62d3d5f1fa1092441d1a60382f5412849c33a,416,415,5,0,helmet
hard_hat_workers1535.png,train,b921ab04fba4feb87bf89cba41c8820606573cf9c4dce89b8ca0bff5e59f63de,415,416,8,3,helmet+no_helmet
hard_hat_workers1536.png,train,26e3ad85730c0796ecf44c4555fbc20a727790fe734c1b8b595d91f78266e7e5,416,415,10,0,helmet
hard_hat_workers1537.png,train,764ca8c9466409f7d38b27f521845c3c0ff9515c52753c5348fe3325fed0168c,416,415,1,5,helmet+no_helmet
hard_hat_workers1538.png,train,e88a80d06b9136e44e360117219a74a7a8fbe5329f331350db15a95eff6e7891,415,416,2,0,helmet
hard_hat_workers1539.png,train,c2c0f55228011763a482933ebe203ab0d8e527421eb15f890ec80b811557c7ef,416,416,0,9,no_helmet
hard_hat_workers154.png,train,39da0a7e2e5211adae2487026012b51c5035573d8f07051d8c5fea08b3a7d348,416,416,3,0,helmet
hard_hat_workers1540.png,train,e7a418d6ca1874dc4069e937dc4a43734d53cc493d2972df4d796f92e1d3a5c0,416,416,5,0,helmet
hard_hat_workers1541.png,train,b9c54f104315b9d7c24bee31d33011c32ce1031ee9338a1cd8904c71e49d7438,416,415,1,0,helmet
hard_hat_workers1542.png,train,b3d302c31b97929dc57fddbddf80b7239872af3911901d6a9da116c1956b77b6,416,416,6,0,helmet
hard_hat_workers1543.png,train,a5f15e16021a12c4319b85e68d2f73e51db61f3d23133b5cb270de1bf9ca0d14,415,416,5,0,helmet
hard_hat_workers1544.png,train,28bb9178d87c99f2840790470269de13c8ef4844ca21053777a25292b41264d2,416,416,5,4,helmet+no_helmet
hard_hat_workers1545.png,train,ac8d79faabedf2320a6398cb1ed3ef08377180879dd114a8aea39da7b2ee2601,416,415,2,0,helmet
hard_hat_workers1546.png,train,08fe634f4bb4f0d62f81fde8845e8ed5d80d95c85fce787b84e007e3580d44ee,416,416,3,0,helmet
hard_hat_workers1547.png,train,2c6a1ecb620439b63134bb293abe17ee73d83637982c9bbed67c6eeb96b1a9eb,416,416,7,0,helmet
hard_hat_workers1548.png,train,cee8e4d0f40b598f5f1c90042adcb37211dfd4fd0dd9571b65e60d2bae0e9472,416,415,3,0,helmet
hard_hat_workers155.png,train,4bc897fdd23fa0d922d2781a298e3a9d6b837921a36b01766dde643e723d20fe,416,416,7,0,helmet
hard_hat_workers1550.png,train,ae4c3d8bb90682d320017a4442bea2a4b277ff9f8224d04969630926b4718b46,416,416,8,0,helmet
hard_hat_workers1552.png,train,fc4cb9fc86274ac08181c592da17064f5936d57f16863f278f482dbda5e65f69,416,415,2,0,helmet
hard_hat_workers1553.png,train,6f91c7b86b90cb058fb15c73155a72b6d21e70ed8920ae413a6ff7df9859700c,416,416,8,0,helmet
hard_hat_workers1554.png,train,43a4693b6d09972a93d785456e613b8022bdbd4b6f1c8f5544f2f102987f1c49,416,415,2,0,helmet
hard_hat_workers1555.png,train,b8de066554a09ff7a8863b2d3f8a1686c3d27851302ce4dbeaae266941ca87f7,416,415,6,0,helmet
hard_hat_workers1556.png,train,74425f315a3e98da7357462ab7a6dae93a31d00a58f32569fdc9e6879c813848,416,415,3,0,helmet
hard_hat_workers1557.png,train,b1636fc2bbcb021202b35b77aeeefe93c1f4d18d3ee20603d0fd3322c4a010cc,416,415,8,0,helmet
hard_hat_workers1558.png,train,58f7197b2ca824ae749e965dac6c49fea7ce22f3bae7cabb99ebd4c4e26753f7,416,415,5,0,helmet
hard_hat_workers1559.png,train,a1d2548d9399b41ae6ab726f40e24eb11fd5fb488f0bb922dc88ede5ff89dede,416,415,4,0,helmet
hard_hat_workers156.png,train,04ba044fe43163a178b75be0095539d9a02702c802c5d7b401a2bb43f60710a5,416,415,2,0,helmet
hard_hat_workers1560.png,train,97d2b60dc13f995ea4edc4a6b94881afd58b5aeeb77f0cb07389e970a707a19c,415,416,1,0,helmet
hard_hat_workers1561.png,train,fa5d1992cfc4048b18103722d218d77308beb5322029b754e42eae2052f9da51,416,415,0,10,no_helmet
hard_hat_workers1562.png,train,302384dc2ad6b3a798d06401faa2da2c86b2bda2b3d9d6c3af8420cacf607bfb,416,415,9,0,helmet
hard_hat_workers1563.png,train,6e2edd4fe76d10afd608f9acecc029553c36124fed8256c4b0e18d925e30e27d,416,416,2,0,helmet
hard_hat_workers1564.png,train,3cc4825eaef1b1ccf26baeb39d1f5ee625a046c8e268d34db153c2af9ef9d4b1,416,416,6,0,helmet
hard_hat_workers1565.png,train,7a2a5fab512dd660cd68b5b203bba2e8cc6c56c5b16ad8a5804d563e1bf26621,416,415,1,1,helmet+no_helmet
hard_hat_workers1566.png,train,ac97c16adde2e54f878cc64ed8d38990b28630f4f6737417f93ab7e02f4dec40,416,416,17,0,helmet
hard_hat_workers1567.png,train,ff8e1dc07a44c3b9da49a0d083cfcf7b1600cc99fed8b10154671b7cec357d48,415,416,1,2,helmet+no_helmet
hard_hat_workers1568.png,train,647dc17a641af2d8458af7ea11d3102c5eaf07ca46514881404c9f0ff9ce1337,416,416,4,0,helmet
hard_hat_workers1569.png,train,84468a3f1a3b763d6a9ce8b7fc8c33c3d5d276a327ed66e6e663648a561761da,415,416,4,0,helmet
hard_hat_workers157.png,train,5fa0d12fd3545812863f92fe20d1bc18b6fc8b4ddf4f55b4c05390d5135e124c,416,415,1,2,helmet+no_helmet
hard_hat_workers1570.png,train,351ccb63a643ff90b1fcc3a8bc77e17701c61834d5bd5aa6f5b229ed6e291d9a,416,416,4,0,helmet
hard_hat_workers1571.png,train,2780a4a20ecfd82f99b231299256b948d2dffbf2d818bb25d9fa7ad8d3211176,416,415,10,2,helmet+no_helmet
hard_hat_workers1572.png,train,1d871bd88d827512518453487fa4d19435a129c3b0b77eed87805315675fbd61,416,415,1,0,helmet
hard_hat_workers1574.png,train,3be92e8ee01b340a20775792a49c17da9155f33a9eed5c8bb14e1e5ffe8e5dcd,416,416,4,0,helmet
hard_hat_workers1576.png,train,48716767d8fe61e0886db18d7261fbf00213cced36db28a832a1456da3142143,416,415,2,0,helmet
hard_hat_workers1578.png,train,03053aeaec81a115dc4c4c45906b7545efc11273d9a7a315fb4eb892c5fb953d,416,415,8,0,helmet
hard_hat_workers1580.png,train,fbe371b481ad067fab96b975f7e1e7191a00bb1463907eed1e192e81656b5e51,416,415,4,1,helmet+no_helmet
hard_hat_workers1582.png,train,b0691745523086118fd78c196868f80b415fcdeb7ca3b8497f07f2e2fa1701d5,416,416,0,3,no_helmet
hard_hat_workers1583.png,train,574140efa5ea16ae7b99c0e203faa231643a909b9936387fd57de0b123bca148,416,415,2,0,helmet
hard_hat_workers1584.png,train,8d8c2f2fb4dea3dd68d1926dafa97ebe422abcbc6d4517851780b3e4f18267c4,416,415,9,0,helmet
hard_hat_workers1587.png,train,27cbd455e70f3677a969312dc32fffd01dd9294a44972747efb892664d9cc1d4,416,415,1,0,helmet
hard_hat_workers1588.png,train,51092b107828fd68a9d734001be3e7f1368333c510a64b86e415778d23bd8247,415,416,2,0,helmet
hard_hat_workers1589.png,train,364074dee3c58545ed9e73f1a5107c0f84b298438c4db82deeb9149d965f4271,416,415,5,0,helmet
hard_hat_workers159.png,train,6b33f1aaac186c9baf3fd5add19587388d0c28a0923846cb3df3c7debaf884a6,416,415,7,0,helmet
hard_hat_workers1590.png,train,d4356f83fcb627d357e69b0447cfc84e7d12f5b7ed75b5a5a28b3e736ab856c2,416,415,2,0,helmet
hard_hat_workers1592.png,train,2cee29318dcfb89149c84a6d186b73e3f962839089b58c48cd6eaaab05bfc55e,416,415,4,0,helmet
hard_hat_workers1593.png,train,f0dc576631033a4d8e45af24aa7f19a45d38449a437481ea86fad2b812c6b6a5,416,416,2,0,helmet
hard_hat_workers1595.png,train,fd98e59c5088f05cae10394cef5ad7c8870b13a9f2af364f075bca4d6fd70463,415,415,4,0,helmet
hard_hat_workers1596.png,train,7e36bbba3bc055df657259949881fb6789633920f5f0d18253d9d4369d182c1f,416,416,10,0,helmet
hard_hat_workers1597.png,train,483c6f2ab9267a03dfad2e905ac0719db6d8930f13b9355663aa0f683248de8a,416,415,2,0,helmet
hard_hat_workers1599.png,train,cc132a1acd2c3f4f702a623fdc595476b4b9561a110ce15ad89c13ba4e383c79,416,415,2,0,helmet
hard_hat_workers16.png,train,7f7019e2ea5eefb405e191670fccaf150a64f96dddde8e40aa4dfb256d44927a,416,416,5,0,helmet
hard_hat_workers160.png,train,3d2dbc4ed13c11af456d97bb824aae87a412f18c2103ec4644fc09542669a946,415,416,1,0,helmet
hard_hat_workers1600.png,train,04570a5bd6ba2940469d173dfe7f49ea73fb696705b2415c6b20e7d754a553ac,416,415,3,0,helmet
hard_hat_workers1603.png,train,c085c61d4729a28d01cd39e8dcc11eff6894c69ec46aef1592cf881dd3d212c2,416,416,2,0,helmet
hard_hat_workers1605.png,train,bf945d2f92d9447071157efb6bd7440f8c3eea018bb3fb5b44f8b3cebf8bfc85,416,415,3,0,helmet
hard_hat_workers1606.png,train,1ef118eee4571ad246ae89108602200ca0b68126deca1e9cd4d985ed8be62bd2,416,415,1,0,helmet
hard_hat_workers1608.png,train,d23c63d446679508b1d24838fe18f842de79930d42342bc49d4690735a0282fd,416,416,0,11,no_helmet
hard_hat_workers1609.png,train,178f490c1dfdba9296ab39e3bda3a42f02d36236d1d29d73a674aa13cf4e66db,416,415,4,0,helmet
hard_hat_workers161.png,train,0117b8d35c9ae06833bc2dae6d1490f03dbc7efb366da2836cdcd745a2b51cf7,415,416,4,0,helmet
hard_hat_workers1610.png,train,7a69084861ab990d430065c1ad8d2892c2d76de1521bc404c2477245ee72593c,416,415,1,0,helmet
hard_hat_workers1611.png,train,1e0b1079736df6a4bbe0c017bbbf4db329675c83b32a861c194598fa976a0d51,416,416,1,0,helmet
hard_hat_workers1612.png,train,101e575c24eea99592c72f2f5eca239ba012def6985a7416461c4b8b9c16f147,416,415,4,0,helmet
hard_hat_workers1613.png,train,30beab196ce8f2e6a5e958c76e1dad9f1ce2fe9f6bf0f5c069cc0a805828f119,416,415,2,0,helmet
hard_hat_workers1614.png,train,332a982e7e237b3b162eece86e833b8419f9701071b33140ade67280d96349e6,416,415,3,0,helmet
hard_hat_workers1615.png,train,7bbc13eaffa11231b32a0914dbbe5cdc453eebd03eef50d1e598fc944bcb5526,416,415,2,0,helmet
hard_hat_workers1616.png,train,1e357ba841665c333a21c4610ff3c02f1106b6d23ae9e6b4b70cbc1c3496d3dd,416,415,7,0,helmet
hard_hat_workers1617.png,train,c91c4bd56410a9a30a1269741f9e82a8831f2b01657a5c77c2af6bb0a38ccae1,416,416,9,0,helmet
hard_hat_workers1619.png,train,dfb865c9e9b227c82563b8675a67da7851a8f50ad57146bd1501f775c2c27883,416,416,8,1,helmet+no_helmet
hard_hat_workers162.png,train,8048d49a67433d80efc5dcc357a7a92b2f9da1fbea2c692c865b5fbe0fa83fd0,416,416,2,0,helmet
hard_hat_workers1622.png,train,4f9af5df39d422e1822e69190eedabb26a17c4e43c66e81c9512b61350d3dd00,416,415,3,0,helmet
hard_hat_workers1624.png,train,53bc8b184e0db52166fd1620f219f79f4f64c5f3d5d61af327e0fbe7438ef42d,416,416,8,0,helmet
hard_hat_workers1625.png,train,29b7bb43c55698a76bd9eeaac261aa3fd6401c2079760d5d9778e7525c084a68,416,415,8,0,helmet
hard_hat_workers1626.png,train,3a7ac806d947338bf98049cca73561ad7bca06cb39f27a989181d10c1b03b09e,415,416,1,0,helmet
hard_hat_workers1628.png,train,330f4e4f376658eab0d16aa6da085c7518c8f0b84cbe92925b3f8dc551555ff1,416,415,4,0,helmet
hard_hat_workers1630.png,train,be030daf98407fb7091a0f9a2b917a8615bb8642b32fbdc4f9efa5a8611def6f,416,416,2,0,helmet
hard_hat_workers1632.png,train,0b1735ec00a840fc89a1b29695fac877b46d2d93bc29b71ffc14f7a4f21cbbe5,416,416,0,9,no_helmet
hard_hat_workers1633.png,train,bc65bd4a469ca09477bafa9ffd6bcefa9b003aba6a810210244616a7d079bd98,416,415,6,0,helmet
hard_hat_workers1634.png,train,f275c285b6deb09fd4e651f7943936aaff76038206ad0893d46652388f0d069d,416,415,7,0,helmet
hard_hat_workers1635.png,train,7824a48766a848b994b53a9b557d4679853a82aff0d2c8d949ea00cdb0997fdc,416,416,1,0,helmet
hard_hat_workers1637.png,train,8f60d6a204558ef15cd1590fd13ee5b3addf530a3fe16463480d62f58e37313d,415,416,1,0,helmet
hard_hat_workers1638.png,train,00503c670e577ce4005d222127d5569b038a8afbb9c883a093fd8cd30879df56,416,415,2,0,helmet
hard_hat_workers1639.png,train,c2cebe70d58dbee7f4ee6ab23b19de1e1b93f642a9d862fe87ab00e1b77dbd5e,415,416,1,0,helmet
hard_hat_workers164.png,train,d3d9fd9fd76164e6a49ead4a46cbf2b27d0ef992040d9e25bd815801ea56a90f,416,416,2,0,helmet
hard_hat_workers1640.png,train,4f4acf936c26fd12ea985d6d0164323df71c281647411176006dd41a29366992,416,416,3,0,helmet
hard_hat_workers1641.png,train,5a2c9abbcd460618e1a233d0bd8a7ba7b6ce9366a261c025203a578e31046166,416,416,0,10,no_helmet
hard_hat_workers1642.png,train,cdd079cbda0df7f46db46171b825c4d7934464d84c5c91b482b4ec045e9da747,416,416,4,0,helmet
hard_hat_workers1643.png,train,9791319fa66d6eb113762c3a3e27f52f25d03689c3a8ed86c80eb757dcf51de8,416,415,9,0,helmet
hard_hat_workers1644.png,train,d7367dd0e496722c7a5a01b7610690da7bb8a7041fe5e06725defc9f51f038bc,416,415,3,0,helmet
hard_hat_workers1646.png,train,48d64a19d0f27f4d2b88558aa81ac97620a96bf166a288df5e6bd646a333b2b1,416,416,9,0,helmet
hard_hat_workers1647.png,train,ee0cac6ce4a38ae5e099496f7414e31732a5fa1ebd596edc4fd8142062943536,416,415,5,0,helmet
hard_hat_workers1648.png,train,4d9ae9411544ea8ca3428d9b3fb7dcbd02ae04b4bcef3bca6a22da1bc1df4163,416,415,0,12,no_helmet
hard_hat_workers1649.png,train,74dc6c58db2fd032dc077ca3e8e69723f44390dfd4ed1e04ebb70f96dd2fcd21,416,415,4,0,helmet
hard_hat_workers165.png,train,aa90bad5adbc528e19eef79e89a982f84dd630cbd49125757d3d2b0693972cc6,416,416,3,0,helmet
hard_hat_workers1650.png,train,410b6710d1fac3acd8293fe51f3a00702272450ba281936baa1a175372fa2f7a,416,416,1,0,helmet
hard_hat_workers1651.png,train,10fd9f730f4e6f2a2bc4d27d7d7f9d1ec18d9457491b0a41e12599dff70cef45,416,415,2,0,helmet
hard_hat_workers1653.png,train,c9c1ccab0bec461830d96477c74b9501c6bce9431018b4fc42e6bc3f8afc6772,416,416,2,3,helmet+no_helmet
hard_hat_workers1654.png,train,cbd0db912da2c93b8a6777c3b4dafdd00ea8ad94b2f142f938802e165f672e12,416,416,2,0,helmet
hard_hat_workers1655.png,train,28e3880302736ab8d6fca02a62f88b42130013119382d0ee13975adf56240cdd,415,416,2,0,helmet
hard_hat_workers1656.png,train,c229b104569d3384fd8bb78ce0c25000511546a48b52014e4f7390d818495db2,416,416,19,0,helmet
hard_hat_workers1657.png,train,b7acda5a6dfac75cd6064ef65cddf7627622c7c18cb46fb48b353c13fed9f0d4,416,416,3,0,helmet
hard_hat_workers1658.png,train,ae2cdc1193dd809b778a113257c794a06242a2311e2368faa828cc22e8bcaab5,416,415,1,0,helmet
hard_hat_workers1659.png,train,039dc650adf3834f0f4a36cae9f2176ae1597d4b8ca0842adda0ad9515a20480,416,415,2,0,helmet
hard_hat_workers1660.png,train,691c06bab93377ab48cab5f9057d1a21fb70e74c820e572753a81ee065218604,416,416,7,0,helmet
hard_hat_workers1661.png,train,516b4b7c67a1594012c94b6dbac62bf3ffad64668a0c75802cd40e9aaee34f65,416,415,1,0,helmet
hard_hat_workers1662.png,train,0c184975855588def276687bbe2f65ff14e65e95dd8f4cd99081f0bc02444852,416,415,2,0,helmet
hard_hat_workers1663.png,train,35f2bb1dc263a26444ba441ad8c4131d7c3ff5160754b14042e409e81fb7f1c6,416,415,2,0,helmet
hard_hat_workers1664.png,train,73028b36de5c48238cebb8ed26153e372c6cec539d10fb34a3edc15717451418,416,416,3,0,helmet
hard_hat_workers1665.png,train,ec843fa0db6d2cd29b06fd1844865475243f165b3826498e548d2da96dea86b0,416,416,6,0,helmet
hard_hat_workers1666.png,train,be5bfac3e754b33a40226241c5737b2cb369fd5964cebb854e72324be2348321,416,416,6,0,helmet
hard_hat_workers1667.png,train,d06b0ec4897e8d52c20ea4dab67c24237241943137bc5d6c7c6a6686ae4db3db,416,415,13,0,helmet
hard_hat_workers1668.png,train,95fdbfb55bff96bcf023ef62f7a74d647fcf85f3b4a9a921b6fcd96110dec18e,416,415,3,0,helmet
hard_hat_workers1669.png,train,6e07115ad0709d6bc9ad1738ce644cf125e4260da0929ff7f5fbb424869d4544,416,416,2,0,helmet
hard_hat_workers167.png,train,88aa455efd33c4831e7d89009bcfdf2ec56aece415861e1d56f6b2d66173ff6f,416,416,1,0,helmet
hard_hat_workers1670.png,train,443f36c97836f295b6c84fe4e83da5b35ad83ee4ccb41051e0f4030adbe2e2f2,416,415,0,9,no_helmet
hard_hat_workers1671.png,train,f7837232d062ae4b9ebd03a8021b14200eb92bff374a308d14819a851e2811aa,415,416,4,0,helmet
hard_hat_workers1672.png,train,568a9ce54c2f90936cddbfc26835509f662531e7ce2cee1f06afda53e533c5dd,416,416,3,0,helmet
hard_hat_workers1673.png,train,0997d308c79927905f63743631a38f7361b88e37d428e18a66dd0161113f14c4,416,416,2,0,helmet
hard_hat_workers1674.png,train,3704804a3decfc304df15b7dac5d9ca3c4a901b6043c674a6ccd355184961554,416,416,2,0,helmet
hard_hat_workers1675.png,train,094c40c9cb445759001e1d359c83cead751e786600f8cd4289b352c2d491ed7d,416,416,1,0,helmet
hard_hat_workers1676.png,train,f8c104c10e25190851652e364ba0f2de7d77bcd50adac27e88b8f225cd7b8fae,416,416,6,0,helmet
hard_hat_workers1677.png,train,ab7eb9747394f631322a25d3b39d42ea0efc58395b0ef904d9897ff32ff26934,415,416,1,0,helmet
hard_hat_workers1678.png,train,c7782453b3921a115d260eeb0d3552f0f9c2b694f34e92210d0128d93255bfe3,416,416,4,1,helmet+no_helmet
hard_hat_workers1679.png,train,a36e12cac0e77ff061a21c62e5b203fbf0427c3c75618d05e41158155f41cec7,416,416,4,3,helmet+no_helmet
hard_hat_workers168.png,train,94e4058109b3ed9cfa16d7ee966082985bb8c1b453641091a529d8609292f792,416,416,1,2,helmet+no_helmet
hard_hat_workers1680.png,train,59ffcb53d7d437756f8e453d74d7e130bd7da1ec33c6d08f4561d0aab2c79bcb,416,416,1,0,helmet
hard_hat_workers1681.png,train,b2eb2e3116156fe600827742f6a081119d853e9615e9672ecab99615227a5e31,416,416,0,6,no_helmet
hard_hat_workers1682.png,train,dd74b361fa5fc5947894e7654d140958f7ed45c51464ea7bb792e431b02c0cd7,416,416,2,0,helmet
hard_hat_workers1683.png,train,335dd37efad38ca1ddbcf327bb49083be00c8fdc8f6fc38fae86f184e54a34f4,416,415,22,0,helmet
hard_hat_workers1684.png,train,6b414a3eff88cbbcea1ce271fbbd6372558c98b75cc44ecebf6472a3688500ee,416,416,3,0,helmet
hard_hat_workers1685.png,train,1d6ee5de34505e055e63cc20e98d5c539470368e46ae86e0f4ba9de872637510,416,415,0,12,no_helmet
hard_hat_workers1686.png,train,a30c634ca0dc6dc286d0edb91a551921d2c8f9abdd8905b714f53318b2306fe7,416,416,8,0,helmet
hard_hat_workers1687.png,train,2eadfaa97417b717e38279ef6d8df5b178bc17d70ce7cea8fb832edf001c6f3c,416,415,2,0,helmet
hard_hat_workers169.png,train,47f4180c0ac45fa5378d4d8e658927c39c34ccfc14350f355dc73cbea38236b8,416,415,9,0,helmet
hard_hat_workers1690.png,train,e8ffcf41f1df0a1390c1d8c98641c971f7d6f5f8cb04b10c301d21ea9241918e,416,415,5,0,helmet
hard_hat_workers1692.png,train,b33c7406b556fed2814f6e36df32bf32a81bc66fb369b13dbda674205679b507,416,415,1,0,helmet
hard_hat_workers1693.png,train,4a22f2c3f5f565594bd8b5f8f075e1157b12d14b7e479100f9bfa7c1f73aba1e,416,415,2,0,helmet
hard_hat_workers1694.png,train,c5f2b28a4414cf83f741f2115460ad246effa83678719e0738fde8b80cddcf14,416,416,5,0,helmet
hard_hat_workers1695.png,train,6226b30b77a43198c9185675a1e878d01121becee00d2c02b608160fd00bf1b7,416,416,8,2,helmet+no_helmet
hard_hat_workers1696.png,train,1dcb558b170e611103d1e0fbaab670ffed21aa2ffd110722e9f73670056a4f08,416,416,11,0,helmet
hard_hat_workers1699.png,train,cad8251f90e8f1dc39173342aa100bc11b0782b829a30708523b7b888af93d9c,416,415,4,0,helmet
hard_hat_workers17.png,train,1b94f3b5844a140ebb48a013a186c6b606256148004d4ec3fb0569c36614cdae,416,416,2,0,helmet
hard_hat_workers170.png,train,850718fadc78be0a36a522db2cde25ca3a021cfee61fe344433e64cfc5d467ed,416,416,0,10,no_helmet
hard_hat_workers1700.png,train,5992190c7d612ca795597e54886836b19f51d312b770aa60d4b8abbcfc9e75ad,416,415,1,0,helmet
hard_hat_workers1702.png,train,d7f326871a3032f568b079a34d4b714734294ffbc114a70b54e33b76ba2a7581,416,415,10,0,helmet
hard_hat_workers1704.png,train,f186bfccf1853a6d273ca5312e98fb6f8f4a503fe7c43617817671f41877b93d,416,415,16,0,helmet
hard_hat_workers1709.png,train,47710305e6f218fbf3f3f1af2e974bf7cec7bda14662b7cefb2db37fbb673d1b,416,415,2,0,helmet
hard_hat_workers171.png,train,8a12ab168c96fd8856ce40472dc3e47c7039fc27953c220976e16bd7c1817aef,416,415,2,0,helmet
hard_hat_workers1710.png,train,7e0877193309cee4ade9f217bd2a6be4334b5b67c108e0fb33a8473880e43c18,416,416,6,0,helmet
hard_hat_workers1711.png,train,c2a7e2b6df15347e69b4fbe1b15aebbb8e7cb7634307dd32b2f1432787439fab,416,416,7,0,helmet
hard_hat_workers1712.png,train,71034ccdf670d69e446a2a7dec1cfb004b54f0b0793c0bd8253b0bcfaabdd121,416,416,5,0,helmet
hard_hat_workers1713.png,train,442a34e736e05695cdd1fd457986cdbed8b1d28601045c4a69e282746a80a5e7,416,416,14,0,helmet
hard_hat_workers1714.png,train,ec4e46d99738409f92aaff124fc699ed762f057b1b9c4fb8f1b6e7b154099e2d,416,415,7,4,helmet+no_helmet
hard_hat_workers1715.png,train,8319ad9539105fb3c086744ddefaafd54890a0c7a91bd91e1fc682663a426574,416,415,10,0,helmet
hard_hat_workers1716.png,train,65514143bf2bccdfd383e822021004a807c12cacdab5fdddb61edb4e5c7c596c,416,416,4,0,helmet
hard_hat_workers1717.png,train,bef4957af1f81b0ae702c91a3641829e1a595acb3f7020e2b3ba2d3044fe6631,416,416,9,0,helmet
hard_hat_workers1718.png,train,ed8f8464df8ed746ac635f727feaca6e57269d4d59fab7f6f35849edb9eb4a03,416,416,3,0,helmet
hard_hat_workers1719.png,train,2983276209d3c774d0745e7abf3e98274d1dcc76c68e7f2b8f5ad3949521e505,416,415,1,0,helmet
hard_hat_workers172.png,train,5a0eaefb383d874744c655da58e0d131e4ed9007bfff24780c208cc6473a7b0f,416,416,0,1,no_helmet
hard_hat_workers1720.png,train,ef4f75465fae644e4a4e5654cf9654a3ba5ef0599dd92accd908bfa9e2bf4819,416,416,9,0,helmet
hard_hat_workers1721.png,train,779040d75c67418c6776a7179c795edcaaa55ac170f052b7ce560784986b581f,415,416,1,0,helmet
hard_hat_workers1722.png,train,93cf71c0211f2479a88592ed06831029a44dace8df9acb5e88fed1789333c7b7,416,415,2,0,helmet
hard_hat_workers1724.png,train,cd42f02b6ac8e50b425f05f56fb6b5cf54ce4c72aba1a4cca0d6bea86a0b53c6,416,416,1,10,helmet+no_helmet
hard_hat_workers1725.png,train,275cb2416c38f7c26f40b6d5d8d4b41d2a032341183f048b4fe81a70b8215c62,416,415,5,0,helmet
hard_hat_workers1726.png,train,d62850ec4fed121ce98f8f60c6d537f583476bec6832f12a3fa1349b82c768c9,416,415,3,1,helmet+no_helmet
hard_hat_workers1727.png,train,94c4d852840f6a40d09dc60dcc1f1ea338b12db3fb74ee18cec3c25310081966,416,415,4,0,helmet
hard_hat_workers1728.png,train,59600761ac3935b475a3c760f47ecc4bae4236dc92c327c7a7dd2ff828ec0321,416,415,0,18,no_helmet
hard_hat_workers1729.png,train,40532dc82058e4766804ded12a861851a11009d927153edda79688e401e32d46,416,416,0,7,no_helmet
hard_hat_workers173.png,train,4f95e0537196a30620e924c08226718b22b3a170948df7613a2ca51d4064329b,416,415,9,0,helmet
hard_hat_workers1730.png,train,6a36992de7d8c80060ba5f83e4887c38538fb1d60aba3afe0e03e1b2e3d00d5c,416,415,1,0,helmet
hard_hat_workers1731.png,train,bde119cd39d28c2912e78920e5ae4aa6f45060050ac3280bc543e66d051160a3,415,416,1,0,helmet
hard_hat_workers1732.png,train,756abcd7a6ed4d179a9cca978c3278c5b2c8b856c13138675163a775cc063c8d,415,416,3,2,helmet+no_helmet
hard_hat_workers1733.png,train,80d91e733e99380372583809518887550c891c383c925191f7c7af3b33ebecfe,416,415,2,0,helmet
hard_hat_workers1735.png,train,52c2094f0ed099a41fd32dacdfbbbc07e075f30321d359eb2a4d9ecdf4f866e7,416,415,0,7,no_helmet
hard_hat_workers1737.png,train,a3e181c431d779bae9f620f2208984c5fee43758a375bfb8500ed5667e60c3b0,416,416,8,0,helmet
hard_hat_workers1738.png,train,f0d82cecae34614b77f6d80f90beb292a6e60829984ae7febc941718640a498c,416,416,1,0,helmet
hard_hat_workers1739.png,train,5a98fdddca43bb23ebabebc927cb77964e4fe5e6de65a33db37bea329f306c00,416,416,12,0,helmet
hard_hat_workers174.png,train,3b4232db90ca8db65c2a7fd8b8b984809eb7616f4fddce1e3244e21402b9c24b,416,416,2,0,helmet
hard_hat_workers1740.png,train,e1956b6be0c660fc773f3a4de6c67ddfd0a1a05bd2fe08deda2a1dcef20da74d,416,415,6,2,helmet+no_helmet
hard_hat_workers1741.png,train,b430cd4754001fb462f62dc6b2fd460749b6902dd4da1b739adcb70cdac1168a,416,416,4,0,helmet
hard_hat_workers1742.png,train,a1002a4a13064bd29ec2677d0523cc4d45b4b12bbf6ba05b7e755a2fe07eb3fa,416,416,5,0,helmet
hard_hat_workers1743.png,train,86e4076c4214a8abf9c6c0da499dd81d73af47b0564446c0d8362fa447ee4af2,416,416,2,0,helmet
hard_hat_workers1744.png,train,9d2373abbc2c014ac661f3a61acf6cf12051b724d8001672cb515e01ef63131f,416,415,5,0,helmet
hard_hat_workers1745.png,train,4f59eff5696f9a50221b86d5dab68d7304c34331afe9775b1fd71bfa6dd818d5,416,415,3,3,helmet+no_helmet
hard_hat_workers1746.png,train,f8d671716b01b69bd59a5bb6460dc7632aa919e3ca0ba2860112012232788a11,416,415,4,2,helmet+no_helmet
hard_hat_workers1747.png,train,43d1eddbdda9229fe32736d76b5b2309dbe909144e4d3c982b4e426278b7309a,416,415,2,0,helmet
hard_hat_workers1748.png,train,2fdfeb3eaa0362d0b35900907515074c24a8d15be5bda645deabf396bf452b18,416,415,0,16,no_helmet
hard_hat_workers1749.png,train,25cc0715f24d09e82604ada8311fd1689980edee536e56604186f3b8755a57e8,416,415,3,1,helmet+no_helmet
hard_hat_workers175.png,train,f01f3644701b2f6ea3e8abf0bd64db936ae145cffab1987e816c463d58e45f1a,416,415,2,0,helmet
hard_hat_workers1750.png,train,4092e9587e5b132107d9dc2eaae364c644d35b58bd874ed7cf27d0b1260cae38,416,415,10,0,helmet
hard_hat_workers1751.png,train,8302c2a3bbac5120ab3e547fe1b040774ec828cc4389a3e962dbeb9dd87b62b8,416,416,0,15,no_helmet
hard_hat_workers1752.png,train,aed6a489c537e610914f6275d9c29e32ef15f5ebf62507a09013a32d2ce182da,416,416,5,0,helmet
hard_hat_workers1753.png,train,7448f25621edbe28d0bc1fd4ae8390a19547c6ade111f88fd752e27e04b25c08,416,416,2,0,helmet
hard_hat_workers1754.png,train,1b521d6cf740b07ea3297694a6d5f52657ea6041944c173e303590c89dd1ee41,416,416,4,0,helmet
hard_hat_workers1755.png,train,ec11d511611f9277db41ac22dee71961229f68434ab1c0cf5fc24d2949672cb8,416,415,0,13,no_helmet
hard_hat_workers1756.png,train,716456b4b59c2a51e7eba2ad770e605eaa279857ffcc9d9b637aa95648b0252c,416,415,1,0,helmet
hard_hat_workers1757.png,train,4a24a4e9132ca1316090a3b5c5dd6e8904452a62fcc3a6ccedf25b38a1c01758,416,416,3,0,helmet
hard_hat_workers1758.png,train,de4b58ef428158f4fde4aa314b9b809a8f8a381b3eacc8e4391f23a48b0519b5,416,415,8,0,helmet
hard_hat_workers1759.png,train,f0183893cd6406b8053653ac5971adfab710bfe83283b328fd1707cb818e91f0,416,416,5,0,helmet
hard_hat_workers176.png,train,f33c5f4a2e6002a2c52c8b3d82dec2af8911c9cee112fae0da9ca459f5210dc2,416,415,4,0,helmet
hard_hat_workers1761.png,train,cc5421fc44e2b0b276c2479668d1218bdbb86f467eceb6596eddbd31fb35fb81,416,415,2,0,helmet
hard_hat_workers1762.png,train,9dfebf1e96ca15b1fb58e7c22d8fb50b93ca558d07b33098e7ab0066748bf9eb,416,415,5,0,helmet
hard_hat_workers1763.png,train,607960e829fab05e0c45c380c9207027669815522a6f2bd8725c0b5691890c90,416,415,0,6,no_helmet
hard_hat_workers1764.png,train,074e7970a52434d5522f3dea68c304c4c4ebc22f35c115128ee147cab1c9ca2a,415,416,1,0,helmet
hard_hat_workers1765.png,train,0ad0c6c9b68aef0a939a84fcc91330120879166cb061ab17a87330930f6c732a,416,415,3,0,helmet
hard_hat_workers1766.png,train,2be9986bf5617bb06f023dc9f4042050e210f2fb08ada254575685701c14de92,416,416,8,0,helmet
hard_hat_workers1767.png,train,42cc5d3919cce5c6a50a5a49799e95ec671aeb1a73d3fbeb2497abc017983867,416,415,1,0,helmet
hard_hat_workers1768.png,train,cecc0459d1aed5a5ed76a60ef65a9452c00b1fe86a691b53c00cf73c4e21acce,416,415,4,0,helmet
hard_hat_workers1769.png,train,2aad6e8a6972c9b239eafcca25a41901411a3858054aeae53a29776335db0e6c,416,416,6,0,helmet
hard_hat_workers1770.png,train,753944bbad16415f16f000359bddd092a1e259e3315c634cbfe4dc75606c5bd6,415,416,1,0,helmet
hard_hat_workers1771.png,train,4f7bdb78d837efa3a320d72e0925b661453ab5e59f8237930c89d7af88294b89,416,416,0,3,no_helmet
hard_hat_workers1772.png,train,453e6a7dc5a1ff9f94fa0748cf1af13e5eeaf6e4d96fe4de2f7970c65789b440,416,415,7,0,helmet
hard_hat_workers1773.png,train,293105960fc64945b4e7a92a9148de9c8f30aa5e499562f9ee87da7bf141de27,416,415,0,7,no_helmet
hard_hat_workers1774.png,train,8a64fd9c9e0b4eb28ed60a1e92dd06a32ca2145b593d1e3874b848e86a16572e,416,415,0,6,no_helmet
hard_hat_workers1775.png,train,fcae5e98b9261ac5f7887cffceacdfb7ede3c7d6d444084418c076d2971a53a9,416,416,1,0,helmet
hard_hat_workers1776.png,train,01f386ae94947c6e4d223304cfcdb61d408868891264b73ac599c270cd90d45b,416,416,1,5,helmet+no_helmet
hard_hat_workers1777.png,train,ec7d970d959312d353d345977b74aa194cce8aa22d3cfac5cc90401afe271fb8,416,415,0,8,no_helmet
hard_hat_workers178.png,train,70b6d56fe0aa1def369bf98a14634c700a749f87d5202618097cafadca3b589b,416,415,3,0,helmet
hard_hat_workers1780.png,train,01e6834a4f1f022d644f435b24f1d9b2443e216f854782de94d9cb9bb289d6b2,416,415,1,0,helmet
hard_hat_workers1781.png,train,77b6038e4f9cff28e6cb2f5489df34cf0a85851e601c7a8ab8612525ead1ad4c,416,416,2,0,helmet
hard_hat_workers1782.png,train,edfa95c898f228fb7a6c78a2c4821e58f2b7012c1fdda3933dd253ade31cbe7e,416,415,3,0,helmet
hard_hat_workers1783.png,train,e8c39145a4f2d3f65a2e668088c6ffbd335c0bd7e68a9963bad17474f4e34422,416,415,4,0,helmet
hard_hat_workers1784.png,train,5bb6764e540f5cd62a22bccd8cc532491475d20d2f9b14ce3822e6fa21d6a77a,416,416,4,0,helmet
hard_hat_workers1785.png,train,6c98b18decd369a097b9869b7469f4ed82de6cbe845508a991bc717106e8dfe5,416,415,3,0,helmet
hard_hat_workers1787.png,train,64e07ed43dbdc257038fd840c74e907a167b09beb87ace9caa68415e9ffbdad4,416,416,4,5,helmet+no_helmet
hard_hat_workers1788.png,train,44aeeba3e95b33d93b765ae6f5018abcfef12ad4e5bf80f3fa950465a838a374,416,416,4,4,helmet+no_helmet
hard_hat_workers1789.png,train,76426f3267c05bd7b455c64755d636e5759cf1a54f274c17ff8dd8ced1e592fc,416,415,2,0,helmet
hard_hat_workers179.png,train,b20b9cd510ca98e874e4b91cfedd8f3fc61b62c1e68204b7b0a11b14bfb6731c,416,416,1,7,helmet+no_helmet
hard_hat_workers1790.png,train,dcc23027c279651ce9df00c157640ca014908c476e5e84a7cc7cf18b6c4d3f32,416,416,1,0,helmet
hard_hat_workers1791.png,train,0d5120e9418633907847350aab8229f85525026d84542e9d380c54f941ca2a32,416,416,2,0,helmet
hard_hat_workers1792.png,train,7eaaa804c456ef91a8e7e23353bbebdd640f9fd22aa1c140c659705336e0ef9c,416,415,6,0,helmet
hard_hat_workers1793.png,train,3ab033907d3ca92d3ac3e0e4516e57d8aae5abfb185e4c41affbf6a728aebebc,416,416,4,0,helmet
hard_hat_workers1794.png,train,c31f0942e4733b302c0f73d5264dab4553e093cddca53ea727f9702b22bafd04,416,416,6,1,helmet+no_helmet
hard_hat_workers1795.png,train,484d5ef04a457752e72bf7419c0565d40eae62787663e9e8041cbef2e25f5a01,416,415,2,28,helmet+no_helmet
hard_hat_workers1798.png,train,4f359907e2cfe3a8eb9d49939bff224da48f567482663a9fe7451da9ce3c930b,416,415,5,0,helmet
hard_hat_workers1799.png,train,ca89ae4041fcaf3b6e2f304bf431969ce3b277537e7bfdce2690501bb43a9880,416,416,1,0,helmet
hard_hat_workers18.png,train,ea69857adfc925df467894395a181ed331626e340f90b274580241814e140ce0,416,416,3,0,helmet
hard_hat_workers180.png,train,f15e16c1bd2086c8f9db94a21dcb59cdb8448bcbdcd471028a5a4925b3bf07e8,416,415,2,0,helmet
hard_hat_workers1800.png,train,c757718425245594f50d4d3f2dafdf63825bae79b1df77091436c8c74351359e,416,415,2,0,helmet
hard_hat_workers1801.png,train,fc9a969d67d7dbd986c6da9e42ca88d75147f4b057db643efa7bef766243891d,416,416,2,0,helmet
hard_hat_workers1802.png,train,d1622610caa3925fa04b579806267f8e4cffa9c16f6aba515f6c388a7d94ff70,416,416,1,0,helmet
hard_hat_workers1803.png,train,cba7091b5067a4ef0818abf739f055c69c6a3c6a851c093f680a99767d94bf69,416,416,3,0,helmet
hard_hat_workers1804.png,train,fde5dc707ac3a10beadf3be0c5c72795f575f5c97ce161823b2e6fa8e78741ac,416,415,0,9,no_helmet
hard_hat_workers1805.png,train,151f2c1449d47dc58babde4808cb4598480c39cb4651199976a1dfefd1a905cd,416,415,4,0,helmet
hard_hat_workers1806.png,train,2c93edbdc53154a1b5d6ae07877616de3c417550dbba20bfdc3e82d710e80fc6,415,416,3,0,helmet
hard_hat_workers1807.png,train,45fa3a0733f3da6972192f91844a6aadb7bb6b26f0b615fa45bcf7d8858db889,416,416,0,5,no_helmet
hard_hat_workers1808.png,train,b41049811392acf5b2648ef17534165f56cd3a5e42377adf6190fa8bed0607e2,416,416,13,4,helmet+no_helmet
hard_hat_workers1812.png,train,f74d1928062fc02e2a93e34275c8d7b1a8550ad45ebdf6177dfcc7e16130b343,416,415,2,0,helmet
hard_hat_workers1813.png,train,8bb43c8525b93dd2c0080286f516831b50c0411a9683fa13e535579931d63464,416,415,4,0,helmet
hard_hat_workers1814.png,train,fcac5172df05de01d8ea151d1d0149508a4e1e29ddc677a607143a17dca76553,416,415,2,0,helmet
hard_hat_workers1815.png,train,a4cb14ed2ae4d8730f125ebd3ecd66007134274f20f5e09e302ef3e9e2fc2820,416,415,2,0,helmet
hard_hat_workers1816.png,train,54d5b83eb6c1fd1dcdb52c28c5e759b3079ccac1a285f06f54955a7e23e87a18,416,416,2,0,helmet
hard_hat_workers1817.png,train,f0eca8c1d88f9286e7db0c45c7d937d50da4efa478fc7a7f7cc687516a53b732,416,415,13,0,helmet
hard_hat_workers1818.png,train,86348ecf1c13bf09a6c31a1a051cd0c39cb6a71f1db3eb0c43d087fa96b82608,416,416,1,0,helmet
hard_hat_workers1819.png,train,2f865b88d458123a362eee28e377fc32577fb15c45adc7bc77340899a0d4b8b2,415,416,1,0,helmet
hard_hat_workers182.png,train,b20a9a6b21bb029be3dc1d91684035c190831f11f1b12d48390ffb12d7c2b52a,416,415,4,0,helmet
hard_hat_workers1820.png,train,986f2b9f0f2607aeb3df66ce1e38431614183212f5aef05c3ad282c2ee10a030,416,416,2,0,helmet
hard_hat_workers1821.png,train,1e1a30b0475adfbca244e2fd6c5d161d3d532676e8b9969f5fa77ac8230e53d2,415,416,2,0,helmet
hard_hat_workers1823.png,train,b16078c522f4b92fc24089e238bc921222bf58e06ade3b2c52a7989b01be6ddd,416,415,21,0,helmet
hard_hat_workers1825.png,train,fd92b25dc842b95a12ec729dc617bb80d42a1246a2a3b395db4130a65fbdb598,416,416,3,0,helmet
hard_hat_workers1826.png,train,18ad3a906a90e11fb13216aaa0ec63742c674014904c62442d9cc2eb31ee23cb,416,415,1,2,helmet+no_helmet
hard_hat_workers1827.png,train,86be91026e18b9008abf6f9bfe78ddebd19951bee5caca9a7622e46856a3750d,416,416,0,7,no_helmet
hard_hat_workers1828.png,train,880f62854aa5428ef465c3268a162f6b9c34708132a570662af865142a2d7790,416,416,3,0,helmet
hard_hat_workers1829.png,train,5be242a94939e2899ffb49d24abab330210a4f068e08776b6e0f43acd82de3bc,416,415,0,12,no_helmet
hard_hat_workers183.png,train,d9875dc7f0f5ea4c7e5b30324c50dcec1f10f9a58aabb67dc5bf79e5a5d5fbd1,416,415,2,0,helmet
hard_hat_workers1830.png,train,6b473f34536b8a15bc15f03abd183f5e39908576f0fb9c45a990acb78f50135c,416,415,2,0,helmet
hard_hat_workers1832.png,train,9151c89ade7686a3f19b83c34179c1eeb5ca7818754a4f8c03f69b2ded4d3475,416,416,4,0,helmet
hard_hat_workers1833.png,train,9761219aaea44c232fa8bb331da35f28d0353008c738843c3ed55a939839e109,416,416,14,0,helmet
hard_hat_workers1835.png,train,db83d163ad8b1ef19d1d66cac98664917d7aa446f0edb37d21a9d86b8046d61a,416,416,3,0,helmet
hard_hat_workers1836.png,train,e7dd52be71e9b054d71d262882c6af558bb2cb0d21fc3b180c0be5f45524dcb5,416,416,5,10,helmet+no_helmet
hard_hat_workers1837.png,train,bd7d3591a0b22ebc99e76916d7ac014271f053d86c20a19e474e4e76ced2d443,416,415,4,0,helmet
hard_hat_workers1838.png,train,316feced80965c3db3ffa76f77cf59e77c92852b328fdda354d42d93ca22ba20,416,415,8,0,helmet
hard_hat_workers1839.png,train,e4e7141e3fea4c2f25a6cf986fa30794603736e96b6685b073f080033035cf84,415,416,4,0,helmet
hard_hat_workers1840.png,train,51097635ca5ed7da2a66157052f5e3c2c32dc3af4f419d9becd4b5dafab045db,416,415,5,0,helmet
hard_hat_workers1841.png,train,6c5df8ea454fd25b3b6b7ea29efd4abc448ff5295413baf6f5ccd96f59985fcb,416,415,2,0,helmet
hard_hat_workers1842.png,train,4a74a3d4dd5820cb017052027b5c0ad25872d815826dadda9184f777dc3e755a,416,415,0,4,no_helmet
hard_hat_workers1843.png,train,69cf1cc23ba8209b837af37616a544b567ea85d0ed6f2ab4718696cbc043b870,416,416,18,3,helmet+no_helmet
hard_hat_workers1844.png,train,f8cb51f218447b99abf5aa548b3c028dda3f884eae3d8f58cc6f85b3192a40ba,416,416,2,0,helmet
hard_hat_workers1848.png,train,c8b63a8555235323a41a38349840e1b3f84a804c0f8101ceacde0261f242c633,416,416,1,0,helmet
hard_hat_workers185.png,train,7dbe2e52f11a9c8b424ebfbe47bebc31bbd4edd2e6eec394aa69067b7565cd7b,416,415,3,0,helmet
hard_hat_workers1850.png,train,0a1ca57c03dcd1ed94ffe30f4101f606f6ab7aa1ef1ad6dc9bfe0b6337a04587,416,416,5,0,helmet
hard_hat_workers1852.png,train,7b3cf2bf008962bcf3d876c1198516b7b65c8e092d34b2bb0d0f3ecbbfdf577d,416,416,9,0,helmet
hard_hat_workers1854.png,train,c2f00f720c2beb1a677f74b0bf91be42e1faba758179c9fa4c90783253b2776e,416,416,2,0,helmet
hard_hat_workers1857.png,train,2cf57fe68237be6e2b905c83cb2148104c44f759a09c0f21f63194f1d4a80213,416,416,4,0,helmet
hard_hat_workers186.png,train,18af13397a6b5a0934943267fa9c76313e76faf8cf45a05969d60f32b0ded7ef,416,415,1,0,helmet
hard_hat_workers1860.png,train,67127cd08cd3c16186bdb88b76b18bb9f90d6c79547a1ad765858e2d4adc2aad,416,415,6,0,helmet
hard_hat_workers1861.png,train,a4c5db8dd6ec85de80c82797d93d1645394989e781424b8d20e95ee16f9387f0,416,415,4,0,helmet
hard_hat_workers1862.png,train,c0b4aee325da66bbf78d55043eb09ca8534e06ba99f71122bdc710c7e425178e,416,415,6,0,helmet
hard_hat_workers1863.png,train,ac389ac8153ebf30ec4fedcdd4bfd654fe153932e81c1cf3fd8cb5f6a6d09e37,416,416,5,0,helmet
hard_hat_workers1864.png,train,89088cbc3f28bad16fc02372c1e128a02438d424af29618ebcd785609b56a662,416,415,4,4,helmet+no_helmet
hard_hat_workers1865.png,train,7a1f02fe5e48d16b6a38586a21d6824835b6d61bc41739d7997e1d4d3d3aa1b8,415,416,2,0,helmet
hard_hat_workers1867.png,train,71b17f1a196845308ed4e15ddda4a9416d88e121361c37d8c8a52c3cb2a9af46,416,415,4,0,helmet
hard_hat_workers1868.png,train,26e8653677bb7e37bc6c1f88ad7989654ff93b8ba68fca74021a47041d1c8166,416,416,1,0,helmet
hard_hat_workers1869.png,train,17a05cba61734087f6c3396ae2310df45c5a951784c0cb6bd1fd43b2e6b5cb19,415,416,12,0,helmet
hard_hat_workers1870.png,train,eb65905230673b0f77d91443b8d0aa804e8ddd081f956bb9a58a4cf4436c2668,416,416,2,0,helmet
hard_hat_workers1872.png,train,ec003d33eef4cc5313d862da8ad32e4c1a9b2848283e4172cf2f62454acc42eb,416,415,0,9,no_helmet
hard_hat_workers1873.png,train,a654e1c01e0c34a1fdc9e5e9bdc0315536c1edd525a46b70794ab1e7b30ebbdb,416,416,3,10,helmet+no_helmet
hard_hat_workers1874.png,train,60c3bb8f276778b23fe09842f620605edebfd48eeda3caaa38e192c8090a06d4,416,416,3,0,helmet
hard_hat_workers1876.png,train,12d9b8aa27f46585e4ef1d619d9cf5c59bdbc8f2c2709a4ca11a12e0ae039cbd,416,416,5,0,helmet
hard_hat_workers1877.png,train,e3aaf6bafc82b682c3d52ac06157d90ee05c907a0c2c9903068dd5ace468a734,416,415,4,0,helmet
hard_hat_workers1878.png,train,c237e86af5cb37ac1d64ca6b07497d9e2e018172e0d1ea79d5154ea00933d193,416,415,1,0,helmet
hard_hat_workers1879.png,train,08a39ef4affb5f5d2b6e0ea1da8eb5cf703fec45b511f66cc51b8bfb1bbc691b,416,416,12,1,helmet+no_helmet
hard_hat_workers188.png,train,e2353476b0355e0bfcad988ccc5786398fae61b43c248e89f950ec743d21865d,416,415,3,0,helmet
hard_hat_workers1880.png,train,257c28972b6726065a36ee0d113dd1643793ff0044c3f840d1fbb1d5948e88e6,416,415,2,0,helmet
hard_hat_workers1881.png,train,d35b7f97ddc122f243d722c93f8588e47b28057d4e3705612141912ad23a9a3d,416,415,4,0,helmet
hard_hat_workers1884.png,train,7729a28bb96e502a3e4eaf6152310c442d5355877ffdecd32e45a85940baf154,416,415,3,0,helmet
hard_hat_workers1886.png,train,38599ff0eff2966f996f13875124cb54e62409a63d410dac25e45344f71a6782,416,416,6,9,helmet+no_helmet
hard_hat_workers1888.png,train,d5c33aaa2a131d888160584bfadd30a4b565907b5c85db26516fa896a0b06f33,416,415,3,2,helmet+no_helmet
hard_hat_workers1889.png,train,e0c82b894ad4bae70d01c43d5169d9aa4a3d444e97d14bf66d145378135326d1,416,415,2,0,helmet
hard_hat_workers1893.png,train,e0e942b93f41258821c686ca9f447f6c2b93f3c51fcc375ec9b3d1109924c1d7,416,416,3,0,helmet
hard_hat_workers1894.png,train,da2732cc2988fec06adb385317c5b87dd8b0dd77582479930ab902107447a6c9,416,415,4,0,helmet
hard_hat_workers1896.png,train,2a278a8897211a4142cb907e96fb474839131031e5bcc8c9e57306cda1079bb7,416,416,9,0,helmet
hard_hat_workers1897.png,train,e4f429f7649896dad7db5995153d06ff23f194bfd1e68e8d18285815708f52ea,416,415,1,0,helmet
hard_hat_workers1898.png,train,1c6626fb990b5428f140ff832aa15cbb442228769912387811f8c7fa01202bb2,416,416,1,0,helmet
hard_hat_workers1899.png,train,57c988877728ab5be1226239afefbfb64210a4ab29763df445815e5a034c593d,416,415,8,0,helmet
hard_hat_workers19.png,train,78c4e326a78b7b5f684804fd4ce338a5bbac15739a1f716ddb3b89f9a19aa2af,416,415,7,0,helmet
hard_hat_workers190.png,train,9d8db9b5fbeee7b45c2f7ee76489d294ded032328edc229a548efe8deb391bff,416,416,3,0,helmet
hard_hat_workers1900.png,train,ad72226e203b11ec342e1b8366d1f8e0fb8e1a7fd66df9cbd137dab4aff5856f,416,415,4,0,helmet
hard_hat_workers1901.png,train,ea040f7cd976079753aea0911913f725289692a8f4199ea767ac491304256742,416,415,2,0,helmet
hard_hat_workers1902.png,train,af913f1be08a7e7386a53859d7fc5756924c31eec8c1ce67903ff00a81e8922b,416,415,9,0,helmet
hard_hat_workers1903.png,train,90be6bdad5cf71d75e9ee5c2dccd2014f2fc83fbb2778e10ac803b19c149a904,416,415,13,1,helmet+no_helmet
hard_hat_workers1905.png,train,d1a30d63c31be6e9e12e5bf27ec4a4c11fa96558ad59e2bedc8872af106c274e,416,416,1,0,helmet
hard_hat_workers1907.png,train,e1e033be2c3343ed33d68f5c22bc4038ef03f200fc97ff7d17e477f079f41e5a,416,415,4,0,helmet
hard_hat_workers1908.png,train,c3ca43080c6ca1463f21716944170a4444e7029007a67e73b3898424b680f31d,415,416,1,0,helmet
hard_hat_workers1909.png,train,e55543394ad4b0e14bcd0da9f9ca45a153582e3c03162bd85fbb02b9e6392af8,416,416,3,0,helmet
hard_hat_workers1910.png,train,e389010eba62634f4c3d81c049908e6ae44484f8dbdf0b13ac2fecc84f1fefaa,416,415,4,0,helmet
hard_hat_workers1912.png,train,40efcf2bdeeaa18ea9778672f8247d3927582d3dd3b10f3c287857e6d781f4bb,415,416,2,0,helmet
hard_hat_workers1913.png,train,901b81761568490420ef2d5749177a43cbf621e4df6252b82282326dbb7b0fb0,415,416,1,0,helmet
hard_hat_workers1915.png,train,74dee1cf3e5804da2821e1c415e8f7d2346f66dd34f61861e42dc7d7d2b55bbd,416,415,0,7,no_helmet
hard_hat_workers1917.png,train,aad0d1632f8625b388459abaf868c29e2737c878ac8edeaff7a3520c6b18f600,416,416,3,0,helmet
hard_hat_workers1919.png,train,5575eff842e3b2475a3fb0f905dd6b1ace36b2c8dc649cee1a6a681154f046a3,416,415,0,5,no_helmet
hard_hat_workers1920.png,train,801817483236cd602af9d0d368dd86298fb533d9cbdf35ef235e5b8f3e97f269,416,416,8,0,helmet
hard_hat_workers1921.png,train,fddbd3de5385e0a2e401be6d5ed328e756a0d2a8c9c0b516828b5dbaf527964a,415,416,3,0,helmet
hard_hat_workers1924.png,train,f71e720ec66e22111b04b78dae12b24af058440fda67f132b14dc30d68138f00,416,415,6,0,helmet
hard_hat_workers1925.png,train,90b909d5ac647e9cd4c6ad3d1d042e7d295a692187d60bc83b021b1f9d15b540,416,415,2,0,helmet
hard_hat_workers1926.png,train,31f07c3edce39df5552cd4f715ccb32b390109889378faa4277fba9fe71f40fa,416,415,0,9,no_helmet
hard_hat_workers1927.png,train,ebfd6db92f9a6bab9b9d7f80b52a509e14c8a575811d17ee38f01bd61360003f,416,416,2,0,helmet
hard_hat_workers1929.png,train,eddfa7944f9e5d2f6d4c9cbbf26a44c3aa0af885f024d7d11963d20dd122a616,416,415,3,0,helmet
hard_hat_workers193.png,train,acbc74be25eb12130ca8b653d63d17495fabf5e66272e614f189f758812f06c9,416,415,1,0,helmet
hard_hat_workers1930.png,train,b284a420dc48ec92dad079f6630d292b74aeb542418d1dfafe3d392e19fb0245,416,415,1,0,helmet
hard_hat_workers1932.png,train,9b326be5fd0ba604821ca5433d84c8289daeaeda6c24b842c9ba0ffd9c62d457,416,415,2,0,helmet
hard_hat_workers1933.png,train,be3b0907afcb8f633a400d6cfd69107fa0cac2dfcb8900fec5a8842f9c77a40b,416,416,1,0,helmet
hard_hat_workers1934.png,train,24b6d3a9dd1cd8810db126d12a102ee014ccff309628cf56cf1a0666823a25e1,415,416,2,0,helmet
hard_hat_workers1935.png,train,4683f8dc86001ecf35f770fed9e8ae07787b6dc2d6bdd6c8f9f3c1eb0f94571f,416,415,10,0,helmet
hard_hat_workers1936.png,train,050d25000c0c4177526a6981c2ba6f7cf550d6570b83bc193f28f2f5e5927130,416,416,1,0,helmet
hard_hat_workers1938.png,train,aa700f7e6e242ac2a25fe8549fe625349dca598391ffce7328400736521da3b2,416,415,4,0,helmet
hard_hat_workers1939.png,train,1b5aa09640a12791edd58c15abf78e8091688798692c4567260c4283d8932a0c,416,416,3,0,helmet
hard_hat_workers194.png,train,05b0c11551933ad29ed400421b94fc0e5a8c6a6aca5ffc3aee4f122e97511414,416,415,7,0,helmet
hard_hat_workers1940.png,train,33b9b732c5668a37a3e4ceca8ccd571d1ca6fcbeddedcdbe75e68a66ea0a117e,416,415,4,0,helmet
hard_hat_workers1941.png,train,d5a709bd01fd42037e88f894c3c52a77d0063c852852addd55899224170264ed,416,415,4,0,helmet
hard_hat_workers1942.png,train,ce207a7391e2892a9341175d55c59c4293ba2bf170eb104c31834882077330de,416,416,3,0,helmet
hard_hat_workers1945.png,train,4c7f76f79c50e9aba90108db9fed395001b37641830f60621bdd25bf8dbbd9c9,416,416,4,2,helmet+no_helmet
hard_hat_workers1947.png,train,e6e22dce8d59f5b2ff421186da885fcedba2e915ee74daac9280e8f9c5eb272a,416,416,2,1,helmet+no_helmet
hard_hat_workers1948.png,train,f5504172b0c9fd1d16798fdfffcc5449a381742a8cce997cb9bcc111d8c63e62,416,415,7,0,helmet
hard_hat_workers1949.png,train,065a5c846b715dfe2fae19104fc745a011b8ea28273a6c9b9ff7ce9ad2f386ff,416,415,1,0,helmet
hard_hat_workers195.png,train,ea65a0233c9bf3f01058b8f38c77da50dc2237e56fef96ee20fec5fbf142d61a,416,415,6,0,helmet
hard_hat_workers1950.png,train,a932e9cb7cebc2c489f085b405300c394491c1679314591307c851f2d891b573,416,415,4,0,helmet
hard_hat_workers1951.png,train,9106518d039cf0184d1fcfc54a115243319cce1a14d99e05f919b855b87b3f82,416,416,4,0,helmet
hard_hat_workers1953.png,train,f9c83121e3c66c02f3f9d78e94266bd26784c19446af53fb6954c3059c7b80f9,416,416,5,0,helmet
hard_hat_workers1954.png,train,392be08eb3f1fcab6a7caaf49e8a37090862d4e2949ddbb10ef6f3d2af94d910,416,415,4,0,helmet
hard_hat_workers1955.png,train,f00e0258a977c3484b3e651366baa532dd7cc43ac8f15c3ed5c70c5c89a9da72,416,415,2,0,helmet
hard_hat_workers1957.png,train,d219d4f5c924c6750265736205fe2309314b31ff84f282d8d438d9c41cbdf37d,416,416,5,0,helmet
hard_hat_workers1958.png,train,01c8bea510244b86d0cac71a20ece6e044f2d3aaf9e35534a8b2f526fdaf0b6a,416,416,8,0,helmet
hard_hat_workers1959.png,train,dc72550429cad1582e6d77adf9937d13396621a96741fcc054f5be02943a2131,416,416,3,0,helmet
hard_hat_workers196.png,train,c26a1b3f7c6f9db8df5224096f56d176d0aeb1ad8e5b6197fff681f26a59e355,416,416,5,0,helmet
hard_hat_workers1960.png,train,f0111a50fd6c7003bd7fddbc467b3bec178a063b46c06c078ac180335d585f83,416,415,7,0,helmet
hard_hat_workers1961.png,train,470862880343b159e4eb6a057b9c8498b0588d01627747876069ba46f7589cf2,416,416,2,0,helmet
hard_hat_workers1962.png,train,d734f6393b690b03fd363568ff48bf2916edc804f7fde272f1baceec55bf749e,416,416,1,0,helmet
hard_hat_workers1964.png,train,7272138644f76b941f3ed2d2883ccb8b4339628f23d93cbbf2aa4bf352561dc8,416,416,3,0,helmet
hard_hat_workers1965.png,train,478b6bc31aca836cfd76b98772e6bb7c64b3d34eafdf0e58e61aa09e91493271,416,415,2,0,helmet
hard_hat_workers1966.png,train,b49fa4961f3302f0a377a928ceb19320d5490d65358d8c5150527d59a90fcc97,416,415,3,0,helmet
hard_hat_workers1967.png,train,0d23c7e44f1ab48cb2a17a557c217119648259cc96e5ab6fbec3a45e7e155ddd,416,416,5,0,helmet
hard_hat_workers1969.png,train,1ebf9018560a1cb85755dc414811d4b0201bfa8d1caf7da8d30cd9131113af4a,416,415,9,0,helmet
hard_hat_workers197.png,train,fd60f3abb3fbb703d4acac8f4f6ae81f6525b39a5d0731d16d74c5d64e1c8e30,416,416,1,0,helmet
hard_hat_workers1970.png,train,e792329c2466ad3a0c385e519245b5f7de185cb3f5f4203fc46b3191d0974d7f,416,415,2,0,helmet
hard_hat_workers1971.png,train,e21c51dc2d3e432619c2448f5e12919b2aedd6bd2df20704f5631f665ef81ee9,416,416,4,0,helmet
hard_hat_workers1972.png,train,cf7744447eb4be99c058bd3b1f12bbf7d045880dadec8919bbc2c12a60e622a0,416,416,1,0,helmet
hard_hat_workers1973.png,train,7cfa0d1e8c80f13a4ef54448d614b925d9a092fa2b430b5de93ce9786f5ff25c,416,416,2,0,helmet
hard_hat_workers1974.png,train,a19dc47cf9997c6d433c5cab611d087def06b8ba170691291b3136d345b2f73f,416,416,6,0,helmet
hard_hat_workers1976.png,train,f76f6ed4b63e3f8d7b4a395e8d827f06a3478a979b6d05160e51afa89912759f,416,415,1,0,helmet
hard_hat_workers1977.png,train,4e4674042da3e709c8fd81aa2ceff1527688761cab93ad0639ebb96674750663,416,415,3,0,helmet
hard_hat_workers1978.png,train,1c534c68711a5f8ef4ddfdb1fe02b6dda5ef08972e7a0c45119ae537bfab7b32,416,415,1,0,helmet
hard_hat_workers1979.png,train,037e22c11b1483b167f8fd8fe26ddde6ff7d373b6f888b9836d604db2b023711,416,415,7,0,helmet
hard_hat_workers198.png,train,0a3070922d4c7bc2ebe39191b33aa3d84f69ca84f2673201c54a705274454b06,416,415,3,0,helmet
hard_hat_workers1982.png,train,3d3f98da6738020e841c7033a6714b0f0b8d48a0c31f2f4c5f636b100f389d01,416,416,2,2,helmet+no_helmet
hard_hat_workers1983.png,train,97d399a62ca1dc78d63aba9e377baee70cf8593874c0179d221c5cd545dbef0b,416,416,2,0,helmet
hard_hat_workers1984.png,train,11be555d3d59e3c266bb3ccc0aafff10c89009fa6a22fb27d624620460c6efc0,416,415,5,0,helmet
hard_hat_workers1985.png,train,95643675b8405cf97dfdc7e21906764dc4feafdb1f3ea56c716d4688a5fd07e8,416,416,4,0,helmet
hard_hat_workers1986.png,train,8ebef75f5a25a46c12b19258919aa7b642afb7195aced1db23112fb08473921b,416,416,2,0,helmet
hard_hat_workers1987.png,train,7bcea1257afdee35d299945faa0eda7214ddb77269d402c8b6c2e01fc97cd675,416,415,5,0,helmet
hard_hat_workers1988.png,train,6a4bb9f63ceb3c34f6a7d2f3a0ca2ef27b376a042a1990d010059c412b2b3914,416,416,4,0,helmet
hard_hat_workers1989.png,train,caee9aad3037bad40a73e83b3cf89140384135c75d0c8926639d9acc11b36a43,416,415,2,0,helmet
hard_hat_workers199.png,train,28a00168ee829b8407fb0f0fc39fab2ccbd4f47c29f16f5860fc7fae23819741,416,415,0,17,no_helmet
hard_hat_workers1990.png,train,9bbaa9d006cb7cc9ba30005f5d1a8f02b1e6971c416bc3c36bdd16509d67b25c,416,415,1,0,helmet
hard_hat_workers1991.png,train,f0b4c4586880aa0492a840eeb8e41dace40391b947e0cc886be032c3faa570ce,416,415,0,8,no_helmet
hard_hat_workers1992.png,train,be95772fa08930414f2394309d5f2fbaa6a750fb03431c77c49a5d9393a90be5,416,415,1,0,helmet
hard_hat_workers1994.png,train,f405a50abef3a961c3650b665e7cbe55b16f8fdb98f83a9d1ab79d1a5e12692a,416,415,8,3,helmet+no_helmet
hard_hat_workers1995.png,train,cfd31c39510e7e716a17ac8da14825e1a66edec4102041bc4b8f9d8844015794,416,415,9,0,helmet
hard_hat_workers1996.png,train,e900b96c836a6849f9cdc808a01d6d29d274f7fc13c074b98cb22f6db48ff6d8,416,416,2,0,helmet
hard_hat_workers1999.png,train,8ef2bc527eb89d60d584b0dd1666b0c854f2e28ab1216e3b5d5b767d5d7fb439,416,416,2,0,helmet
hard_hat_workers2.png,train,2074f96cc5b778e9b8ec3ade8ac3fde31559d607f0b4a3a9a403f284027fc0fc,416,415,2,0,helmet
hard_hat_workers20.png,train,b181c01aae7bd1aaf923c60d8b956776230767bcb38e3d927bf794ad8dd3683d,416,416,3,0,helmet
hard_hat_workers2003.png,train,0188cb95dd5623aa4f97d4dff5d3760e9ca4f1cd9be108503a4b0bec3a68e865,416,416,1,1,helmet+no_helmet
hard_hat_workers2004.png,train,7c2b92916a17e031c2c588f45a46125e83c3d6e3262da74f4a99ea3f20b926c2,415,416,4,0,helmet
hard_hat_workers2005.png,train,24f1dfd18ca72787d1a6c255db6c1ef6735ba89f3261df7f98da46fd5b7e9f4e,416,416,2,0,helmet
hard_hat_workers2006.png,train,a2ed3569c05a6f93afb31480d0befeccf7dc4c15c88cc557d48a029c9d51d614,416,415,1,0,helmet
hard_hat_workers2009.png,train,e2df1706ab8fb2ea5a0cebd400a9753158f2f5eecf36ebbcb4839fed06c96fac,416,416,1,0,helmet
hard_hat_workers201.png,train,172d2be2d6921931f9ad74289d9419789a9f1c4941a41f4b92913f54091c7fc4,416,416,2,0,helmet
hard_hat_workers2010.png,train,3ea9fc45435ba222ad6810918e46a16376612579917cee1feba5a21b4d4e3a52,416,415,3,0,helmet
hard_hat_workers2011.png,train,6fe165fd51914e04e99656bd4a78f8484faed22fd51145bf1a717072102ec543,416,416,4,0,helmet
hard_hat_workers2012.png,train,5f052c1bb15013f2e74c878858708851bdbeec0524b8613a85200f06e0f7f893,416,416,2,0,helmet
hard_hat_workers2013.png,train,33ddd56d44685da6fd3618ffb2c403e9b27782e2c312b296309452d55506c192,416,416,6,0,helmet
hard_hat_workers2014.png,train,cc6c3e9f9d91c25b7417c1b13e2762dd3f0d24837fb51ff52dc57f80e1298994,416,415,1,0,helmet
hard_hat_workers2015.png,train,b8c8d32f130ac3fe536213485af50d955b9dd3c40057534ae14afd9fd4b16c2f,416,416,13,2,helmet+no_helmet
hard_hat_workers2016.png,train,9724d08d0df597ebb25e01fc8d1662d46f7b92e53c74517fd340b93284764436,416,415,2,0,helmet
hard_hat_workers2017.png,train,6df5554f4a6cd84b6b51fc910415a74271831ff1768465c6d1589af1a001a82b,416,416,3,0,helmet
hard_hat_workers2018.png,train,1b1f6f9e833416f9d83d0c7a82a231fac988e95dfe099631518f0217569b1e90,416,416,1,0,helmet
hard_hat_workers2019.png,train,1e4445ab22556f008dd2e2e62571dd44dadc34abb4e44de4ba186313abdbbaef,416,416,8,0,helmet
hard_hat_workers202.png,train,579e98a6b63383aefb9d64986d96f9114cce72229d86829eb8c09879890a08e3,416,416,15,0,helmet
hard_hat_workers2020.png,train,e4cd5e4ee8cf4c6b1b742818242093100af150eb04e159a1d3e3762e40f6f81a,416,415,7,0,helmet
hard_hat_workers2022.png,train,e7b660087c449a1b2315d88495b070d474aeb48f2a61960b1749a22f46dde253,416,415,10,0,helmet
hard_hat_workers2023.png,train,86a476fb18e449690550b6c411fa45b316489f0553150071ec46e614e9c481d6,416,415,2,0,helmet
hard_hat_workers2024.png,train,4d4380273bbc78734955ac411cee291874ab7cabf4b75132c89c778516be6599,416,415,2,0,helmet
hard_hat_workers2025.png,train,4bb43e9857b7cedd59c89ffa2c15d48e8d5e40c9009d718c995d3cbe8710407a,416,415,1,0,helmet
hard_hat_workers2026.png,train,6af3dcf8526177d80fe4bb7940a344c6863f699555373fcf4667c3ce4f8b90a0,416,415,6,0,helmet
hard_hat_workers2028.png,train,a01d8cbd4bad94ef27e2ea038f8eed0f8701a9f2ccd68cb693ac8256e60df5ba,416,416,10,0,helmet
hard_hat_workers203.png,train,47a56beaa8b8acdc66d350ace0225c6bc3616ec78dd7962049932d9dbd4ecaa2,416,415,2,0,helmet
hard_hat_workers2030.png,train,4a4a24727344409bb9ef7f761aedbb08c345516ebe6a674df5caf68c6b3e4586,415,416,3,0,helmet
hard_hat_workers2031.png,train,e51caf28b0ee04629e145f7c87d55f999c475af4fceb72275f4431a2b12920e8,416,416,7,0,helmet
hard_hat_workers2032.png,train,4514e5d46b22956f0f7b5d6f0538627624147db4fcc6a013a6c1b91d3e32dbb4,416,416,2,0,helmet
hard_hat_workers2033.png,train,06696b238f81bbfef0f19e12bfa9c1ef1273f3b752780ca851a49e2dde12560b,416,415,2,0,helmet
hard_hat_workers2034.png,train,b9f90a7e5be2e10b593d7c8170fdc384afaabb206a342fc231e810cd4f85a0f1,416,416,0,10,no_helmet
hard_hat_workers2035.png,train,90c526ea468f89537f4cd00e98b35f14750a847619b57e53a269d99ebba201ef,416,415,6,8,helmet+no_helmet
hard_hat_workers2037.png,train,39ba4b06e9a087068214e9c7559c91e2addb03a5fa97ca039451a4e2a6c1297a,416,416,3,0,helmet
hard_hat_workers2039.png,train,7430739851f77d684627c58f06beae011754e18993cbed4a6ed969cc1f7ae73e,416,415,1,0,helmet
hard_hat_workers204.png,train,d0e2b987a40ccadad8ee128a747c217a35952cb05fe656a78e8c7fd5e37fae58,416,415,4,0,helmet
hard_hat_workers2040.png,train,8595bce8eb3506ba3bf53f6ef9e39b05a13ba63e5a179aed70e0df928bbc7e9c,416,415,9,0,helmet
hard_hat_workers2041.png,train,e93c1a229b75ade44748f252081869065314d7c55f5f57e50a2ab3286b37e6ec,415,416,4,0,helmet
hard_hat_workers2042.png,train,b9e0bbf2d78f660a33a58b13eff26adea7dfd92e2a49163aaf25744153f16dae,416,415,4,0,helmet
hard_hat_workers2045.png,train,cfff45160916c4f883a0640bbd600af2b13a17376472522dec0c3ed427edc535,416,416,1,0,helmet
hard_hat_workers2049.png,train,aaf81e52e10ac589b4dbe1fbdcd3267d609762cfc4ff73bf04141ceeec4bcf5e,416,416,3,0,helmet
hard_hat_workers205.png,train,f00b6cdf2a4d8c1969cf6cba31cf4eeeebc16e0e94e14ccfdec1ab789fc87fd1,416,416,1,1,helmet+no_helmet
hard_hat_workers2051.png,train,8fc1076a458d597f6a8c0967de299579541183dfe374ae6f50978e9ee477b489,416,416,4,1,helmet+no_helmet
hard_hat_workers2052.png,train,9a6b2e5421fdbf19267586d71e46dc3d92e023326c2354f1c0265419e9d52c77,416,415,4,0,helmet
hard_hat_workers2053.png,train,cd2e0749c8d5ab7c5815e46bcf4bd0f682ccada160c632ffe80f89a4d7b49d99,415,416,1,0,helmet
hard_hat_workers2055.png,train,6224946a6d1df3ec3a44665d8c4cb1238f8d265c3c8694070117b36a1506e627,416,415,4,0,helmet
hard_hat_workers2056.png,train,2036d51d70f32380a1d74ad2323e1498dfe4dfec617688e00ec293a0e931df49,416,416,0,10,no_helmet
hard_hat_workers2057.png,train,b0b68de5a07d4157ff9166677b95d8e155b55316fc774437eb222b5416aad65d,416,416,2,0,helmet
hard_hat_workers2058.png,train,8e534104bbbe3e6b1047f8d9081bb8f9d1255b68e8ffcdb309b8ef0c51c53cc1,416,415,3,0,helmet
hard_hat_workers2059.png,train,6efb8d3b397d15d96c6769acee38c63d234f9a41787b7c5162b9867f4d0140f6,416,415,0,8,no_helmet
hard_hat_workers2060.png,train,46d0d86f1f559916c68e6bd5d315dab3969c4fbee275d2c7340e50629121e966,416,416,8,0,helmet
hard_hat_workers2061.png,train,951a58cf0b945c5601dbaaef78407e7d4bcbda984ccde71afd57ec09a5107606,416,416,2,0,helmet
hard_hat_workers2063.png,train,7b0704b0caab957659a826791973ae703963763c617cf88e6221b2d8706f877a,415,416,4,0,helmet
hard_hat_workers2064.png,train,5b8dc3065534fc1b812eb8d64f1a66ed93589af32f4d6066bd75b524b3273eb2,416,415,6,1,helmet+no_helmet
hard_hat_workers2065.png,train,463cdde45d97493eaaf20858d8c4cc0ba83642c9e518359cbfdf1de30ff3a732,416,416,2,0,helmet
hard_hat_workers2067.png,train,6b627069819c099525c91ea86fc76fe1c7526d15eecf39de916f569ba75777ff,416,416,4,0,helmet
hard_hat_workers2068.png,train,5aa6e11f2e8cb253c3f01baa3deb8948a233a77766f80c6e69fc78b9c8ed9873,416,415,3,0,helmet
hard_hat_workers207.png,train,640a928b4ab8678c31fb85803b0b0c04d6a0609d0b1b173595bf62e923f7d1e4,416,415,0,6,no_helmet
hard_hat_workers2072.png,train,c0f5f185b0c43d2da15628a2660ac609f7cce2fc8391f8a3980c9df3f070486f,416,415,1,0,helmet
hard_hat_workers2073.png,train,8fe8c8f6265f96cab7b639b505e4f294b3d13993e108a0beedd62dfb50b32fe2,416,415,2,0,helmet
hard_hat_workers2074.png,train,0aa5e15adf79506dc44c1ac0527ed3df6a64eb780f1fd64147a226235bb0b3c1,416,416,1,0,helmet
hard_hat_workers2075.png,train,4986f546af23842da5fd83f503d76ad9422ebd252dbaf133e3a8df112d40435c,416,416,2,0,helmet
hard_hat_workers2076.png,train,9a5ec4e4af8c2bbc4bc3a3e4187b96cb62780b20953a20a4184d6b0c62f8fe2e,416,415,10,0,helmet
hard_hat_workers2077.png,train,e4136c6fddb6fe61873e686cf41800de2e96c459eee1233c7c31272677c19fc7,416,416,2,0,helmet
hard_hat_workers2079.png,train,a7c808b8799f250b37f3f77c688244638a7a451ee23faed70d3de163e1dabe0b,416,416,4,0,helmet
hard_hat_workers208.png,train,f381157808aeb118d85460ea21620603e964057637c775a7965c04b224ef5911,416,416,2,0,helmet
hard_hat_workers2080.png,train,a3103c43035575a72a6ffb5f30f8acfeaa3e7b053990db6395ea0fbbff6878cb,416,416,5,1,helmet+no_helmet
hard_hat_workers2082.png,train,9122fd8cc78ee5e0a42ce6b65039df316cc43b486f4e96e5d735d40c933571d9,415,416,1,0,helmet
hard_hat_workers2083.png,train,cf3ca76e6a418ce7aa3957fb0bd7fe48af45fc32aa2253482d454f6826c2d23b,416,415,15,0,helmet
hard_hat_workers2084.png,train,799826db2ffe71ba9e6706bdd2c39c3dd8450bb95fce7389f0008dae01a44886,416,416,1,0,helmet
hard_hat_workers2085.png,train,1ad2d8ecd2072bf9456ba4fbe9bcacd039982bde045e872fbd7cc25f808039a8,416,416,9,1,helmet+no_helmet
hard_hat_workers2086.png,train,8f1db0dd7eb0fc483a5d2b7fc1f8e7fbd2f6ae870e052f03b832c18b44a7fc6b,416,415,0,5,no_helmet
hard_hat_workers2087.png,train,312167b60bc0f03608baaf2de182a043455cb91532fb325059be092554572675,416,416,2,0,helmet
hard_hat_workers2088.png,train,6f277043847fd47d276fdf0c02ec72af793406cc97174cc5fef1eafd8265ee86,416,416,5,0,helmet
hard_hat_workers2089.png,train,198e9caaa0b3112d0568e56725353add7e0dabcb6ce8c3b15ae13b5a3bca8f34,416,415,5,0,helmet
hard_hat_workers209.png,train,23caf5db4cd6ebccb8ad1f452b13726461de9e1d52184519ec3ad4b489646620,415,416,1,0,helmet
hard_hat_workers2091.png,train,c662e7b6165d56fab659b4d16b92c04ba5284e7d256f36cbae1a2a3447350fd4,416,416,1,0,helmet
hard_hat_workers2093.png,train,e34bdaad9c52ebcc742bc950d020e8a0d0ac53ad280419d822abc010a792fa5a,416,416,5,0,helmet
hard_hat_workers2094.png,train,dcd2807b9ac4ada6a9bc35b86be4a3426684f18ab2bd3f58f72018dda5e39cd9,416,416,10,1,helmet+no_helmet
hard_hat_workers2095.png,train,cfe105e826fa228a0087420556fa0dc434bc94fb3ca3d4d7b426fb3b1d5b7c5e,416,415,13,0,helmet
hard_hat_workers2096.png,train,70eec6eb8fa08810747d86674e86adbe99e8d2791c64ede7df3cfa210ea2252d,416,415,12,0,helmet
hard_hat_workers2097.png,train,de74b8b951188ff8325c7ae6d0908b710820a05788571cfffee5bef17a77f36d,416,416,1,0,helmet
hard_hat_workers2098.png,train,aede7fb4fed1206b140cdaedc19fcdf0163221655e788fbce4840d336097a27e,416,416,3,0,helmet
hard_hat_workers2099.png,train,043dcd7119459615606a3145394f45e66ece2bbed1751f2190cfd7b2eb6ea433,416,415,5,0,helmet
hard_hat_workers21.png,train,d0b8ada6595941017981fe5e1042d631909804959843e3c2687607e3d1a23351,416,415,3,0,helmet
hard_hat_workers210.png,train,8789d4530ea071182e5a81e504d4919788dd7c991bccb78e1621fe43d4aa8975,416,415,11,0,helmet
hard_hat_workers2100.png,train,c59e06cf1327f7415d1dab09d0fa09b8e1aed4ec7d70fa02b08a5fb0c6a3981c,415,416,1,0,helmet
hard_hat_workers2101.png,train,b56d5e68d48f2bd06878a4a44fbc21f9bab6e93397a55425ddc1ef9e4d17506b,416,416,2,0,helmet
hard_hat_workers2102.png,train,6e8eba438d9dcd2551b015d8acb61f64bc4e42f33b8978ca3a2c3375947db383,416,416,1,15,helmet+no_helmet
hard_hat_workers2104.png,train,18ea4600b87815f8298ead2422112ea5fbd3fb4bb9cfb38c43bede5145795dcb,416,415,2,0,helmet
hard_hat_workers2106.png,train,27d61066446d05b0843fc146d09d49cd13a4128cb84da22888c6398087a25304,416,415,2,0,helmet
hard_hat_workers2108.png,train,3497bc27a9bcea10812a3f76bbcf2d94efa224dcc0196dda0b2cb3d8cd901e50,416,416,0,6,no_helmet
hard_hat_workers2109.png,train,9358c7a012208bfc011a96dc6ffd73f4444384a7af57b913f0bef9fbfb3577aa,416,416,6,0,helmet
hard_hat_workers2110.png,train,b87b7ebe0be8d6507b3186239507c4a13a14e9d3a4553e62e8b7bafb6ee75c75,416,415,4,0,helmet
hard_hat_workers2111.png,train,f1e089da02f730d584a01eb1b8c94a684e34340936ade292bdd49be2fa4dcdd4,416,416,2,0,helmet
hard_hat_workers2112.png,train,780eca6acc3c68e7b3ccc65634efdc23cb79afd057cdb870ea7aa4bbed6d22d6,416,416,3,0,helmet
hard_hat_workers2113.png,train,b46e634b37fa1050d04f0db0337cc2b518059815eae963009068e0b46c1f7d05,416,416,0,9,no_helmet
hard_hat_workers2114.png,train,ccee43dfa03a0217c6f9d28feb39976c742d9a30d5ce993f68257dc4bd9f0a41,416,415,2,0,helmet
hard_hat_workers2115.png,train,448dcbf85b052b41bc5878374014eb90dc1ffcc0ac928e514bc2fc6514ae22e9,416,415,9,0,helmet
hard_hat_workers2116.png,train,8069c25a2c430e4e64f2496ff8cf5d5a81a270bd135d120a7f7b2b6d4dac3072,416,415,6,0,helmet
hard_hat_workers2118.png,train,ce5e7ae56ecff1aebc6694468847d40d0840ec81de7491e6d5fd6d8db404a1c9,416,415,5,0,helmet
hard_hat_workers2119.png,train,b968bf31bf067440e1594d41b828211e287a9860d104d3c323605665b1ee169c,416,416,3,0,helmet
hard_hat_workers212.png,train,178a008825cc685d62cb3a4885a3bc3e5cee8ae879ae22f0fd9b59ae74d461a9,416,416,6,10,helmet+no_helmet
hard_hat_workers2120.png,train,14568d58041c9bd6ac0d420bf27e0e4c89fdd95d21e7e3adaa1f36c4da425a4b,416,416,4,0,helmet
hard_hat_workers2121.png,train,e8eafb83b07d2becfcffa47d6a529291e7f1a75aafefb254210a3246d168f524,416,416,2,1,helmet+no_helmet
hard_hat_workers2122.png,train,33f83dfd26852dc90f2ed8807a3bf8eb4ebc94f085e0874baf11416ab9756a95,415,416,3,0,helmet
hard_hat_workers2123.png,train,70b70ac0352ffeb48948bea8bb10e6c3fe254e983fce8e1648476e595d69409e,416,416,3,0,helmet
hard_hat_workers2124.png,train,68a444fa186603c3d45c2ffd438f942c12055c043607b1fd38dbdb04b1a63334,416,415,0,3,no_helmet
hard_hat_workers2126.png,train,6916686d7aa26a0bd4d33109ed36e99ea17747da83834652d98673115ab5ad71,416,415,6,5,helmet+no_helmet
hard_hat_workers2127.png,train,4ffc957174e54dd5e1d6ef1b22aa4aeec19aceb129ac1ae11c4f333d08f16a9b,416,415,2,0,helmet
hard_hat_workers2129.png,train,6c4b0b5fe0319136e318fbb9526fcb214d7e694fecc67455e117769770adc312,416,416,6,0,helmet
hard_hat_workers213.png,train,68e9b904fdb1aa75ea1b66a3fdf37fa3d4787a7879118ee480b8bc370bef7953,416,416,3,0,helmet
hard_hat_workers2130.png,train,82793853d392a6a75ed32a942aa19872ae2d6af92be5878c5063104f5eae7c0e,416,415,1,0,helmet
hard_hat_workers2131.png,train,ae4f14cc8fca7a964a624c70cc8c2034f9cf09716ec6bb61c526438ec5b2dad8,416,416,6,0,helmet
hard_hat_workers2132.png,train,0a6dc6b9fe894e5c6871da6bf41462250f676c157c1154aded88c15c28caceb0,416,416,8,0,helmet
hard_hat_workers2133.png,train,658270dc086ee22d116156908681eb079b88f85fc280f447c17621a41ad307d4,416,416,3,0,helmet
hard_hat_workers2135.png,train,b009c26d6b7141597b6497edd60a518b08b9ddeb028a454e7efdb1fede7844b0,416,416,3,0,helmet
hard_hat_workers2137.png,train,5c15c944e1d168353add1131d9832da4e55ecf5c77135de4ccb53c0b90ae8eb6,415,416,3,0,helmet
hard_hat_workers2138.png,train,ea1e55dd7c1911beb0f810b720f470341629b0e95d93fa1e41c1478d97ba74f9,416,415,10,0,helmet
hard_hat_workers2139.png,train,0c1ba45d35591ff3e976647a9517c3572177f021e36787ece8296fd90748d445,416,415,5,0,helmet
hard_hat_workers214.png,train,f4bd88e7d9e2760e0df017c4b0b5b64cbae86620038ad173410c4ee24e5edf22,416,416,1,0,helmet
hard_hat_workers2140.png,train,de0e86ae7562dfc3d76e3cabe01e2236b999dae425dad96629e1f9b04c6b754a,416,415,3,0,helmet
hard_hat_workers2141.png,train,a152466df56b9b4dee3e9f16de7eb13ac8fd616e204e81b50b66e1aac9759485,416,415,2,0,helmet
hard_hat_workers2142.png,train,64cf9a17b8143e70ad73699588d8d3b9875ed14ff0f6f7f371aecbd3ba619aab,416,416,7,0,helmet
hard_hat_workers2143.png,train,d69c595301682e0b289ef3f2c1aca5d61a08cdc7356982c2ffde9837e41ae166,416,416,2,0,helmet
hard_hat_workers2144.png,train,bca0fdabcc837f2bf0d19b829c6e5918da9f3fb613eb5c629876dfd508694c3f,416,416,2,0,helmet
hard_hat_workers2145.png,train,12e628d8d2170b3d122c9e1a2ff3925a0616699db873f360711882078bbd0f01,415,416,1,0,helmet
hard_hat_workers2146.png,train,7ae4f2bd508e8a532c748f6151993b1202f40e24d0ffab06d5c552a7a45c21ee,416,415,6,0,helmet
hard_hat_workers2147.png,train,6cf44898ca5da39ed9e81d7386ce8dab2a3fb0289c87a1af53cb7280e68f0ee2,416,415,6,0,helmet
hard_hat_workers2149.png,train,79ec1c3a66927094108c615db477d1a840cbe4d585ab1e73648d10e4045b162c,416,415,6,0,helmet
hard_hat_workers215.png,train,1f20fc74c570d7179b58f5e0f80d8ed04e58e65f79e1fce19271e22e3b2be084,416,415,5,0,helmet
hard_hat_workers2150.png,train,e6bad7666633d2da15f2564ce92cd545cd8f1d50f3db0c46a95ffdae64808726,416,415,1,0,helmet
hard_hat_workers2152.png,train,5652b1b427c3673c5033a2f25a4255cef94b608f6fd31974cf7211f4ff73fbec,416,416,24,0,helmet
hard_hat_workers2153.png,train,36d5731002cacb853fc450a83ba0aeea00187470cfb4b7a0375cb59a8e6767d3,416,415,2,0,helmet
hard_hat_workers2154.png,train,a543579fbb7409fc01f7ff9083fd844d6fc86e6e202c40661a99c05ecbb5ec0c,416,416,4,0,helmet
hard_hat_workers2155.png,train,7a8102ddd2262f21e1a8e21dd3751ef4d9a9b9d8cd059f213b82ee602e834df3,415,416,1,0,helmet
hard_hat_workers2156.png,train,50f846107f5dc044e02349a97ee7ce21f989587e2ea70c649f0b926767dc2052,415,416,3,0,helmet
hard_hat_workers2157.png,train,05078fa54158d58840a8f98d9b3249737fc253439989a24e19a0bddac7beb958,416,416,0,10,no_helmet
hard_hat_workers2159.png,train,9536a724ed7e1d2328161a115e2c289c1d4352479fc6bc21e6a09eef1b09f22d,416,415,6,0,helmet
hard_hat_workers216.png,train,ad0bfd49e5393d067de13139b5b7701b34583d4bb3c9f90a0db8af77df699acd,416,416,2,0,helmet
hard_hat_workers2160.png,train,7438bd120ec32fcec75de085c5fe280217797aecd7fa0a50f54a44ce515673d4,416,415,1,0,helmet
hard_hat_workers2161.png,train,4b493c5de1b22a45b5545bd03e5bc4fa21d4964261d1c0a968383f57c3b1ba52,416,415,3,0,helmet
hard_hat_workers2162.png,train,10c388ff55f683e39bd9fac78191fe35897738e595ae94f438132487da48fac0,416,415,17,0,helmet
hard_hat_workers2163.png,train,2f250beb8c6c986ed95f179a5a8ccaf5f060fb6e67a33b9f7030be0c8ed4b99a,416,415,2,0,helmet
hard_hat_workers2165.png,train,08c1c2a582351cd89164931d3b8fe31b27932c2c2724a8e7c9944630a631963c,416,416,3,0,helmet
hard_hat_workers2166.png,train,bea9173a7a2ffc030a617eb32903e234d21fb2fd86e8c97734bc5a5453429ea8,416,415,1,0,helmet
hard_hat_workers2167.png,train,5824bd60afeb6f98bf35d994e1d03071600097f0f538d214473c271b1e8cc54e,416,415,5,0,helmet
hard_hat_workers2168.png,train,f2bbbc7f807a8fe13fa181c999f261741e9e94329ff26e6b3d8c7a083894a9b0,416,415,10,0,helmet
hard_hat_workers2169.png,train,2be7f1070b7b9b43ec9c048dedc6074f77ab8f5f35f7f614258da5a85804c2f6,416,416,8,0,helmet
hard_hat_workers217.png,train,008a847c43df214b1f2cf07ce64a24bb1fc3745aed17ccdfd349a717031adeee,416,415,2,0,helmet
hard_hat_workers2171.png,train,b0d170dffe7edc6b5c4ed0ac7f4b9d64e667516f8b0e9c54befa0b808eca2af7,416,416,1,0,helmet
hard_hat_workers2172.png,train,5054b9e657812d9e6d0542af95bc06010532ce10032d9c2250c3de2a58230e2f,416,416,2,5,helmet+no_helmet
hard_hat_workers2173.png,train,669498e8ec8ddb03d030d0a13cb6b4b44d9cc008931135fbd783b5fe9d21b98f,416,416,0,4,no_helmet
hard_hat_workers2174.png,train,743278683bb10ec9fee9b331ee585c590fd701c71913056d9e39268b7ff11c6e,416,416,3,0,helmet
hard_hat_workers2176.png,train,30df5b8b66e254443f6ac094c721c3f62462d818005f421c0ac8dcb93ad87e1a,416,415,3,0,helmet
hard_hat_workers2177.png,train,544d98689d5c5b71d5adf80279a711148929583630269e3df1061d542a3a0d00,416,416,8,0,helmet
hard_hat_workers2179.png,train,e05f4c1a77c890c2ea143c7798196b3c16c71486e4adb66078f630806e55738c,416,416,1,0,helmet
hard_hat_workers2180.png,train,86f9211001e2f668e2b35293f5fe9a57893c6aec3f12fa28094ae110721f4d86,415,416,2,0,helmet
hard_hat_workers2181.png,train,65a34a84b46f86825169caacb7bf97efc1d186f099ec3d909b2bb7322b280589,415,416,1,2,helmet+no_helmet
hard_hat_workers2182.png,train,a1cc619b3b5149398b9d15977872f53150db5042dd33f4d2e86c046f6dea9fd4,416,415,4,0,helmet
hard_hat_workers2183.png,train,733eb43e56f52e6a0289cd3e81ddf0d30394e65a98cad8ae8d11919902e429e5,416,415,0,3,no_helmet
hard_hat_workers2184.png,train,da1f3690080f81e77b19804b7dc48bb7f747a25af1d8ae674e2aab9e421329a6,416,416,5,0,helmet
hard_hat_workers2185.png,train,dcae47ee2463b2fb17481e99f080b57825519d0e5108cf63dc6c7d7c16fbf819,416,415,2,0,helmet
hard_hat_workers2187.png,train,df991b79b57b5d911f0960e9a60825140133c1f3c9f770d4b64e904871200110,415,416,2,0,helmet
hard_hat_workers2189.png,train,a09b032d5eecfb406a4e61e7c45fae2d90eb42d8748b99020cbac0f5be26dbc1,416,416,8,0,helmet
hard_hat_workers219.png,train,18bc880e01a44507fbc86f868cb8b14b99b2d270e1979e822267905da3757a73,416,416,2,0,helmet
hard_hat_workers2190.png,train,12e2a7a758363a46a366e3b35c591d90240bf2c6bbe090008807a74f60223436,416,415,0,8,no_helmet
hard_hat_workers2191.png,train,155e28362220a4cdaf449d9008629bad6a927cc98163247a89ef42cca4739dfe,416,415,4,0,helmet
hard_hat_workers2192.png,train,36276465def6f5789e1d18bb9c430485b09903cf4607e148e5da680b7ef17988,416,416,2,0,helmet
hard_hat_workers2193.png,train,ce3eb542756a4df03feb554aadb38e04294032b5515f7337dd6bfca494f7c77c,416,416,2,2,helmet+no_helmet
hard_hat_workers2194.png,train,71c985d327df2686f25701684ea1c560a9879e2274f000f2c02d90e6af7effb9,416,415,5,0,helmet
hard_hat_workers2195.png,train,52623cb583d778b1a9de72bdb419ab4ccd1674e214abe91e18a18da8c7ce8ebf,416,416,2,0,helmet
hard_hat_workers2197.png,train,897f2f504dd04370ca176321935a43edf07f1172768d510f1cff4be086ece20c,416,415,2,0,helmet
hard_hat_workers2198.png,train,d573fbc6b8c57047b0ca05de5deca1f841b78baefbad9e6dab7a5592740e04ae,416,416,2,0,helmet
hard_hat_workers22.png,train,ddcb7f7d5dbecb09656f1105e30f5c8b134fddf7bb33104f90e797b0b773db70,416,416,8,0,helmet
hard_hat_workers220.png,train,b09e9b4c2fa8cfa9aaa141d3bed20d7f1c5e518166f2b8c41b1b38b7ec8ac231,416,416,9,0,helmet
hard_hat_workers2200.png,train,5b82e34f4464291710af14e052c0879d9ace5aa79240df89cab6ec46c5cff794,416,416,9,0,helmet
hard_hat_workers2201.png,train,1a2115c24ce9e389f275952b83bcf39a34a446c185faf59347e644055f2bc1a0,416,415,0,8,no_helmet
hard_hat_workers2202.png,train,a42a66d1af3db04be7fe915d6641c955dcf8be79135474e5680009ce00796140,416,415,4,0,helmet
hard_hat_workers2203.png,train,e53d25f655be15c9508939ab000242bee1628576661cd872c040503bc3cfafe2,416,416,1,0,helmet
hard_hat_workers2204.png,train,b12f5748799c38a740d5b0515de683c1cfac5122af2693842c21399bbaa73687,416,416,3,0,helmet
hard_hat_workers2205.png,train,d882ff3f6e998ab22e1b5e2acd04fbe7b9e0e721abde135dfbc47b77170dc4b5,416,415,6,0,helmet
hard_hat_workers2206.png,train,5e60ed0bf18ac8942ebdd4713ffaacee30e7eb3634fe1ba026013a73571fcba1,416,415,3,0,helmet
hard_hat_workers2207.png,train,66dfe2a7c8f04d3c342613f4c7487fddcc98e70f457ce76fec8f0e9aa444886e,416,415,1,0,helmet
hard_hat_workers2208.png,train,322be5e2d1cc055e06a5e4ec1bfa44cef41abeac30adfce7d8d6f673f6183929,416,415,6,0,helmet
hard_hat_workers2209.png,train,6e0c274f9bacbdb87eea0a27798e241d026eb12777ecab4cfa4a1552436ff636,416,416,22,2,helmet+no_helmet
hard_hat_workers2211.png,train,e7b522c6be4b711591b5f2e76fead225af179a02996b7be30e2cb9e40239c6fa,415,416,5,0,helmet
hard_hat_workers2212.png,train,8b2be5887cfbcb99bbe1b6ce771bfc6f6626d0337fc7e284f070fb0a3d0f6137,416,416,7,2,helmet+no_helmet
hard_hat_workers2213.png,train,801a4ece31984e6714b98232f4013e7129fa469526093a34c1dfcc9c09513874,416,415,2,0,helmet
hard_hat_workers2214.png,train,c08e5163f345b966883f5c5f0af61cf7915349f501a19fb004adf40a3d8aab1d,416,416,2,0,helmet
hard_hat_workers2215.png,train,e1b4227bbbafa2f47783dd569d72ac25bbfe54bad1630bc33f5afcf3edf449b6,416,416,4,0,helmet
hard_hat_workers2216.png,train,7f6e23346b2c3a4a811b7a1761fd5f31bd1a5155cb94f6a6ae33ceff2ba4b71a,416,416,1,0,helmet
hard_hat_workers2218.png,train,ec72c832376eef0db2f437e1a2e793ee42e79f28bb9c1a25a4a8c55cc5af8e4a,416,415,4,0,helmet
hard_hat_workers2219.png,train,29600551cacfc1426fcd31357afdb190e3c2474f65b6c222f879d4cde6f14d80,416,416,6,0,helmet
hard_hat_workers222.png,train,fe20b64f7ec186cad4c3e79b6704e6050145b4b57bd39920cc9cc10aa1e2b438,416,416,2,0,helmet
hard_hat_workers2220.png,train,a2306fd9d83786fcc66ed5fdb63c4d5552bf18c501a64a9db48262a62a60e76d,416,416,6,0,helmet
hard_hat_workers2221.png,train,68920e0786746f02c5a2747a7d498f956ad92f85291ea11d808de42dfa1fa040,416,415,2,0,helmet
hard_hat_workers2224.png,train,02bb76be538de1cb4ea6b173e29ba0e2be7ddf09637d154bad8fee5bccba0a3e,416,416,8,0,helmet
hard_hat_workers2225.png,train,1940c7c749dd080da623a021394ac7802058414708e1b23851bb3ffaa9fff7eb,416,415,2,0,helmet
hard_hat_workers2226.png,train,569ce49e6a5beacfc479a476b3a522390c536d4b81e4ba803c5bbe33a1cce7f4,416,415,4,0,helmet
hard_hat_workers2227.png,train,a18161cb4bcf746189ce922553e2275676d9bda56109dd52def624011843dccd,416,416,6,0,helmet
hard_hat_workers2228.png,train,c7aea5b1bbf2aac46aeb0ebe3f236c7ff7fd4fd64b235b65885d6da12b6e81ba,416,416,2,0,helmet
hard_hat_workers2229.png,train,9c726da089d56bd73e05ef6af896df16e01d9f4e61549188a411a7b1e6d1e145,416,416,0,11,no_helmet
hard_hat_workers223.png,train,b9095588a1aeab95c0875c24b90f7ad35e57096ba225692499c71ad9be8aa12a,416,416,1,0,helmet
hard_hat_workers2230.png,train,fd2250c5a5522967217b158596c237ed5a0979f90c86d82010311fcae671847a,416,415,2,0,helmet
hard_hat_workers2231.png,train,bd4b383f5a10c42caa061b5f37ed934fb036d87c3fae6248d5fa4919dc39540b,416,415,4,7,helmet+no_helmet
hard_hat_workers2232.png,train,15fd617144a7f6ed9b018c156ba5ac10b2440ec05708753c7be4e900af078e5a,416,415,6,0,helmet
hard_hat_workers2233.png,train,e2929d258507878d6edc297ff4e58b4d3948550fa09fe20807459fd54916884d,416,416,1,0,helmet
hard_hat_workers2235.png,train,bc0472e4b6ee54f3cbbb7aadbf3ccb82a9d22a9dc5f66299c0605025af94bd9d,416,416,0,8,no_helmet
hard_hat_workers2238.png,train,06e68dfc43cea302db7ba6a72e4783c6d2b331be30f85fd07135a40b36b2703b,416,415,4,0,helmet
hard_hat_workers2239.png,train,2dd4c387ad57f3d50881de168236e0b8cabaa78d92d696311baa27d0c30f5985,416,415,1,0,helmet
hard_hat_workers224.png,train,f4b99fc5169583c8171b44e34845622c7a59fc81485a21074c894cbf9c209ba3,416,415,2,0,helmet
hard_hat_workers2240.png,train,a441342f843eb7e003e2743dcb50fefba21e231019adef61b2945286bf7f1eb4,416,416,4,0,helmet
hard_hat_workers2241.png,train,c5e1e6c6464e189d353709f4b1ce8bb550852aa25aa7f1cda6f213d867a24b7d,416,415,2,0,helmet
hard_hat_workers2242.png,train,5fc9f57731002d92763e54cb12c0b016c316e262ff5f3387170f2571c9d959fc,416,416,2,0,helmet
hard_hat_workers2244.png,train,9841233c6bc88d7ebb0fec07452ef756bf15bc934325c55db7b3bbe0bb640d34,416,415,5,0,helmet
hard_hat_workers2245.png,train,e71bc7a14bdec4364424115f822bb2a1f308e94b1bb851ab5dffd4f3da1308f4,416,415,5,0,helmet
hard_hat_workers2246.png,train,806d1a3c3f391f884406301b128e804785460e3e6ffac194b670aadbadbc3c14,416,415,4,1,helmet+no_helmet
hard_hat_workers2248.png,train,6ea92a7145b72073b7c5853987ef39f706fc80bb9cb44a4dcc983765199f52b8,416,416,2,0,helmet
hard_hat_workers2249.png,train,6855d2c1e9bf012a44bfae9cbb808c6e336e83f91787dc4e392eeb0559c09a23,416,415,8,0,helmet
hard_hat_workers225.png,train,bc8a307b9f641946163a41726dd4c56fab72e5c9a825c9d78c1c776baa7ff4c5,416,415,1,0,helmet
hard_hat_workers2250.png,train,0088dc93a379619700a486e31ae8d0899b3ad633770a6eacc68baacfd25952db,416,415,5,2,helmet+no_helmet
hard_hat_workers2251.png,train,c69541691f2d72193aeb4c43b326eb541a9448b2da5ecfd1c8394a559307987b,416,416,4,0,helmet
hard_hat_workers2252.png,train,5e65244454aa8f9031e1fe063ad2e88801b3d21fe5df1284fb1064ce3ce68d1e,416,416,13,0,helmet
hard_hat_workers2253.png,train,0404e1ee71ef18f81f37b1789142c4ea60bbe1ec5678c8541b647ca8cd9d1ecc,416,416,4,0,helmet
hard_hat_workers2254.png,train,90ab33a86cdab51abb144f6e3289f055461996cb39084258a5921a3758fdfafb,416,415,8,0,helmet
hard_hat_workers2255.png,train,19bdcccbc3674c2d186d32d5f0f069434bca251b7771caca5eba9144dfcc6f3f,416,415,6,0,helmet
hard_hat_workers2256.png,train,b238668a55dce7ebb19048101cf34c13dae92d6c5631f0d5b94cab49a362f5e5,415,416,3,0,helmet
hard_hat_workers2257.png,train,f88001db6ffcd89c7e710c6fe54fa161ab7fc8968ef302fc520102756927efde,416,416,2,0,helmet
hard_hat_workers2258.png,train,c9e9fd7e46937e2a6aef7eeda4d2c8bcbf0a108b0087af2373dfe8e427d25fd3,416,415,1,0,helmet
hard_hat_workers2259.png,train,82d5613f0a50460b79669d91ed8c27624f6a89c5f2eefe3552526f5689f1aa43,416,415,2,0,helmet
hard_hat_workers226.png,train,a383e34dcc387e12d91cd1d81605db69afcd8032734b04c8b253ec816f78e946,415,416,2,0,helmet
hard_hat_workers2260.png,train,c83d8393e5f001575c8e5a557be38bcac1fb2aab182ba84424fd9d25a1056656,416,415,5,0,helmet
hard_hat_workers2261.png,train,c3bf4e70170348048d977ed43243038f04b608fe934c6fcff32db045092bc82d,416,415,6,10,helmet+no_helmet
hard_hat_workers2262.png,train,266a0fe410edb07124fce35858b3368dafee3df0c2bb18a4d561368b949afdaa,416,415,3,0,helmet
hard_hat_workers2263.png,train,3f9d23adc4f2eea1d4c7dfa0f3c21b53ddeb6dd3cc9d8761415445fafec69d85,416,415,3,0,helmet
hard_hat_workers2264.png,train,bc17ae6dc5eb94a63d395f822c88781e2bb542625a2dd270aa87fafdd48a5d06,416,416,6,4,helmet+no_helmet
hard_hat_workers2266.png,train,939df3591b0fb56be5e1efd9308c124d7ad611d9906e1032c0f91789b6484a09,416,415,4,0,helmet
hard_hat_workers2267.png,train,7d9b1b6c4b09b031fd46174a1d48aca2875e15425a156fa75b3a604e6ca4d17e,416,416,6,0,helmet
hard_hat_workers2268.png,train,8fbc2bc88e15ed7b128a1c3fa98350ff919bd374b149402e3c157b9a558089c9,416,415,2,0,helmet
hard_hat_workers2269.png,train,fd582a8ee1c9b5d1ce00744b1bfd95830e95f07636c1b00614da8654f7c471dd,416,416,3,0,helmet
hard_hat_workers227.png,train,321c18c3e658cd848c4c5de3c4db019c27f40aa97928747869a0886dbe85187f,416,415,9,0,helmet
hard_hat_workers2270.png,train,eb7121e386dc1f2c14a17a2ea07f5188b4075bcbfa822713257c07103ab4abb6,416,416,2,0,helmet
hard_hat_workers2271.png,train,0b0555bbe3bb3edf7bcd475799e501672ec3f0eea12945849ad7f0b992e9d692,416,415,25,0,helmet
hard_hat_workers2272.png,train,849e5758040046a7417cfbfa53250c2553d1c059f033afc20c493fe38ffefd3d,416,415,2,3,helmet+no_helmet
hard_hat_workers2273.png,train,85e752b49047b481a3429ab59f8857d9fea422db96bc7e13fcc34fb248b387aa,415,416,1,0,helmet
hard_hat_workers2274.png,train,9efa137d60ca9ece54b5717f9348f205882097ed1387f8c9d72d806c0dd385ff,416,415,0,9,no_helmet
hard_hat_workers2275.png,train,c78c5c97f78f2db32562a6f2f7143ea23b30b401d925bd62c090852ce1254bae,416,416,9,1,helmet+no_helmet
hard_hat_workers2276.png,train,c98987613253e92b2befb4cc9825ab30563688b6008c3aa467e0a86c3d71a8fb,416,415,3,0,helmet
hard_hat_workers2277.png,train,c12118ab5db977ecc057f5f1060c634e9b7ee6d15c0730a9ab1a067e3abb60d0,416,415,0,6,no_helmet
hard_hat_workers2279.png,train,18fde248f3b3225a1d09df28b7f2d87b57d111c157c952940484597e6c46a997,416,415,1,0,helmet
hard_hat_workers228.png,train,cf279806b24fe3e981e6e1e40846d6656cdb317d8a45e08f14815a52bee918b5,416,415,1,0,helmet
hard_hat_workers2281.png,train,689492c93af341ab16f6a8a1da63015615abdd7e00d297d2ce7a885d233061cb,416,415,9,0,helmet
hard_hat_workers2282.png,train,44285ee568501f575b830bbadd8493e07d04dff93da56390456e00cf4ac789aa,416,415,1,0,helmet
hard_hat_workers2284.png,train,a0db0f357ba9e957ae2dde1277ec6d62c33bc1e0b50592f118a88cd22e18e8f6,416,415,4,0,helmet
hard_hat_workers2285.png,train,c248993968435b470cf2cea3b0ba927b2b07a24c922997e196074bab90b73edf,416,415,4,0,helmet
hard_hat_workers2286.png,train,9c406fa2e26dfed5a642f77f0a169723da28054ec7beb54e1ec56bfe12822d91,416,415,5,0,helmet
hard_hat_workers2287.png,train,c89dd79fb2c8a6cc10f0610e4da52aff1765265741a59606cdf53c68b8a0be33,416,416,3,0,helmet
hard_hat_workers2288.png,train,645dc0b349ba2e8ea069400f0a543ad11be5fa0d9edf66fbe1426a30809b447c,416,416,17,0,helmet
hard_hat_workers2289.png,train,b3fdfcbe299a02270d3790a459c8d37248f711fbb87c447784b3a02e9670645b,416,415,0,26,no_helmet
hard_hat_workers229.png,train,2b6cdfc0338d89e6f20caae82571cf1d520c7146abcf0dcd1d183784263bff3f,416,416,0,7,no_helmet
hard_hat_workers2290.png,train,52e46ddf6a6273d9c201a77ff5f41e7b83dd1754aba330a77d11f5a914b744e1,416,415,10,0,helmet
hard_hat_workers2291.png,train,58495b645c43c2991cb35864784f96445b3b2e301120998c9746ab6ff21735d8,416,416,0,1,no_helmet
hard_hat_workers2292.png,train,9c36b93f3e194f5a982a69e6dad4b1ec6c676167c2ffc2d85583e252830716d4,416,415,1,0,helmet
hard_hat_workers2293.png,train,f0c0c2978ebf53d233650436fb0041d810f9ccac209e224f0c1d07abad95c022,416,415,6,0,helmet
hard_hat_workers2294.png,train,00d5376e706b1bae45abbb1028fd3b77bd03b3736fbca6e106ab3eafedb9fb26,415,416,2,0,helmet
hard_hat_workers2296.png,train,22f9569b88355260eb879b94a9a8e4fd357885e4032325206f52aea4ffe5c5bb,416,415,8,0,helmet
hard_hat_workers2298.png,train,53a8c4f8837100385ce5d351adf5e677c6b90bdf75a07079f00fcdb9446936cf,416,415,3,0,helmet
hard_hat_workers2299.png,train,9b2d811e682d0fa54f3e4f91c38686f7c4dd03cb8232fde74f95fd28d334b2ec,416,416,1,0,helmet
hard_hat_workers23.png,train,4a487940f9020285eb2a093aa90b6666fa6529c11d3e85d0d581cb73708f4dec,415,416,2,0,helmet
hard_hat_workers230.png,train,7d39a795d529a1dd92a19aff1fce341bb5492af0618b7325826147ea3a0b9694,415,416,2,0,helmet
hard_hat_workers2301.png,train,c4cc7f709a9681334a7ce9eaac8ec72f86587b267dd5dc97f13b2ad5d8fb0063,416,415,4,0,helmet
hard_hat_workers2302.png,train,5ab2bef10c11bc60ae7fee630d06c726ae99277d469ded8ad89b7cfe1889c080,416,415,3,0,helmet
hard_hat_workers2303.png,train,46c6d8c5b56da23d340ef88c8c7da5a46e25d31a1f16ae0099e9ffc2b888b17a,416,415,4,0,helmet
hard_hat_workers2304.png,train,0b9603a3f2135cc2522d5c7eab3b29973c3baa10fd2556d7b7f21632ee685755,416,415,2,0,helmet
hard_hat_workers2305.png,train,e68a6eecdca51685108685eb424a58df86dc217c81611d0d00456d9f9d1b8569,416,415,4,0,helmet
hard_hat_workers2306.png,train,4da572a1053bd814455062167ecd6ae8a5bc12447f7c15c6a0244cfd405c3b22,416,415,4,0,helmet
hard_hat_workers2308.png,train,c49cd41bbbc3e3f9129b7e60da29d70e5178e7495ca91638d2868acdb6a68c1b,416,416,10,1,helmet+no_helmet
hard_hat_workers2309.png,train,8646e93a79e8f7f73d2b8b621f9c6c10cc61279016d2c33944cd6b12789532f5,416,415,1,0,helmet
hard_hat_workers231.png,train,0aa568c8ad2eb53fdc41d6a9a2b6b2bff45dcff963a41d76bc802bd2b2a07f1e,416,415,3,0,helmet
hard_hat_workers2310.png,train,2b6b162c93b6856916d5ba955d28aadc9bc58c8d40044c844c3bc786ca4df5cf,416,415,6,0,helmet
hard_hat_workers2311.png,train,7c3b7d1211ba578e8a0328aa7ebf20435011c03568345ca10a6334a19eb72de8,416,416,1,0,helmet
hard_hat_workers2312.png,train,9d7ec55eb75b2862293850ba6140e912e4a0409617a35a40ee3523f11421e60b,416,416,0,9,no_helmet
hard_hat_workers2313.png,train,bd65baeec1795f7528b3ebcf997ab4cfffbf23d5c8a464e525adaa87f0793068,416,415,6,0,helmet
hard_hat_workers2314.png,train,2532eb03777f8bccf3ce8a8e1e4ecf880d63f19f1cd2cc7ce894cd140b3bd4ad,416,415,2,0,helmet
hard_hat_workers2315.png,train,4f9e78cbe59d18db11d0ea52eda62d92d8157fe96e8bd2a2703e046f67145905,416,415,2,0,helmet
hard_hat_workers2316.png,train,b91f615616be5a9d823bbfcfd3b332abce25d27ac5694521f0c12e400243be0c,416,416,3,0,helmet
hard_hat_workers2317.png,train,32efea1cf04b7387f469d355fbe24d96bc18d0a905b45405f2ef2b1d92913ffc,416,415,19,0,helmet
hard_hat_workers2318.png,train,54696a9ccbcfd552b3fccf7f89ebb874cc972f0a93b20a824f2de3effed65728,416,415,5,0,helmet
hard_hat_workers232.png,train,9b93023e581467379d16d2cc17c1c05fd23bed7058fba3946181fead6da040ea,416,416,2,0,helmet
hard_hat_workers2320.png,train,dc65ec7f9b29b54056a706502b0e766d3db9045efcdf5e04d78d59cf0243b23c,416,415,6,0,helmet
hard_hat_workers2321.png,train,85671e04137a8182d8fa9801a9c263fa8bb6fd329a42b931dbe3518ef95e699d,416,415,9,0,helmet
hard_hat_workers2323.png,train,39e73f8c70989cbfc1570b4ec44628c00f43ef7c4b558378382a76049b2b6c31,416,415,1,8,helmet+no_helmet
hard_hat_workers2324.png,train,a97a47d51c676c53548b67e9a6e25ea5b9009f881fbd000b18387d9bb8c55bcf,416,416,3,0,helmet
hard_hat_workers2325.png,train,852555a02426a4d20531f43194d1ae750f449d933f2d16a5f887064cc9240c2b,416,415,2,0,helmet
hard_hat_workers2326.png,train,57647c6841d0142c114bce2dc1d1e1af82cb987ee8cfa701ea00f363597e58a9,416,415,5,0,helmet
hard_hat_workers2327.png,train,e6a2419574c465d92ba350fd4f7a7af9720fd30c74ce793fe0d7158f17494b45,416,416,4,0,helmet
hard_hat_workers233.png,train,da704fbf706c12180a82ab18fdb01c43b5fda58f5e9b41bda94966b2002f79ee,416,416,16,0,helmet
hard_hat_workers2331.png,train,46543c2a102f5bdc1a197a7b66f38791918aaafaf5f70df9e0cb686ab28a98c7,416,416,2,0,helmet
hard_hat_workers2332.png,train,299da5ba2e7cddb8ae1cc512896c6f7a24a5f6daf97e15b912142bb266bdec00,416,416,1,0,helmet
hard_hat_workers2333.png,train,7dd0f50baaa0d509abcd2a86a102a068013c775d4c59e471b675018d972c7620,415,416,1,0,helmet
hard_hat_workers2334.png,train,52a4f0fe1ea8db8b0a8459f9a64f1936705fd561394fc821bf2352c75f724ea4,416,415,5,0,helmet
hard_hat_workers2336.png,train,c5007c72209dd646a255bad53b7d4bebcf7445a0a5af2ec3daaaf43117f88db2,416,416,1,4,helmet+no_helmet
hard_hat_workers2337.png,train,59450e4db779bcbdd10bef6da9dda62ee5eed9547e1bdf5d43db541c9b133091,416,416,1,0,helmet
hard_hat_workers2339.png,train,3ee4f9a33b3352e3da28aa1ca8a03cd250682380c3c376c5247b73206b5e2bc8,416,415,2,0,helmet
hard_hat_workers234.png,train,584b7284d7b53073b152e31f2dcd13f3293070339862e73682d26834410a1140,416,416,0,7,no_helmet
hard_hat_workers2340.png,train,c4b7f576b4181d7e576aed3b6bd2cfdff860be1f7bc203a93cded334a669be50,416,415,10,0,helmet
hard_hat_workers2341.png,train,2c19fbf21b012277775fedb6fcbd61567bfc1fb024c408d54e1ea143e4eb3364,416,415,5,0,helmet
hard_hat_workers2342.png,train,2d1c8bc334e0849398e822fd3b508fa92f33a7fd39a807c03b58c2eda7b7e145,416,416,3,0,helmet
hard_hat_workers2344.png,train,891e60db691af2b6717bddd0f2c74e1e77839f6ac5cf7c0d8465f3d72f4bb510,416,415,6,0,helmet
hard_hat_workers2346.png,train,51c42bbe04d23289ed0d3a4aad5daa8adb7cf237663538b111457e9b9dd4458c,416,416,7,1,helmet+no_helmet
hard_hat_workers2347.png,train,cfbe0c79559e7484b1360ecba5f49a5bc1b8ec2b65987c1d5a30535c8832cb28,416,416,5,0,helmet
hard_hat_workers2349.png,train,b85fd881773b89193662b4808ee730c1a108bf37024c1514c5d920ef16b789d0,416,416,0,4,no_helmet
hard_hat_workers235.png,train,25e4cf43e936137ca7f71336d9e56e6c06af61dc58244b42ba6d9104a9443a0c,415,416,2,0,helmet
hard_hat_workers2350.png,train,48b81826967c4df3a08326eeca06a9ebfa4f149cf997dfab1eda3019c86407b5,416,415,6,0,helmet
hard_hat_workers2353.png,train,0e4460abb8be36d6e53acbd1a022d8bce99f28a3b89f4925d7b3fecac6675933,416,415,0,4,no_helmet
hard_hat_workers2354.png,train,0844b061c144ee76519798833ded32d242bb5d61514475d46e6545003d93b7cc,416,415,2,0,helmet
hard_hat_workers2355.png,train,ca80f24e27effceb5435f64964c57052aec7d0f6d172a79dd8a5c6c6bccf34c0,416,415,1,0,helmet
hard_hat_workers2356.png,train,cc284b888921c8e42c6313567aecb7c041e3c196b77b7a1b01afa0408a1e8bcd,416,415,2,0,helmet
hard_hat_workers2357.png,train,c78593f41c3f2e56d37cd661c1b8db90f5fe2776a82b089ff976e96bec0447b6,416,416,0,10,no_helmet
hard_hat_workers2358.png,train,0ad82f9d43500ac81f5bfbc8fd48859924b9a0da3e8455c2210a5a845d159d9e,416,416,9,0,helmet
hard_hat_workers2359.png,train,4b6e4bcd10670e2b8771989ac15caf96a6e720787dd0ec52d72ee49210d7eaf0,416,415,5,3,helmet+no_helmet
hard_hat_workers2361.png,train,2a027d30928ff2ff7ef2ede020a4a277c6215d8e004e68effdcac015fa8fc211,416,416,3,0,helmet
hard_hat_workers2362.png,train,000741aabd6817b02df8f97752e2e727090a247f45fa7de3a8359bc06827ad2a,416,416,1,8,helmet+no_helmet
hard_hat_workers2364.png,train,07a55476f3387a2c10b74d712320cae27e300e598e9b133fa78fb62210ad2c0b,416,415,2,0,helmet
hard_hat_workers2365.png,train,08ee056ee3e14755f10a6aea1a833202871ba0bdaa3047b09982472b70e714cc,416,416,0,1,no_helmet
hard_hat_workers2366.png,train,918852c3520aff81792ee52a00a0821468a39c875f074148ec2882d4b0946737,416,415,3,0,helmet
hard_hat_workers2367.png,train,56484300b00fa59c7db10768cf121e84545ee6e001a3e643a8689ee4fd762eb5,416,416,3,4,helmet+no_helmet
hard_hat_workers2368.png,train,e336f21ed442e9de1b6c04edee1dc56c1bf72a33d23f4094cb4f13bd4ae4af6d,416,416,5,0,helmet
hard_hat_workers2371.png,train,ef60c719cb0b3b5f3f0bbb8d2e91f98b61e3d2c8c8dd82dcb7fa892fa6c0f3c6,416,415,1,0,helmet
hard_hat_workers2372.png,train,5289fe86de6c611d64e0f262560901ab52f3af27227c02391041350418349562,416,415,8,0,helmet
hard_hat_workers2373.png,train,038a441f5d96447c4f35263ac78272efc5c84e909bc03ffe656eb106491f1914,416,416,3,0,helmet
hard_hat_workers2374.png,train,07bb6642b7ea70d33d51c43a027b49194db05ff0d0fe82f07d04432383a114e9,416,415,7,0,helmet
hard_hat_workers2375.png,train,8ff30dd221a3d46b4368b67bb3eb6ade6086e6058e52ec824177c26f0845c42d,416,415,2,0,helmet
hard_hat_workers2376.png,train,205cb99ef5aff4b198fe7b3cdbec59a18e8909d5778a21a21e75487014190bfd,416,415,4,1,helmet+no_helmet
hard_hat_workers2377.png,train,77ca9187d54f60f3a98793b3b155072577558f35cd083dabfcfeaa27eee69883,416,416,0,11,no_helmet
hard_hat_workers2378.png,train,0b3bde8222d4c6436fc499e1c22d7b60e5be6a05cd160b1da78895748c70959e,416,415,6,1,helmet+no_helmet
hard_hat_workers2379.png,train,59c8c23a6d98754af0c9031a76d534b6698421e2f9ecbeff2f57e2baa268a395,416,416,1,0,helmet
hard_hat_workers238.png,train,5b2b468e150b8058e86c1f12dbf69ffa39df8cdc6406ba59db507501099c6f11,416,416,1,0,helmet
hard_hat_workers2381.png,train,3cdbf05434da56524ac12c52c393085a2a55be2122042a7772be8e4875b8a80b,416,415,4,0,helmet
hard_hat_workers2383.png,train,d689d8c3d722e12f73bfdfc0267ba9354b7cc615b1e7a73a1430e81b99dd95b9,416,416,7,0,helmet
hard_hat_workers2384.png,train,dc194a6e5e1b7277725bfe4e857ca62924df70969d26d0398a231cc6baf4843d,416,416,1,0,helmet
hard_hat_workers2386.png,train,176596787d54252eeee45c986b8407d8289955ffad72e9860ea281eeb3320b16,416,416,2,0,helmet
hard_hat_workers2387.png,train,38f5acca5fe01eda7840e10b12d11f90caedebdc51af5188d31b5a830b810315,416,416,18,0,helmet
hard_hat_workers2388.png,train,219e912d914c91ceed1eb57f6f55370d7b82ab0d4b4df198d7f36026d5a58304,416,416,5,5,helmet+no_helmet
hard_hat_workers2389.png,train,1da49492d5efa10b3b21e37d1e91a4ba4d22ffe8babf412efec8caa007274dec,416,415,10,0,helmet
hard_hat_workers239.png,train,d7a98867e4854819836bb6555d00c04e9fe60b6e180d344cfcee3026ec119261,416,416,0,9,no_helmet
hard_hat_workers2390.png,train,ed859e462cf787bbdc2605c8f8fef3ff73d699edd30c61bcabbd306aa9dce976,416,415,8,0,helmet
hard_hat_workers2391.png,train,753a57862020ede24cb4e142bbad28bcfb7b44ab1a989b81c52adb8b1d64278b,416,415,8,0,helmet
hard_hat_workers2392.png,train,8f588d65d491f83308fd6f86269ff671963344cc44081fd6c4c82f4fd3bfe991,416,415,1,0,helmet
hard_hat_workers2393.png,train,dfad128b8c774dca9f642bd1a1769552cf335a05f68e5b1cfa8758b544c430be,415,416,1,0,helmet
hard_hat_workers2395.png,train,2e2efb1916f7d73f3702ce6615e853c1fd286eaa26fdbfa9fbb92f25c57ab837,416,416,4,0,helmet
hard_hat_workers2397.png,train,ce43c12a3fe2ad305483e66d1dc4cf08cbb042a27ea7a72bbebe1e996529132b,416,415,1,0,helmet
hard_hat_workers2398.png,train,b05b681708903315a21a5e4d8206cc08c038c13cce913032efb3d8cd3f14d0be,416,415,1,0,helmet
hard_hat_workers2399.png,train,3d7ec042be8dd86dcc3ad2314fd87125666a44bfa5a1a3741aab8c3d204933e2,416,415,3,0,helmet
hard_hat_workers24.png,train,db886c846f7c9a371d0bafed27d1a26dc54b5f5f05289924fc916ef5b5bc83ca,416,416,5,0,helmet
hard_hat_workers240.png,train,a55a9a66e9f7c067cf5923f4391ce9d14431aa9e637d8fbd2f4ce6d340715586,416,416,0,8,no_helmet
hard_hat_workers2400.png,train,825dd706e4654ad9b4752162eca5575a100a059a949170ebe5f49d4f4a20a5f8,416,416,6,0,helmet
hard_hat_workers2401.png,train,45cfc687efc8cda001323e0346b2b00a7899d7de2ba39cd15b02f0b74b3ba2b9,416,416,2,0,helmet
hard_hat_workers2402.png,train,79ad0fc7320d285e2744ca1af6beef8ca93138d68a14259678f18b0fa58806d7,416,415,2,0,helmet
hard_hat_workers2403.png,train,8f8be75a048729b329cf7aa39bb60f5c0ebace97f22c6844e59a9437e7a9373f,416,415,11,0,helmet
hard_hat_workers2405.png,train,054b18d88343a21046af5e6a27a5f177e05a3d49f56443755ea63a98179bf291,416,416,1,0,helmet
hard_hat_workers2406.png,train,471f9a4fb4fe1a51d469ae6ecbc40f7fd8762d867bd4fec4a22c13645de740b5,415,416,1,0,helmet
hard_hat_workers2407.png,train,cc6abd3f28e1e3032ea3cdac5f6369c2259ad659cf9c26ee4c39501109ea31a1,416,415,7,0,helmet
hard_hat_workers2408.png,train,ac77af0e426d2c1deef29c9989c3310efbfae67f23e45e41235c5170a58fc0ae,416,415,8,0,helmet
hard_hat_workers2409.png,train,71e11b5aef3edf7b385b3dbe31fcc521c07ec6e0b3e18aa37a8e4e13ad0dcd75,416,416,2,0,helmet
hard_hat_workers241.png,train,a7b2a2a6863c3a2cd08fe4074a7adf7bbf1967d5c47281a9ef51273319ea457e,416,416,2,0,helmet
hard_hat_workers2412.png,train,28077c78f0f8e50c1c66922f434ca45148aa0b1bee37361abab1a6eac78c7726,416,415,5,0,helmet
hard_hat_workers2413.png,train,cfe38e50db436260593b336126c288ed24edfe454527abfe51ee88dc66daba14,416,416,2,0,helmet
hard_hat_workers2414.png,train,bc87aa8e1903240406e395239245db0bf01be41be0a826f9f8c0e3aa17aaee2b,416,416,2,0,helmet
hard_hat_workers2416.png,train,d142b17e542afd7dd9da70ed48834205a443b32dab1f15e9b516fd4f4ae5d1b7,416,415,1,0,helmet
hard_hat_workers2417.png,train,249d6bb75319fbd4ad9eab2fb4a3a5212f4481b130125cb4f08708fefaa04afc,416,416,2,0,helmet
hard_hat_workers242.png,train,6667591d455260aff4f655e11a02d09c4edc9ada30b6959124fe6b338b8ad008,416,415,1,5,helmet+no_helmet
hard_hat_workers2420.png,train,47436710610df6c2c8f3c5c4e3076d3d4f967cd089b3a5bc287f1861a6392777,416,416,6,0,helmet
hard_hat_workers2423.png,train,bb5ad0607438db9b9ec3790d9f61ff1d5b130db8637e17cfe0f39a9aacadb230,416,416,2,0,helmet
hard_hat_workers2424.png,train,4d2d4103bc6b2d46df99a68ff1588d8f1551e0cd4301801279d381a4d348adec,416,415,3,0,helmet
hard_hat_workers2425.png,train,d17d0a7b1c42e48bcf09994fe2558fb0d752237d9e21b3db3248242a35fecf11,416,416,2,0,helmet
hard_hat_workers2426.png,train,bed5ba3fcc38f47ce29728ea6c302065618bea0256c4332f1c00560f6bcee284,416,415,0,6,no_helmet
hard_hat_workers2427.png,train,9dc3bec3d1bbb3b93dc7fd5110b9ee5a6bb3a10a1ece0bcd283b7d3e23a32832,416,416,1,0,helmet
hard_hat_workers2428.png,train,4fc38b9e68762c99010a9a2af7f870bb1e0c00865e64dcb5a1a968ae14ebb8b8,416,416,0,12,no_helmet
hard_hat_workers2429.png,train,f56f880095cf7246f49c990d6295731a9ed88decb5bfaffeecf02e4c73df4a25,416,416,6,0,helmet
hard_hat_workers243.png,train,6dc3e480669f77b9c906676c1317a17ed7fb67cd5950ba31bab1750dd1e70f65,416,415,1,9,helmet+no_helmet
hard_hat_workers2431.png,train,dc6843378663dd272294bbcaa6bc200302f54887629e9dc2afbf65b0e1e32128,416,416,9,0,helmet
hard_hat_workers2432.png,train,d8407fab62a2b3cb74069bb981e49b56d1e2d6b2861367e856e9dcd1c6cf008a,416,416,9,0,helmet
hard_hat_workers2433.png,train,2a6ac1f392623e604260247ac22b235bafcb9bc82e6e7bfae858b99f45ca3bbd,416,415,1,0,helmet
hard_hat_workers2437.png,train,f3633aee75ad176c71af08e24a94118762cb1bf3c1f05833a0d077ba23280960,416,416,1,0,helmet
hard_hat_workers2438.png,train,bc8f81edb233cf3dbf7cd228767a7a81a99efaa5af4cf5c18083ea7b352c2eec,416,416,2,0,helmet
hard_hat_workers2439.png,train,d302061cb4fdc932b5d2d1b757d10470d5dedc58ba34a45bb473cba647decc9d,416,416,2,0,helmet
hard_hat_workers244.png,train,09c98f072d524875c6adf464e95dc2d2d3e197b26d2ce24d6429bb5d7a1108e9,416,415,2,4,helmet+no_helmet
hard_hat_workers2440.png,train,8b7ca1f79e98d29d3ce93e25f75dbc35e1737234eb261ae16951d811fd6e932f,416,415,9,0,helmet
hard_hat_workers2441.png,train,ead2bde0dffd6aa17ce9900db338b8f9afb1184fc5eed319ecb858f9534f1b07,416,416,3,0,helmet
hard_hat_workers2443.png,train,7ae475e4c27da2fcdb61749a4443367454586f38f779f4d3a657295d8202fbc1,416,415,2,0,helmet
hard_hat_workers2444.png,train,892b05655274940220e76904fcc8e02ba8d51528295ca432ffceaa4d31754ac1,416,416,4,0,helmet
hard_hat_workers2445.png,train,a00fd3343b5e47e01ad9f24e5d07dad2b8180fc3e3689950f90c49f63ab9b95d,416,416,1,0,helmet
hard_hat_workers2447.png,train,3b7f490391d071110a104491f628ef2a5e27d7a2a05abad4c2934b8601b30416,416,415,10,0,helmet
hard_hat_workers2448.png,train,4ddf9571644c59c2107884fa885a2e5566cfb7f84c4dd30bf60da235efcd2783,416,415,2,0,helmet
hard_hat_workers2449.png,train,ac231931a7640f23d80f20d1297231c78a848b3b09148c67de2acfa94e958b55,416,415,5,0,helmet
hard_hat_workers2450.png,train,1e4155478683901ab22babc55807edae036c5431b42209336fdd1689609238ae,416,416,6,0,helmet
hard_hat_workers2451.png,train,92121ef91574679d0d77820e6f00bd19ef03f4ccd131ee3fa6a926c835cfa3c7,416,416,15,0,helmet
hard_hat_workers2452.png,train,55a0ca21fcaddb77c2e34d753a5472202171478dadbba670477e8f9e00df5c41,416,415,3,0,helmet
hard_hat_workers2453.png,train,c14a0891a9fe7610b4ddde0147b12b8388494e00b98dd8b65092e7b42a373d7e,416,416,2,0,helmet
hard_hat_workers2454.png,train,0afbdb7b53d4c70fa6b4eca1c9f866cc732f8a29d51ea3e51c2391bf611d5034,416,415,13,0,helmet
hard_hat_workers2455.png,train,bacb5f7c1b9d0a5d65c87dfdee9c229994558695e5934be11e35561a595adfd8,416,415,9,1,helmet+no_helmet
hard_hat_workers2456.png,train,70f92d0edc487d70d2d46ab04e285d75da4c7d8d27ac2f00864e2965eeed27f3,416,415,19,0,helmet
hard_hat_workers2457.png,train,1f0a043f17c181dbc099a8b5776bdf856faad31976709b8db6736e3c57aedce7,416,415,4,6,helmet+no_helmet
hard_hat_workers2458.png,train,5f3b15727d037e38f721deb7db7f2c432c9b2214410b5fcbddff2162a57c09c8,416,416,3,0,helmet
hard_hat_workers2459.png,train,1d391cff00f023c4f6bf27d9bc8ff419ea9836834e3068543d7f7799977292e0,416,415,3,0,helmet
hard_hat_workers246.png,train,d36c22bd9e2a3821c0d850ed3b7478264729e65063f3d58a6c18017c10b64d90,416,415,3,0,helmet
hard_hat_workers2461.png,train,d8bc403cbd5503481640dd44af1a3ba34398476d539b8f10975e5db8ed57dbac,416,416,0,5,no_helmet
hard_hat_workers2462.png,train,89392fc4ee6637314dff1c98fceab0e977cf7641fbf3b07a5f7f1e3fb96115f9,416,415,2,0,helmet
hard_hat_workers2463.png,train,477132a37e2549b2ba7b9acc19bb99cf932bf03099dacb38000f379f0d306e87,416,416,2,0,helmet
hard_hat_workers2464.png,train,23aa2815dd14f8e9cedb05d1af9a9a919f8e86e10acffe6f294400cc1759f3d6,416,416,10,0,helmet
hard_hat_workers2467.png,train,906cbdf152d4b707e0b7c0c923aba06ab367c89062f41e58543cfc861f80525e,416,415,3,0,helmet
hard_hat_workers2469.png,train,7f0e2e67b39b3187106eddca740adc0759505063c8948cd56547cae131e27749,416,416,0,10,no_helmet
hard_hat_workers247.png,train,5f08405d4070bc42b16749b68d03a3fb32b4b51b672d5171f06e6355d52cd07b,416,416,4,0,helmet
hard_hat_workers2471.png,train,467ccb917641e86b62d23d1a4901da84aef21b214fbe70b04ca867b4afb4f5e7,416,415,1,1,helmet+no_helmet
hard_hat_workers2472.png,train,dbd851c18cd5329871ca7a58885eb52a8dfb917dce1fb16c5c461a0243774b29,416,416,8,0,helmet
hard_hat_workers2474.png,train,e8ff7cc3159333c4b7bd7f64b16d975860a036620257467a26b7248d288f1916,416,415,13,2,helmet+no_helmet
hard_hat_workers2476.png,train,a35954b547dc551476e7282c5946a96c242afd5fe731f34b45deb400e2510b64,416,415,1,0,helmet
hard_hat_workers2477.png,train,69ea506dd98e1972dd86b4e4a00033279ebb5d6dbb99b52585b288ba355f8137,416,416,4,0,helmet
hard_hat_workers2478.png,train,9c4209b39063164723ee95573dd5c8140fb260b75d2d63377e96cba579f86894,416,415,0,9,no_helmet
hard_hat_workers2480.png,train,c752a7b22f5a5c874358defab006fd0d3da05e91d195e1bbdc0d36eb16388f1a,416,416,5,0,helmet
hard_hat_workers2481.png,train,764f355d44d93ce4e55267dc4d83c6aa0a0ba2710cabea56d46944a160b70c44,416,416,24,0,helmet
hard_hat_workers2482.png,train,37b0029a85b82bc9977ac29beea8571cee9ff2fcf240b87d4353a13a6688ea58,416,415,2,0,helmet
hard_hat_workers2483.png,train,a2ea89b0925bebd32646675b95cad6a3070ddfe9603653918dfffa2d4f4d7600,416,416,7,0,helmet
hard_hat_workers2484.png,train,70281c6536c479e470b70c934363ec1a3e11873a8864101bd4a74b74c08794e9,416,416,1,0,helmet
hard_hat_workers2488.png,train,52204811c7df88d30dd5c777dafec6a305fcb745119f266943c70ca8786c7cdf,416,416,2,9,helmet+no_helmet
hard_hat_workers2489.png,train,c98e9ac61e7787ed1078c28dcb90c22f85c0609b07e51851b92aef397dd6150d,416,415,6,0,helmet
hard_hat_workers2490.png,train,1682713514c2e413c8010a321e8d89f6656ed367510e3c7d81d08d54defa855b,416,416,0,8,no_helmet
hard_hat_workers2491.png,train,39f5925ac7953270ba616af76477ca6a6af299ee5800c81737f95e8034c0d9b4,415,416,2,2,helmet+no_helmet
hard_hat_workers2492.png,train,8513fd7d3eb73e4debcaf63ba877b24c1f4c10bf023d62fd71f6c81ca70eddd9,416,415,6,0,helmet
hard_hat_workers2493.png,train,2baa99c4065f19c2105380de17bd22bee05a71366bfdf9caa7fb3745c2945ad5,416,416,8,0,helmet
hard_hat_workers2494.png,train,4a12a4bafb588c3e04d9a7a6ce3ca6bf3c6e3c427c5f46b5373e5b4d79d1130e,416,415,3,0,helmet
hard_hat_workers2495.png,train,ddf5767cb2fa7781cf262f1f5071ea89716d179a673ca52c42666a7c86a0c26c,416,415,4,0,helmet
hard_hat_workers2497.png,train,ecce73ae47ff43ff1b70027910f48415734524c986b0afc3454512906982f361,416,415,5,0,helmet
hard_hat_workers2498.png,train,9bf5a9b2d63b66b104dff701e173ba8f6e49a8cb84b2a7e8e8e35f2e494e0534,415,416,1,0,helmet
hard_hat_workers2499.png,train,5ad21523d46fe5aaa0180035804cb174c00379eba21a4085923c882c35fb6334,416,415,2,0,helmet
hard_hat_workers25.png,train,64ce694a11b199bf40227aceb6d11fffdac2bf4fea40d57e0be3707a0af9f1ff,416,416,6,0,helmet
hard_hat_workers250.png,train,4f66f8d06066dbd35f4f61bf56c83f17ea233ac29a997258a1e0215f3919f2a1,416,416,1,0,helmet
hard_hat_workers2500.png,train,48022d852c955f0a5cf8c0ff5502e166812cc4ca491bb2351a3cd7bfadd9587a,416,415,2,0,helmet
hard_hat_workers2501.png,train,8a73db4297ac1ecf526b9215539d6bcf5cdcc66d4211e9c35f71d3df3bb0c893,416,415,2,0,helmet
hard_hat_workers2502.png,train,981903a874a601238355e98e6f079fff62640b8ee6693cf22f3db7cf2adb4fbe,416,416,1,0,helmet
hard_hat_workers2503.png,train,4f2f4c439b061822acaf281569a5b9edb0d3da0206aa79a7bd6e669dfe9aed59,416,415,0,11,no_helmet
hard_hat_workers2504.png,train,7a66e80fc82cda07862694940efa0cfa6e56fffa90b4171e6d2aab9474b33003,416,415,0,10,no_helmet
hard_hat_workers2505.png,train,578ec128a76ad589888fc53cf82f23f8c7ef536a115d68b20e8f65462c03d055,416,415,3,0,helmet
hard_hat_workers2506.png,train,c981154071949f2e86ee0077498e3ee334c590f0a2564ee71462b4d419e692d5,416,416,0,20,no_helmet
hard_hat_workers2507.png,train,5ff1fd8639db607e23c799ae169fa5e3d3437cadb263d565a474c3355456d217,416,416,4,0,helmet
hard_hat_workers2508.png,train,faea897216b0fd4b24c7e0445da46e9ba2b6d372fb9d139f502489e13c0cc966,416,415,4,0,helmet
hard_hat_workers2509.png,train,411e9b22defa01d403c6262a92a07c3d7a9101926187a21f129abc006a63310d,416,415,7,0,helmet
hard_hat_workers251.png,train,b68c807038a9e4bc5872de785c1c56f38194bf7f17f6caefa47f7fe355d6d4bf,416,415,3,0,helmet
hard_hat_workers2510.png,train,ca3d154f4458cb7d55b3b1899839a267065d23cbdb4c3e995cc934e77bc157c1,416,415,2,0,helmet
hard_hat_workers2511.png,train,93f3ffdf911c1f97ed1b81f150bcbfb36826782cea7f55d69361100d7a1d924e,416,415,0,15,no_helmet
hard_hat_workers2512.png,train,88bbc1a6377b4a6f63f7630b041e230a7a50edb0be4ac6475508b237c07ae05e,416,416,6,0,helmet
hard_hat_workers2513.png,train,faa236767dcb00c966d0237b1cd1d9264d774cfde3b68fcb54a3bf084e121562,416,416,2,0,helmet
hard_hat_workers2515.png,train,a88e0aa6ad6aa394f048c4b2c48d2f89d5f14ed3754a5cdfeeb06680976a50b5,416,416,7,0,helmet
hard_hat_workers2516.png,train,2aba4e312640a701858b50bcd101102aae131756ce391027f3227af9855c5823,416,416,6,0,helmet
hard_hat_workers2517.png,train,ab58d479dcea383e25951bc2e41c4b24bd237ade8821ef9abd3052dd45477f8b,416,415,14,4,helmet+no_helmet
hard_hat_workers2518.png,train,17bca10a092409b555b3972ebda3aab207288c7a274501a1c19b84a63a69a949,416,415,7,0,helmet
hard_hat_workers252.png,train,862f38e66d16271c0840a0efb106a983120649405ea55b249f8a870b675dd531,415,415,13,0,helmet
hard_hat_workers2520.png,train,79442fd89b80ca32ac6e298dae702610bcccd43bcb0598f7c1b84b158532cc9d,416,415,3,0,helmet
hard_hat_workers2521.png,train,79c0e54119c47f0e713e30d121e494785096bdad811fdb2ebb4dcac6dbc5794b,416,415,2,0,helmet
hard_hat_workers2523.png,train,4f1d2c5b7e4113dc4fc0a349291b45f1d779361dd0516f813da472025ae00878,416,415,5,0,helmet
hard_hat_workers2524.png,train,c4fa98043c8dc0631869c95252aa94ea1070e5ae92a52f659df49bfe574f2136,415,416,1,0,helmet
hard_hat_workers2525.png,train,94fcae5036b19ad745df4faa2e4559e0d4228fd0589467a855d02aa82596fa62,416,415,0,14,no_helmet
hard_hat_workers2527.png,train,fd68af00b3aa068f77a78ad5ff54afb6bc535d4a96ff1052f62042930a22dd31,416,415,3,0,helmet
hard_hat_workers2528.png,train,24a69204a84cd864114d061c7b28279734deaa930b37d3c1e39501d78e2c2b7f,416,415,0,9,no_helmet
hard_hat_workers2529.png,train,f018d9d116c9bbc81270cb9146042001707a4fe3f9d7d1d11d919168579ee5f9,416,415,0,6,no_helmet
hard_hat_workers253.png,train,9725e83f083e9ca405d7fe8795e252aff14b5c113116763a73396ef326910d73,415,415,4,0,helmet
hard_hat_workers2530.png,train,807653ce7c0e95f422b934293a176916902bd37878a7700cd66bca34625d489a,416,416,0,7,no_helmet
hard_hat_workers2531.png,train,78fc2f8c823510ba28276d7a285131c7e8f615b097aeed6b6564be00520e4c67,416,416,2,0,helmet
hard_hat_workers2532.png,train,c9a65e487a01d2482b7f62336c8e1af72adb93470f5156c587bfc6ea97fc5733,416,416,4,0,helmet
hard_hat_workers2533.png,train,6e578c461c8ec0b2f6812c830d8d00fb870a57149d335d516e3eb8643dbca57d,416,415,6,0,helmet
hard_hat_workers2534.png,train,a14335b28a3801a93774e9864cb26f15d2de95fb41876013b4bae54686e7574d,416,415,3,0,helmet
hard_hat_workers2535.png,train,074d72fe705cfed948ad4b7f88ddddfef0f63e081cb8f7497fff857e35bf3d4e,416,415,1,0,helmet
hard_hat_workers2536.png,train,e663bdf8afe610121db911fce7ff516144bfff1ac31e9b3234fc8361c5e87a27,416,416,3,0,helmet
hard_hat_workers2537.png,train,7f784d6f303b50c48c265dcfaa479c8946d86ea469c76c7f907c3a54e3271e01,416,415,10,1,helmet+no_helmet
hard_hat_workers2538.png,train,93e03527054f111c0ed6c7ececde6374992e0e6891437f3fe2fd969924a94df2,416,415,0,12,no_helmet
hard_hat_workers2539.png,train,5bafb6369d2bf7353c107a74c3baf54349f78c08ab6866d022157d2c5f32e631,416,415,2,0,helmet
hard_hat_workers254.png,train,5cb58f1c5500fc6c61b9dcbbd81309c3619df2938e05fe947797fa9e791d7a27,416,415,7,0,helmet
hard_hat_workers2540.png,train,19d6511adad10ac3ce4cf3276fdc6af461833dd84d94741f84af746de9e60a09,416,415,5,0,helmet
hard_hat_workers2541.png,train,766aa8b6ac84829424686b92a92b66e56b88adfe1410501b9aec180156989497,416,416,6,0,helmet
hard_hat_workers2542.png,train,061aa94f6119938f19c299a0d9e25012a8d9eb8fe0c8d2c8520e59ce4c461e17,415,416,2,0,helmet
hard_hat_workers2543.png,train,a5e9bde79eaf3ddc79800ff38ffa79131be1e4683c1b3ff61386743fdb341e82,416,416,5,0,helmet
hard_hat_workers2545.png,train,668bd8dc9ef38a0630063a1d7b27761930a032733febd6f899b52ab723b10ad4,416,416,1,0,helmet
hard_hat_workers2547.png,train,9020de3aea60ef51740114c58bc1bdeebf50467ad456ac2152a700a5e359a741,416,415,2,0,helmet
hard_hat_workers2549.png,train,f9254b60facb61b07acc06784ad552def40a2b1aab3d4362afdb3bf1351fd02b,416,416,6,0,helmet
hard_hat_workers255.png,train,f325b0aebea62011aa259e678cb86e5e445f20597e5e47cc3f59efc5a4b7060c,416,415,3,0,helmet
hard_hat_workers2551.png,train,63e629bf3f2b37cb36403162e71bb84c019b20dc8c5ec0a5eaa45881ce306493,416,416,2,0,helmet
hard_hat_workers2552.png,train,9b92b9319a4a7ecd44ceba03bcc5dfdd84a4e7388c76b45e15894133503cf9bc,416,415,7,0,helmet
hard_hat_workers2553.png,train,0bb0822afca3bffe26f2b9ffee45fffa6d5b90483ad2bcd51b10081f088bb15e,416,415,1,1,helmet+no_helmet
hard_hat_workers2554.png,train,2469c06f5696ab815f44210b7feef3c482ead2d8631d37376d2924bcaecb928f,416,415,8,0,helmet
hard_hat_workers2555.png,train,1f216ffc34e86066cea6f6780824a4315b42e827a1919f38ba143ca92a3e1181,416,415,2,0,helmet
hard_hat_workers2556.png,train,8304af5dfa219d0da93890bafd99ca037946ff71243b485b907d7d01b2d4e754,416,416,4,0,helmet
hard_hat_workers2557.png,train,508cf1157e4edb2d0b0d1812c086c2c146638983569b939ac02d85df5e84b6e4,416,416,2,0,helmet
hard_hat_workers2558.png,train,79f246c0049a163fa61740f472d83778d75b4c56d1bb671734029f6310522feb,416,416,6,0,helmet
hard_hat_workers2559.png,train,fbdd97fc2740c2f0dd12efdbdb810bbd710a21c2905d710fcf22e54e75a795f2,416,416,7,0,helmet
hard_hat_workers2560.png,train,9967252e0c2127277ff99c848fff46b8410cab74dd6c088163ae9a30ba080525,415,416,2,0,helmet
hard_hat_workers2561.png,train,ba0d5d6f78294a0c506a3fd2b20ea0665fcddb90224d7d55b40788bf32e62651,415,416,3,0,helmet
hard_hat_workers2562.png,train,4fab6e8e1d51c7eb5ac94ab3fc87e6945f83a2d1872905e936b5c52d91c1c23a,416,415,3,0,helmet
hard_hat_workers2563.png,train,5d63d6637af8121c72ce38a80ab0a8b889755a0a3548d7b3b02676f8d8b7b4e3,416,415,2,0,helmet
hard_hat_workers2564.png,train,d9d8ffd91036457561af2230c86882f7da65db312f7b966301e1a47b510f627e,416,415,4,0,helmet
hard_hat_workers2565.png,train,86eadfeaf6d873531e10fb1f8ac879e0c2ca84d88680bbd5284fe1813dc49432,416,416,20,0,helmet
hard_hat_workers2566.png,train,fc94c716d01c172060f910df4b6062a7c9de6669eaff0ad38a321e42dc3b058d,416,415,2,0,helmet
hard_hat_workers2567.png,train,d11880f944432935a7a0cc6f7c686aace1e15880cc94c7aef052d74f8a1d8626,416,416,4,0,helmet
hard_hat_workers2568.png,train,2cf3f03b304cf933045e8b9a0069436d29d469630cee3507d3bb96c3e53b7624,416,415,5,0,helmet
hard_hat_workers2569.png,train,8a94c8dfffc595f6d5ed094bc1e61132c057f739016493a387bb27d4e80d8805,416,416,14,0,helmet
hard_hat_workers257.png,train,b056fe5ea986fd983f5e72dbc32d5a0b95f12be6162c483f4c88aefc7fdc15f8,416,416,0,3,no_helmet
hard_hat_workers2570.png,train,4844a5c2ac6a2f5f606926f71fb372a709fb8f0bc4c6de55b65a8a1c0bf701d6,416,416,4,0,helmet
hard_hat_workers2571.png,train,5d1de2eeb0eb201d4c803e79fbb4ff0977807805f87c51d445ec90b53087d5c4,416,416,8,1,helmet+no_helmet
hard_hat_workers2572.png,train,eb51c481adf7b29539e03c058d3018edc9e9425ffdd189b64f399aceb1be8b79,416,416,3,2,helmet+no_helmet
hard_hat_workers2573.png,train,38e39ed67f0be8fe39566e82f9956e14535525fadc05b6768a79dc5ef8df006c,416,416,3,0,helmet
hard_hat_workers2574.png,train,d81cda7b6cb3b38854ffb9bcac634d60a8207d8ab1467a2fadaa504d0f88ba7c,416,416,5,0,helmet
hard_hat_workers2575.png,train,7e59eb5dd113e823f74a87b00dcf9a665456010e8e85ec15d343c43b3dfbbcb7,416,416,5,0,helmet
hard_hat_workers2576.png,train,7606b7bcf6b05bd8ba5208a4a3a30491c680a3b4c3f851b04130777981dfb91d,416,416,0,8,no_helmet
hard_hat_workers2577.png,train,ad602db559315483337772fa50efa9d489bc494f7fef775ef2303db8b5e9eae2,416,416,3,0,helmet
hard_hat_workers2578.png,train,218694444e927e9542c158a6d444854c73ce2c4b1e8886b90a61e97fd2240482,416,416,1,0,helmet
hard_hat_workers2579.png,train,b87c117b4d37665dc8c0256441835f9fe36e526299e9dd29271cb56fada5f7bc,416,416,2,2,helmet+no_helmet
hard_hat_workers258.png,train,64bfed9e223e8f5d6c29d43e65b875ae9ca2c4499286b3263acf9b587b138f5e,416,415,3,0,helmet
hard_hat_workers2580.png,train,056eb33caef169c6c27c2620b18227f2e6ac2d4ac8a5325bd1e99cdd9d79a4ee,416,415,4,4,helmet+no_helmet
hard_hat_workers2581.png,train,4ebb5e9290557d0cbc7146270ae49dcbed67201810ba7fb4ad17928ee5109407,416,415,4,0,helmet
hard_hat_workers2584.png,train,8b82c8a49ba756aa39ab494d61921d41e662a165155b19da07cab6792e5260c9,416,416,1,5,helmet+no_helmet
hard_hat_workers2585.png,train,01fcb217554947905ed1763acfea12601faaba7b32d84356aceb4c35250a57ff,415,416,2,0,helmet
hard_hat_workers2587.png,train,d2164500843b7dfab6a85d05f9c0174449cd417f8a07da28724ccb937bd46a97,416,415,11,0,helmet
hard_hat_workers2588.png,train,54bc7d0d34b7d6100bff8a4ea304c871696306514d628ec2025b9455c92288b9,416,416,8,0,helmet
hard_hat_workers259.png,train,128c9df544e1143a4ecc6beaf9d9f52186f45ca2556a5858ef87e57f52daaba0,416,415,2,0,helmet
hard_hat_workers2590.png,train,e7489c295ec2a0a81c596ece445597adc7e03f593095f0b62b5ba4491e91b887,416,416,3,9,helmet+no_helmet
hard_hat_workers2592.png,train,4e8832f875b00806c30de882a404738d0fbb63d685de18183340fd083b3e7d9f,416,415,3,0,helmet
hard_hat_workers2593.png,train,8834dfe359ec9e94d779f149dcaa3b7077b871db5e285f716b51201047cdcb24,416,416,6,0,helmet
hard_hat_workers2594.png,train,5cc90f35f5030ea2c2a23644f285bd24d21e6ba217a443b38a0ed7671c2dd54c,416,416,3,0,helmet
hard_hat_workers2596.png,train,300dbbb037f6381ee2a0fae94dfa78a62946372d8bfa53629c0d1b588dbefcc2,416,415,8,0,helmet
hard_hat_workers2597.png,train,5becd5c542240cd3b88d89eafba150764ec0a37aec22544f7bbdd8899927d1bc,416,416,10,0,helmet
hard_hat_workers2598.png,train,d10ab8019f9a182e0c12efeb525d9e733e272f9e73206069537b8624cabfc4fb,416,416,13,0,helmet
hard_hat_workers260.png,train,5df42df55373639b9737c3aa17dccedfe212bf3463dfb55d7c829ffc6f5b5060,416,416,2,0,helmet
hard_hat_workers2600.png,train,9af8b1e9963f4212c2b93615d1bf12d2c3da130f060e86c4e94dd3698ae23682,416,415,4,0,helmet
hard_hat_workers2601.png,train,341623591c7cd2c414f785968141e9f1e317e9dfa6dad087f286950e5ea205d5,416,415,4,0,helmet
hard_hat_workers2603.png,train,f2d10fca3a712322b2c49f7017c2e8c0cfaeee6e1a4618c2ff059844d620be5d,416,416,2,0,helmet
hard_hat_workers2606.png,train,acb771e621858e827b6ba0355488a9dd4eb3f6870dbca3ace0ab25caf25e6659,416,415,1,0,helmet
hard_hat_workers2607.png,train,803ba40ea02d64249e28272b7366fe7e02d3c4151ef2dc7527c9d1de4dd084d6,416,415,0,8,no_helmet
hard_hat_workers2608.png,train,abc83985f237711f6703582c341e463f5a74148651282ca11902f2f3130b2198,416,416,3,0,helmet
hard_hat_workers2609.png,train,c3fe1e36c8559bd4c70957b596d5ccecc06f0e6a9e410bd86510db6bbae7a4c7,416,416,3,0,helmet
hard_hat_workers261.png,train,d236a0d2d32580674ef6874087b1ab3fb6e2a234549fe19a81e28623700b7c71,416,416,1,0,helmet
hard_hat_workers2610.png,train,f52a2fd654d5a7404a465f7231b96ba3bb268cb12db6d2680a42702ea8dde9f0,416,415,5,0,helmet
hard_hat_workers2611.png,train,c2b7c81eba72a1716bba9ade8b7995b9a9c2d308b9f306ad30f62c7a817a602b,416,415,4,0,helmet
hard_hat_workers2612.png,train,e184d8ebbe7b96e91f62d7d4c585d60b282244b2aab3cb752f1ea352f21f6ea5,416,415,4,0,helmet
hard_hat_workers2613.png,train,6892c19fb6a837c15bbede2e8fa895ccbb6381258cf8f516f8fd762b07cdd2dd,415,416,7,0,helmet
hard_hat_workers2614.png,train,626afa2ffee21cfc514841ed8d281e5a5046c53b6f4d0395348745dd8228d094,416,416,2,0,helmet
hard_hat_workers2616.png,train,90eb331a2e5878911b67f6ffd4ead6716a57980c9fd028fcf710d55eaa81f49a,415,416,0,7,no_helmet
hard_hat_workers2617.png,train,0e5c68617ab14ed5b8e60c8e22dbe5d6dc2c00f0eebf2117dd837417e0b8baae,416,416,4,0,helmet
hard_hat_workers2619.png,train,354b9cd898630c701d5c38ce668cd412a4078bed019e5061796c0d350eb2321a,416,415,3,0,helmet
hard_hat_workers262.png,train,34676fdd3d4a86345565ebd0c0667f2c81f979b87e941eac6868e29627062958,416,415,3,0,helmet
hard_hat_workers2620.png,train,5842bbad313a7400b57c4763a11abc7eba80ae604a51f2b763c10afe49bde56c,416,415,2,0,helmet
hard_hat_workers2622.png,train,0627e6a61cca1503045d8699f165b7222f4f00591dee746e62f0fd028685fb9a,416,415,4,0,helmet
hard_hat_workers2623.png,train,ecb34cf2faa07ffd1ce95eec84401535419581e3e26227cfbdf8232f583795f1,416,415,4,0,helmet
hard_hat_workers2624.png,train,d2b090946726993c26bf1e116596b8229cac78d923a853dfd76ce72ced7fcda6,416,416,4,0,helmet
hard_hat_workers2625.png,train,29834f2222dd7a8eb20ebda51440930bb5249e7d023f663b960a668379575640,416,415,5,0,helmet
hard_hat_workers2626.png,train,44668da6e3a88249218fddb1287126409c9a8ee1e8be9f0884748e2eeee89117,416,415,4,0,helmet
hard_hat_workers2627.png,train,190cfb6fa5e01d5db6fd5154634f8c8d734fdf9238ea92775a8037f09680f839,416,415,2,0,helmet
hard_hat_workers2628.png,train,192cac7c3b67cdc9e44bd730b85ec285f656199225495aee89e9c4d4dbd9a1c7,416,416,1,0,helmet
hard_hat_workers263.png,train,78d92f21c4c49c18541858f5efaa6705c3290dd222f84451ad0d23bb18852839,416,415,3,2,helmet+no_helmet
hard_hat_workers2630.png,train,78d171bfadae81ecf6c2cf2bd956361dda98f394eaedeff4acfca3f95ea982cc,416,415,1,0,helmet
hard_hat_workers2632.png,train,7c9127095328ff19dadf8554cc0d7d6ae58e6bd62531ef947821aff9e1537271,416,415,0,5,no_helmet
hard_hat_workers2633.png,train,ee0328ee932e9b52e3d365f3a69f19a4007ff6e0fbf03db6c97bba4f7093256a,416,415,3,0,helmet
hard_hat_workers2634.png,train,efcfbdfe93b5428d9e5671f2257f7442ef174c82d66ef225979cbf5ac3cd23cd,416,416,0,15,no_helmet
hard_hat_workers2635.png,train,62da5ddcd65ce93c9a87302383bb1bc8ff986ae4c0fe01cb47429d2cef8e3c78,416,415,9,0,helmet
hard_hat_workers2636.png,train,fb9025e98e4ea1a97c0f5342c34d76b228a60057d9746771e73703824e912dda,416,416,3,0,helmet
hard_hat_workers2639.png,train,dbb57434525ae9c42c66e9ce2dc1e608f93d43e907ce203cf760126ce7cc2506,416,416,1,0,helmet
hard_hat_workers264.png,train,3f00d24f28646e8a7ad72221c15ac53d3ae6c7d1c1e2df6999de3670433e7c01,416,415,0,2,no_helmet
hard_hat_workers2641.png,train,fd60467c17f7e9165d7abf9b0841d7212cf40da3d72c0357aa83e3d9ece26e13,416,415,2,0,helmet
hard_hat_workers2642.png,train,88355114d7d5ff51797e1ccd4393c543bd50cd976aa7ab643f56e210cb9c2fc8,416,416,7,0,helmet
hard_hat_workers2643.png,train,4e193982e651558add4d289d51c1ccf96a1651c426a655530d790b66ed1a9df7,416,416,8,0,helmet
hard_hat_workers2644.png,train,ed2ca6913671ac717fd014e12d29cb7c2e36b79b10248f6bcc73c2a3f2e9c920,416,415,8,0,helmet
hard_hat_workers2645.png,train,e1b8ea227527a3e895f6bfb1beefd5685d71fe92dbdbe1d34eb97fb55e87e071,416,416,6,0,helmet
hard_hat_workers2646.png,train,683d37fdb41080b4ff0975c8ee6438c5b246957e4d20b5226d254a340f58b4fd,416,416,2,0,helmet
hard_hat_workers2647.png,train,07dd5265f7464c21d6c1bc35b25e140f55e9b47836b21f9db9e4ed0d1dc2349b,416,415,5,0,helmet
hard_hat_workers2648.png,train,2c3b579fbbbace5cbb47bfe2eafdc036c79622b05707115c4bd4def9bb6f2064,416,415,0,12,no_helmet
hard_hat_workers2649.png,train,124da74cfea882080e52627efe03bd37473e72e4eecf90141e5cfcb747d58f04,416,415,2,0,helmet
hard_hat_workers265.png,train,999b70d9d40e8513363957e90468bbb8837fa5f1f1dab7e2355f2bad3c5e6afd,416,416,1,0,helmet
hard_hat_workers2650.png,train,17d42a53c655e4266e8e116566352d232626c6fa62eb8c9ad98775f1b918e3ff,416,416,2,0,helmet
hard_hat_workers2651.png,train,54917e5a65a260ce3723eddfd49faffb96cbc63e1e80661c6f7e016c46e27d83,416,416,1,0,helmet
hard_hat_workers2652.png,train,97f0accc4f68506ae6e7b14e787e41a0366342c695fb86e6cea66dd71d00f348,416,416,2,0,helmet
hard_hat_workers2653.png,train,f1b3b7f132b7ce1e98051f13331097564adc3333eee57ad08f1b22e0e2b2e606,416,416,2,0,helmet
hard_hat_workers2654.png,train,3e0e50b02b55b4a5b959c723b7c2e8e46c3ab71c00987177aa55cc34db11822b,416,416,0,10,no_helmet
hard_hat_workers2655.png,train,02e53928b035b6b0f52e950a837238e7f83c3b1f0030ef20d640d4497ea4c8ec,416,416,2,6,helmet+no_helmet
hard_hat_workers2656.png,train,d754aaccc4e14efc113ebb300ddc6f26b3e481ac82fe3f24fd6e6ffd645c911e,416,415,9,0,helmet
hard_hat_workers2657.png,train,dfae99f20de9c465d00c4482e71b6c3a3016701e676906b81233933cd364ae09,416,415,5,0,helmet
hard_hat_workers2658.png,train,94761d2c846a9fa2c04dc8ac5585a4e83fb2260f836fce4504e1e2bbeb879795,416,415,2,10,helmet+no_helmet
hard_hat_workers2659.png,train,b4f9782cbbfab34650a831bcfbf0695a4994e72dfba0834fd21d9a69aee88c99,416,416,3,0,helmet
hard_hat_workers266.png,train,d6b50cc1512a66930ee1e26da326e27144dedfc7a65ac192959b2790eaa228fc,416,416,5,11,helmet+no_helmet
hard_hat_workers2660.png,train,484d04fabf912cd2327a43b5bd5c10a658118b0eb87b50448778ba1a6414d196,416,416,3,0,helmet
hard_hat_workers2661.png,train,5d65a255759277f04e6d3900a32f273b00393bcd8b5e0b5b459f3e0271992c98,416,415,3,0,helmet
hard_hat_workers2662.png,train,18113a63003f6e0205a3d6ae9678bcb47f8bc6811ef8405b175a64b00171fe67,416,416,15,0,helmet
hard_hat_workers2664.png,train,f5cef68bfd3de9d11d613b0cedf81eda7cb9a3e31982bedbb2c0a28e39c8b1cc,415,416,3,0,helmet
hard_hat_workers2665.png,train,c21fd029f12c737e262904e895c23d634bf8cd40cb817df7cc4d51d06213630e,416,415,1,6,helmet+no_helmet
hard_hat_workers2666.png,train,c54bd72fbc98d2e98a3cbc53fbbda1204d303c47e86ac8543fb35c49f729a0e2,416,415,2,0,helmet
hard_hat_workers2667.png,train,471a993e54b4619bbb1184cd1d55c1b9bc430134d346472c92f8f41ca1b97d61,416,415,5,0,helmet
hard_hat_workers267.png,train,ffb8ab2764101769cf4fe4fecf3ae6b16d12a37f0bf0e026222375723d9974dc,416,415,0,8,no_helmet
hard_hat_workers2670.png,train,2d1d8503a22dfba8f176729d05c39349c7d1b03f7db7d44865361a028ee635fa,416,415,2,14,helmet+no_helmet
hard_hat_workers2671.png,train,4655481c015d93689cf4456ea70d7d9e6eb6a4d526f4467063261d80d93ee2ed,416,416,2,1,helmet+no_helmet
hard_hat_workers2672.png,train,9b9ba9ab6311229aee1da71094957bb0d1eeb9659d216aa6634bc650ab1a52ce,416,416,2,0,helmet
hard_hat_workers2673.png,train,c8d510fe9d42370138148ad26927a01a0369483a06a9623b39e67341366c5218,416,416,2,3,helmet+no_helmet
hard_hat_workers2674.png,train,6929783c0a0240f7f1b22ecc78a810c8c667ee1c75109dbf30c1ae1913f4916c,416,415,2,0,helmet
hard_hat_workers2677.png,train,489dde80d9924a6ab75843148f658240fe202d151f2f5d1c6f800a071818dc50,416,416,6,0,helmet
hard_hat_workers2678.png,train,ea45817220df8ca9ff047fa3448a226fee1cb70493b710d1aaa0c43ac2b801d2,416,415,3,0,helmet
hard_hat_workers268.png,train,d0fd6ae47f529d5c268faef0a5eac8d969336dd14f4987052044fb343d40914e,416,415,10,5,helmet+no_helmet
hard_hat_workers2681.png,train,860e155d1dc80cda2a6efdf0ba15af19dd569f1ea6fea6e5c954b187b6f96909,416,416,13,0,helmet
hard_hat_workers2683.png,train,8fed72fd3f4a3de7dcc80fd20e1a838e4a1297ae9d59f341cf37414ce1ea2ec2,416,416,0,8,no_helmet
hard_hat_workers2684.png,train,9770ce2a17c9eb03131975c2580585667ce5f143b8859a6258f6e1c7d279fca7,416,415,10,0,helmet
hard_hat_workers2685.png,train,6ff9d317a7fc59e064da764fc188db5fba077d94804fd32d2853ee4d5d453ed6,415,416,3,0,helmet
hard_hat_workers2686.png,train,276ce9ceb55874fb879d397939baa8a69e105c09f541b53a162d82dd8cea16c4,416,416,3,0,helmet
hard_hat_workers2687.png,train,d9c844a3f1577fee5a3a7ec6e170a673b96bdc60e331f4a8d182dd9ead82ee52,416,415,3,0,helmet
hard_hat_workers2688.png,train,2683dca90861063082845b1717d734f5cf323983102567fb8165b8f6f309139e,416,415,0,2,no_helmet
hard_hat_workers2689.png,train,87c615dcebad50fbeb2188e858a41b278919c7afd4da349925773e2b5f5f309e,416,415,2,2,helmet+no_helmet
hard_hat_workers269.png,train,8a4ebf9ccd29bc80551ae94f2a615b38d4d5b7491c582414367bfe41bf285d4a,416,415,4,0,helmet
hard_hat_workers2690.png,train,8b84a33c0704a7882fb0f7616b090e4e438613b0bf066c284911aeb2a417899e,416,415,5,0,helmet
hard_hat_workers2691.png,train,bf819ed316fb587becdc9a3fe145b6bdf3bb0192c9d987a16e4daea3ba1f4c4c,416,415,5,0,helmet
hard_hat_workers2692.png,train,5173456eaa021c1bbcebd12de0cf2a1b21f640d9437b802ce0fd31ab67b070ec,416,416,0,7,no_helmet
hard_hat_workers2693.png,train,f74ce7acbc7072eb2445a32a45a424a543ef6a1c0ac5989451a945890715a62e,416,415,2,0,helmet
hard_hat_workers2694.png,train,8cfedef452f7623fb7d06830ea08aa37478a5f453d3c69f557a92b31f004cbe0,416,415,4,0,helmet
hard_hat_workers2695.png,train,0d25fc5b7ee9a4b85a20e027a41ddc6355ed7424be2c1eb1a601de8b6403be2f,416,415,4,0,helmet
hard_hat_workers2696.png,train,e65812d68ea276dd8d25f146b2ffd342e3429e29b021591b56c6206a878b693c,416,415,5,0,helmet
hard_hat_workers2697.png,train,fea04b49fcafd9edf98445a3a77f410906c208d6cc17909e7a68ade301f2035a,416,416,4,0,helmet
hard_hat_workers2699.png,train,06a35311864262373f4b30387be221972a1a5d65e042409a30efa3f005ddb4de,415,416,4,0,helmet
hard_hat_workers27.png,train,9e7aeca4966e895274e6a3fc6f7dd89c521136ca5e870245e446a7f75a4fefbc,416,416,3,0,helmet
hard_hat_workers270.png,train,a0f9a72e7fe2e83d687912a146147172fc26302dd3cb06fb7494e0a6ca82b71d,416,415,4,0,helmet
hard_hat_workers2700.png,train,a84c54f19629d8d300b038c08b073cdc4f430a81298d75d9ac64d136f059cb81,415,416,3,0,helmet
hard_hat_workers2701.png,train,c1a3eb18cfd44449b3fcd70a8c1a41655ecced3c8c8407ebaa55d3add24eb5f6,416,416,0,9,no_helmet
hard_hat_workers2702.png,train,1038895f9cdbbab84b6d94ebb51416e4ca027890a2112d641d101f1e2857a876,416,416,5,0,helmet
hard_hat_workers2703.png,train,0eafa6bc77f9d8384d8ba6f8bca8068f86f7c744e974738a909d3987c7027d92,416,415,8,7,helmet+no_helmet
hard_hat_workers2704.png,train,f637643e0f20ae1420ebf907101e8e771d50f5cfd585762d4ed005ec8da196f7,416,416,5,0,helmet
hard_hat_workers2705.png,train,af41be11d3b37e36c3439ae2a4bfb809927d7d90c26b347fd427904c40b43000,416,415,3,0,helmet
hard_hat_workers2706.png,train,fc4c99a75ebbed671d4b0bc4e97d387ca7d429dfb56617b426d48805dde5cded,416,415,4,0,helmet
hard_hat_workers2707.png,train,8768697e65048711ecd7cc38724c8ed61471b929c9250f89ca8002badea75970,416,415,15,0,helmet
hard_hat_workers2708.png,train,8b783a646312460da057e59f5e93528cea9d2eb3dd82746957686b5e491983f1,416,416,7,4,helmet+no_helmet
hard_hat_workers2709.png,train,35fc97e92ac7784bcbf2bb8baadeaebff4fb40ffe961234659a3af977d96579e,416,416,2,0,helmet
hard_hat_workers271.png,train,2150fbf80f029a1c5f19d6d6306fcd7e0929dfd0a9d211f000bf3adee7f5f81e,416,416,0,10,no_helmet
hard_hat_workers2710.png,train,8545fea8962bb9af736848308cbca2df4b8f4ceb940b60d4ac1badc3a17fd61e,415,416,3,0,helmet
hard_hat_workers2711.png,train,f9a264b0af9eda04d124dc57a98b102119ad93d6d6d443c83f035b2c579f897b,416,415,3,0,helmet
hard_hat_workers2713.png,train,4a1f879436f84aac182220ae5c3e362122aaa4efeb57346d64e2dc5a60de9a57,416,416,1,0,helmet
hard_hat_workers2714.png,train,1c2d850e97d5a2a47028efa5cfe6ff4ff884fd7caae9ca0e8ea77acfda59d655,416,416,15,0,helmet
hard_hat_workers2715.png,train,0df94a94de63e04aa97745f474321233b9fe942041111778eafa12834deea1ab,416,415,4,0,helmet
hard_hat_workers2716.png,train,b1221cc2fc883936c4dc549ef4d8f6196f84a30b64d490ba71d1a281f74e8f98,415,416,2,0,helmet
hard_hat_workers2717.png,train,f92cc6d58ec016b2245189ec2e61f60d0fc299a70f7c412cc6569b2ddf7945f7,416,416,4,0,helmet
hard_hat_workers2718.png,train,6f70951762790deda4acd6e1133cfd94713d8b4423254d1e2b18a0a8ce7c7030,416,415,0,4,no_helmet
hard_hat_workers2719.png,train,70406e6a845ccf999360280e4ad3f8a495b1400b962184ccd6f4a20c5fdbd59e,415,416,2,1,helmet+no_helmet
hard_hat_workers272.png,train,69069a08b54e8b6b21778aa80f6beaa855032c0725c7239795583653db987185,416,415,1,0,helmet
hard_hat_workers2720.png,train,2be4d4cc7faa3ba5cfb216c8a15935562da5c4bfe37b210a85ba5ec9989171ba,416,415,16,0,helmet
hard_hat_workers2721.png,train,2f1fd90834616d16753a1cf5e0942a8bb21d58c9241a38ec0d41a26d21ebde71,416,415,6,0,helmet
hard_hat_workers2722.png,train,4c03dd2c16442ad1fabd09d5c93b5b1e22033944f6563c9f488de5d907dfa93a,415,416,7,1,helmet+no_helmet
hard_hat_workers2724.png,train,18448271b0815746693fa8e4942c6589c1ae7b3072d73b03da26e0f3d7317afc,416,416,0,6,no_helmet
hard_hat_workers2725.png,train,3fda67a87f7bf44ac0d33842426bc5f7e6eb8ef080131130b980428104c1c9d7,416,416,6,1,helmet+no_helmet
hard_hat_workers2726.png,train,43134974775f63e954bda8606382fced68a8017bf6b92c88995a5e5012b2dc22,416,415,3,0,helmet
hard_hat_workers2727.png,train,aa2c67ad3e4cd10eb58048f0ee3a5d37346bc4d04ef14a7e846165428a1484c8,416,415,4,0,helmet
hard_hat_workers2729.png,train,4bb833a3f18d188af94d8cceead7d6353c0ac7b07fbaf509b3e33f20db2a339c,416,415,0,9,no_helmet
hard_hat_workers273.png,train,935374428c03dacb2207289ccd3ac6e28abc7146f98ac73f7701664b08ed3564,416,415,2,0,helmet
hard_hat_workers2730.png,train,d39524e7020ec11fcb2023c9c28b36b33b5877cad33c117f2da8909a82fa8159,416,416,8,2,helmet+no_helmet
hard_hat_workers2732.png,train,b70aad462c653f73cd61adf0fae5ca237a91cc11ea929f23ea747f34f5547e42,416,415,6,0,helmet
hard_hat_workers2734.png,train,2900decfc9a181becfe29a8f7dcee657ac99d143dda2108306a40a55f1a6c9bb,416,415,3,0,helmet
hard_hat_workers2735.png,train,bfe2679e201db9170d7c7b1f6fd1aa9a675d3a90026f4017afd0d655b00f10f0,416,415,2,0,helmet
hard_hat_workers2736.png,train,4292afcbcc72affc16107607cb77ba8f754f55d3ae1e1bd36b5bb876c3e402b0,416,416,3,0,helmet
hard_hat_workers2737.png,train,558fe05b6b6fac1d6f1a786743f086be51da511687ad660c370536a64595a1d7,416,415,18,0,helmet
hard_hat_workers2738.png,train,416e0c41b90be05b04fc0f44fc48543ef0efc3c1cb7a09be6a5d8fec68837b02,415,416,1,0,helmet
hard_hat_workers274.png,train,c984543531eac6b731f2e2131be5292d61c466e2b28add9457bc22457a1ec909,416,415,0,4,no_helmet
hard_hat_workers2740.png,train,20f8aa7616457d0bf2c93fa43558456847ae0071d2e3065bd7ac0cba2adfaa0d,416,415,8,0,helmet
hard_hat_workers2741.png,train,3688b3a5a6912ccd0a34bff23bdeefca9973984c852983376ed71e03727b8ba0,416,416,7,0,helmet
hard_hat_workers2742.png,train,504630f495c918e4bad73b0fab05ca69102129645711ad93a8b2ecde47e0e08e,416,416,2,0,helmet
hard_hat_workers2744.png,train,8cf94199195269d0174fa8b7e874c2636f26915daf11133bceae7b4ada04de8a,416,415,8,0,helmet
hard_hat_workers2745.png,train,8e3c0cf9860945452737d608b5181ff727f28271365cc8c9e7654c789168d171,416,416,2,0,helmet
hard_hat_workers2746.png,train,1de54ae08727064cb3a4e74e6d835cde530537a6bbc72fdf479dff13f6b829f9,416,416,4,0,helmet
hard_hat_workers2747.png,train,4a240cdce852d6f483dea6bb1b3c72f2edb7d445f41c1e86cf52a6518554cbd7,416,416,2,13,helmet+no_helmet
hard_hat_workers2748.png,train,d6820bf7a01ce103d61450379feae6270daf8c742e5d2b79ca76ce2788f40efb,415,416,1,0,helmet
hard_hat_workers2749.png,train,b3f37e37d07a66bf6834db1c27389f37b412b487c95890c998fd3dffb92910a0,416,416,5,0,helmet
hard_hat_workers275.png,train,3ae91747672bccba6e2f4ffd907e1c1d521cdf3f2114454d52602b408f84ccdd,416,416,6,1,helmet+no_helmet
hard_hat_workers2750.png,train,aa7ff377d09ca12c22180071c0394402d70cf195ddb0f20e91712d3ff1d0277d,416,416,4,0,helmet
hard_hat_workers2753.png,train,eaf67c7b068eca643b7f8fff9dad59d38a90818dd03035fffd7a5c2a1005b320,416,416,10,0,helmet
hard_hat_workers2754.png,train,459dde8ee9e4899b58c1b2cc9ae9426405b4719d454959972ffd3519ec6f1dd1,416,415,8,0,helmet
hard_hat_workers2755.png,train,c0bf88539cd839e19ec531fde2786ba96418089ec99e2cf07ff07343ad16a57b,416,416,2,0,helmet
hard_hat_workers2756.png,train,e513e80bf5d25e839e42d6e4ae6b78fc89aeba0aad9042e4e08ace3f80bbf1b3,416,415,3,0,helmet
hard_hat_workers2757.png,train,544753ea1bb6479f2f6b885fc7caa645362b7ab84e96b1f36b513e59e747d6b7,416,416,2,0,helmet
hard_hat_workers2758.png,train,c060be5ec02cc348b03c9fc957cb868caeadc80b819387de149db7c653cbb3e1,416,416,2,0,helmet
hard_hat_workers2759.png,train,f369cd3d2ae54e5fcf11662027cc73cd9eefc6f078b1f42b89c683c8b2edfd52,416,415,0,8,no_helmet
hard_hat_workers276.png,train,8acce83bee4a10ac05fe9bba734a1e752f940c8856d809f63db1a182e7b56f64,416,415,4,0,helmet
hard_hat_workers2760.png,train,bcec37ee88a4cca5bf1ecfb891d6e12072ad2e6d798c4016f372f78eca24d5f1,416,416,6,2,helmet+no_helmet
hard_hat_workers2761.png,train,ba4eb85d0aff44cc58901f649c18e068e0dc31d8a2f1f6b7ab70999ce2e7e018,416,416,4,1,helmet+no_helmet
hard_hat_workers2762.png,train,f80b89458c571337d70100f78787ff0b716146b3d3d8aa639c3084581128ca68,416,415,5,0,helmet
hard_hat_workers2764.png,train,8055574db504723531bc2662e8abea9195961f45e4c7b223e18e5e3aacef27d1,416,415,2,0,helmet
hard_hat_workers2765.png,train,e2d1a6a55fe72eed4c90ce51c8b4448397bfd7ce7ca61914f782afe19edd72b2,416,416,7,0,helmet
hard_hat_workers2766.png,train,247deef75a4100297d4880733dcae7318cc0f700d456715e4f83c51bc0ea3169,416,416,12,0,helmet
hard_hat_workers2767.png,train,96dfd5e8162724c27094ffa1c67a8f374126577c9d004ea4f7ecccc03b5f25b8,416,416,3,0,helmet
hard_hat_workers2768.png,train,c99b3fee2cd84d693239942e933ec7528615542cea9fdd55bcaa0571a3721d79,416,415,1,0,helmet
hard_hat_workers2769.png,train,3b32b2872162b0f48ca23df30e694e7d86aafa414103cfddf96906b587a3d358,416,415,5,0,helmet
hard_hat_workers277.png,train,9941c936bb80f3c9d790336f4b08e57a247a548c589ae4e9610968b994117d11,416,416,4,0,helmet
hard_hat_workers2770.png,train,1beb116f15d3c921d410d9fd877a5fb8ca6d99f064e7d8a8e8539992f21d08d9,416,416,2,0,helmet
hard_hat_workers2771.png,train,3174d7ab164cebd75c4877721e46089d37605685195adf34c6a3b94913c0bf88,416,416,2,0,helmet
hard_hat_workers2772.png,train,fa1713dfdd88a521035ce0766821c28bbd5365c71265ead3ebc9ed529ce898db,416,416,3,0,helmet
hard_hat_workers2773.png,train,5d926d94c989a8a03ec8c02cc73dba3ad359c0586aaa0fd4b54292775f0d6468,416,415,3,0,helmet
hard_hat_workers2774.png,train,68bec4630d3480f229ff72a91fe0a3450875fba4dcfe4810eff9995562b1e5b8,416,416,1,4,helmet+no_helmet
hard_hat_workers2775.png,train,bd526da7e5ee3fc27ac18929b9d97098c3c6ab2938f9f861a318a7d94a77676e,416,416,2,0,helmet
hard_hat_workers2776.png,train,f3ac54f7c438d8d6886ae45706266bfb2131acbda43d8d1d153bff89cf81f2ae,416,415,7,0,helmet
hard_hat_workers2777.png,train,214188cbed1bcbbd2e077fff416a729847922f99b77aa7cd2077eb043ac21232,416,416,16,1,helmet+no_helmet
hard_hat_workers2779.png,train,231e9895484591289ee23567896fac10189010b23788a4d92c46feabe2f63d95,416,416,4,0,helmet
hard_hat_workers278.png,train,eb79f50d4dcdee02265ce79f769e638206e1b8265f04ac6baec837535772b66e,416,416,1,0,helmet
hard_hat_workers2780.png,train,b1162dce81a085274b470c000893d03d74ec59405804ac10b2e1028ecce6f89b,416,415,5,0,helmet
hard_hat_workers2781.png,train,286f0ebbedd29d57a95ebb2b6e9c5b33d0b9a8db3dfe709300c86fb4516d432e,415,416,4,0,helmet
hard_hat_workers2783.png,train,8aa06b298eb6de96cd0a6ce11c7300154f4eb46c708c2141cbfa78c342ce217a,416,416,2,0,helmet
hard_hat_workers2785.png,train,47967b25fb2ef1fbb04e83f287a2bbf336d3a824632c0913e318146cdc3270eb,415,416,1,0,helmet
hard_hat_workers2786.png,train,6c439450760c3e5e0437d10af1efcddedf265f0b1a1d088d2eb91d9f302238df,416,416,2,4,helmet+no_helmet
hard_hat_workers2787.png,train,e2158e690f1dca318bfb2675e5377274a03322508b12607cfbfec2911034bf6b,416,415,2,0,helmet
hard_hat_workers2788.png,train,c19a6b72d19542e424bfe5b8ece716b445a2577e3485142623bc8a901904b05e,416,416,3,0,helmet
hard_hat_workers2789.png,train,35d95656f5ab03585ac8bc8215ec046e240d06ac692f588f4d080a3b85f9790a,416,416,0,10,no_helmet
hard_hat_workers2790.png,train,33ac1e32ab45b7ba699b28fbb5c68c1c5ee8ffd082c723d21cfe95b5a10f442e,416,416,2,0,helmet
hard_hat_workers2791.png,train,2d49367303a2d7b230fea4cdfcd246f3ff77cf84838fe3b7401ec8f26aed7e02,416,416,5,0,helmet
hard_hat_workers2792.png,train,a9b3453caddbf2d0115692b7cda0191a10f4dad8b854265573c29a18b893b50d,416,415,5,0,helmet
hard_hat_workers2793.png,train,1c10d5d6601f041c0253a8f179b3cdd096f069d6bc133d47d501c1d9edfe0070,416,415,0,9,no_helmet
hard_hat_workers2794.png,train,d77288bfc3d9ce7310c1db1f08112926ef7f7ab3ad11c92e863656a406a15a7f,416,415,5,0,helmet
hard_hat_workers2795.png,train,1d405f37135803b6260f34547083ead3b3cc85d10fd1b16ea6bc2ffe5ddeef8a,416,416,0,1,no_helmet
hard_hat_workers2796.png,train,9f011b4319c79e0dd064143efc76b7c3a5f6830780823d91927e02d6627c6dbc,416,415,0,1,no_helmet
hard_hat_workers2797.png,train,222b7ef98d6437d269f11181c91cf809e069cc937c3e6876362f2db8860596f2,416,416,1,0,helmet
hard_hat_workers2799.png,train,128e3a84cbf7bb1d98d05fe326eaab206d15a8114ea0e3d3c300aedb55b953ae,416,416,1,0,helmet
hard_hat_workers28.png,train,c77745fed786d236c55b02b49ba1276442f54ed807a5cacef396d1c5abb6c27e,415,416,3,0,helmet
hard_hat_workers280.png,train,c1f2b0414c8a0e22cc38f6e99efab00730619fe6cddc2bb84a41065e0c6aec02,416,416,2,0,helmet
hard_hat_workers2800.png,train,46ff974bf041b4966f1fd5e194672cf73d6da6e7170a25b08b1ac1a958fe3a64,416,416,2,0,helmet
hard_hat_workers2801.png,train,72594d5c78f1d2e6152dcb4de33f782d9e5195be56b9ab2aaa177ad048e8b81e,416,415,5,0,helmet
hard_hat_workers2802.png,train,e9f861aa3f58b759932ff2bffee428b6252282a0d19662bfe94e54f07cc66fbe,416,415,4,0,helmet
hard_hat_workers2803.png,train,10f813f41068bf177dad60c2c361f7318c4fedf3cafc0febc0324652fc69d3e3,416,416,2,0,helmet
hard_hat_workers2805.png,train,0074b8c38d9e40bd5714baab045ab93b8853e63e8b4633ad72922b75c79ae293,416,416,2,0,helmet
hard_hat_workers2806.png,train,e539d8510c785b8704067ef2a4441e7e65a764f8bc9c835257032f72bc85642b,416,415,2,0,helmet
hard_hat_workers2807.png,train,39f84859635392e95b3ab789eda2ee1e45a37a5894c82a232c19895564fc816d,416,416,9,0,helmet
hard_hat_workers2808.png,train,6e6b140464116785606c2176385acef38ce8748d6db20b36a416bd7943da7529,416,416,2,0,helmet
hard_hat_workers2810.png,train,25d2b4536f0e8971e31a218ade5cd9f13e3bcd667023ee01077cb0b9e74828c3,416,415,1,0,helmet
hard_hat_workers2811.png,train,eb2c02e3c86e8eacbe7aeb0e4406a4de85e2d224144f8d5ff0b333b4bbf5680f,416,415,2,2,helmet+no_helmet
hard_hat_workers2812.png,train,f5fde92546ac407880ee7e30384643a2c7de166cf6d14f9b6523ee89bb22d781,416,415,11,1,helmet+no_helmet
hard_hat_workers2813.png,train,4b311dba7f0dac2e59d4d83446f21d26c22fe7d2f5373c6ebf40aeef43027131,416,416,0,4,no_helmet
hard_hat_workers2814.png,train,dd6c2ec7fa62b8cce112ed74fbaeeb9152622e2db8459c1f33c833bc9f6ee470,416,415,6,0,helmet
hard_hat_workers2815.png,train,ac9c7ede6e6e0f8241c1e007b3326dd96a86bd6efec5c8e84516565597b3a9c3,416,415,7,0,helmet
hard_hat_workers2816.png,train,a6d43beefe867ddc549c75c2519d3ba912ee175757f37b565f8fa3c18feaf332,416,416,0,16,no_helmet
hard_hat_workers2817.png,train,566dcec8ce38f08d995a5e3fe24a2483c3515aa81e05fd65d9aa9b4dfc3c4021,416,416,4,0,helmet
hard_hat_workers2818.png,train,51fa02cf692546c1a4d092ed16cbc9dfc2b5f84d4f700fd83e70123b268ff24e,416,416,1,0,helmet
hard_hat_workers2819.png,train,96a47ba4c2b3928a6bcc234644ecd3400a13c5728617ad50caa0376985141467,416,416,5,0,helmet
hard_hat_workers282.png,train,a34b8a081b7c98cfd4c69ffe2e2274242d0daa6bc7070266377e7116f50a8dc7,416,416,1,0,helmet
hard_hat_workers2820.png,train,255117c52a7e6eaefd6c19b5531a92743c4fe78c0fde244704ebb26112cd4ba7,415,416,3,0,helmet
hard_hat_workers2821.png,train,8b0de8d4767bcb4ce5c23ef234db4f738062d6f12f5ac053af61e5e81e33d040,416,415,2,0,helmet
hard_hat_workers2823.png,train,45c29e4fb8ab97fd2c5425d3bdf8b060529f171f5f867e7389393684d737cc27,415,416,4,0,helmet
hard_hat_workers2826.png,train,f20373fc7dbfff3a28258660f5e07461e839afa78610619c631227a657c94a99,416,416,2,0,helmet
hard_hat_workers2827.png,train,2e01c90273d3e7f405e5830aa3d8a85c18be8b1610fc2f5b6b29e479a959de3e,416,416,3,0,helmet
hard_hat_workers2829.png,train,6c8a5bce04bbac3987d3835300663d83b98f6f1260a2e06be100156065c17a44,415,416,2,0,helmet
hard_hat_workers283.png,train,e76b1bbf8acbcaf9453cc99ef6cb49af13873b4f4dd50fd6ecbc21d3c86e2374,416,416,2,0,helmet
hard_hat_workers2830.png,train,e356bdbc060f262da0c249bcb335908f8fe84df34a9f95076943333ae9340eb2,416,416,2,0,helmet
hard_hat_workers2832.png,train,56b3fddd9796f62e989d85e44b409c07cdb061ceaf30f8e0a1de9fc9ddfbb935,416,415,2,0,helmet
hard_hat_workers2833.png,train,c9f4971f45882e9cb39ef4d89e22a17f66cd2e704de68bcfe9d7f55da6369d6a,416,416,6,0,helmet
hard_hat_workers2834.png,train,2dcbcd3bed7e9a5ed589e00b249aec797ea84a31701f9e9b983079906e8337d7,416,415,4,0,helmet
hard_hat_workers2835.png,train,7db0ee3678a11a73822a877dc828a5802214c98c8b9e9d395182a72cb1d3b7d5,416,416,2,0,helmet
hard_hat_workers2836.png,train,55be481847e95e22664dcea3b40724ea99f133d50445b5fd116aaf0ab65d530c,416,415,2,0,helmet
hard_hat_workers2839.png,train,bb5e7986cba888db0dd49fa59b41490dbab523be8bd61313cddd801276a29d9f,416,415,0,8,no_helmet
hard_hat_workers284.png,train,d4b64725f5f67173c90eaf13fa2b58c2c369cc7dd7b166377019483b4733c249,416,415,6,0,helmet
hard_hat_workers2840.png,train,b7521a484d174078b471a871935d20fcbc1837afdb52a11c764ccf998de140e0,416,416,10,4,helmet+no_helmet
hard_hat_workers2841.png,train,3a30a223111ca1ea751e227eae5331f65036bc2e5e9a8fb5fa5162d2a31f5740,416,416,6,0,helmet
hard_hat_workers2842.png,train,ab805e3b39cf54d246bd9a6dfe876aa41d46d39bc004c5a2f0c82cb655a3c19a,416,415,4,0,helmet
hard_hat_workers2843.png,train,1e510f921f60ce8bdc0bd57c2ee0a2d200ec2d4019d0c41e9dc3a606ea7e7c25,416,415,4,0,helmet
hard_hat_workers2844.png,train,a14646a19d080781ef06a6bad0a691f5854662a0c9bc7610fdcb70ef6377ed07,416,416,5,0,helmet
hard_hat_workers2845.png,train,b801ffc960912bfc904460f27a266b917ed5a8c2fe51d993695bda52cc4c795a,416,415,1,0,helmet
hard_hat_workers2846.png,train,7ed039e2ad63b23c11320a87abfc4a722137d947b849b6a8f070deb467a804eb,416,416,8,0,helmet
hard_hat_workers2847.png,train,ffe57012f6fd7f5462ec6bc8fcdb1a34faa204eaad0c8860b8437c19acb1e78a,416,416,8,0,helmet
hard_hat_workers2849.png,train,f72a59914d22cd71e1f3f534e0cedf3c2997b8f7f64b5c231d03232347f704bc,416,415,4,4,helmet+no_helmet
hard_hat_workers285.png,train,44d80c5aa5ea17ec6fdc828045a51586ca579e4045eaed568eb6db6b82063231,416,415,1,0,helmet
hard_hat_workers2850.png,train,2910347aa003f4947eea734f3fdb5d94c876742057722a849a89fdfd28057fe5,416,416,1,0,helmet
hard_hat_workers2851.png,train,fa30cb30b436e494397ae07dbf4b5d07bff9a94eb0a2c2380faf3e9a494692cd,416,415,0,8,no_helmet
hard_hat_workers2852.png,train,36875dd43d90d1b85c8b75b8bedca5964ef9d5c7ab46d2396f3984f53152e7a9,416,416,0,1,no_helmet
hard_hat_workers2854.png,train,cd737d434d7c68512271ae0651c0f5cbf6a1f1b6ea00771265218337b66cc6cf,416,415,1,0,helmet
hard_hat_workers2855.png,train,f879ebc70798f6240a7b313cc5a531c20271d3b06d6791e2381e3934de7439ac,416,416,10,0,helmet
hard_hat_workers2856.png,train,502ab129951fcf178667556fbfd4ff9caaa9b050542d6ad3ed706aa3c3a3ea08,416,415,4,0,helmet
hard_hat_workers2857.png,train,74fca1a050a3dcf908cf5d9f756f79a3c4069cd05caf59ec0065628256e537cd,416,416,8,12,helmet+no_helmet
hard_hat_workers2859.png,train,5926963a54cf9d86e67d8535f13308f2585580fa06ddcf293909ce9e02e0ee8b,415,416,3,0,helmet
hard_hat_workers286.png,train,5f6ace42ad0dd0b4ed722b7942020171187551991471d7887892cedceda6f59b,416,416,2,0,helmet
hard_hat_workers2860.png,train,164409f33ea1b6a3409fb8460600b9654e5bfe95f00b00c5a6572ead4a0e89c0,416,416,1,0,helmet
hard_hat_workers2861.png,train,dc4472671ec5d055839cc9a1b03b27d4181834b9fa0ee49fced2e17364ad327c,416,415,2,0,helmet
hard_hat_workers2863.png,train,de42732dd5c427f049a37b420ad0d089cdedeff3b216f1ec35556cb21410400e,416,416,1,0,helmet
hard_hat_workers2864.png,train,a71f5cf63dc586289f17bba8d15c509ec848f8d2a273cb98603fbf53ffa287d0,416,415,3,0,helmet
hard_hat_workers2865.png,train,20893f22c65fe3d4ac2a20465ee16c3fe261d3e254ef0dca8c4c47c80c9d68f0,416,415,2,0,helmet
hard_hat_workers2867.png,train,dacdf31dc8537d4977875c84e8734bf3bede6b73c05a458e53e714419c9846fd,416,415,3,0,helmet
hard_hat_workers2868.png,train,af5fb938b4d9695847d52b82e2617f474fcf28f467b89c206eed0dd8800d61fc,416,415,2,0,helmet
hard_hat_workers2869.png,train,e324351f4eb4f7c740e40e9d69ad086083a666b93567a3bc4331171d5d8b24e4,416,416,8,2,helmet+no_helmet
hard_hat_workers287.png,train,5613b327475a1c3e858c76761450a9d8559666e4100500119278d3c7c3d8dd2a,416,416,8,0,helmet
hard_hat_workers2870.png,train,531f1c74aaacf928f795b2ccc72514e1bf470bbc35e410f9ddfa337a1a762d7b,415,416,3,0,helmet
hard_hat_workers2872.png,train,6b3f637d139f02b32ae676ac13fb3180bc0768e4d594a49289da85d456029bf9,416,415,8,0,helmet
hard_hat_workers2874.png,train,0ae88966cc5b071fdccd311a98a683456b538ae1d8600880d59d28d2bfc80f3d,416,416,4,0,helmet
hard_hat_workers2875.png,train,e876d0f90018b0dc0270f79605db87da8320a0cda4aba61b30317727691fca03,416,416,4,0,helmet
hard_hat_workers2876.png,train,92adc4232ba67f8bf88bc615e064eacdd98e5a9b335b7da939b705838b81b831,416,415,2,0,helmet
hard_hat_workers2877.png,train,6d5f846c244aca187643f8e7ca7f7d26a4b4ec5d988e4a0c3eaab1194aa27254,416,415,1,0,helmet
hard_hat_workers2879.png,train,7afc4385a4aa25c0641de0494765297917462f4e48460573392bdb6093de73a2,416,415,5,0,helmet
hard_hat_workers288.png,train,6b7b1812c6d2a406cd3b93d9451c8188abd7b5c37adbf52c95cf20ff6519e82a,416,415,2,0,helmet
hard_hat_workers2880.png,train,794b0ae217d8ca2f67874b91701a6db37017ad917153976494762666006d1424,416,416,9,0,helmet
hard_hat_workers2881.png,train,351f302805d0fdc5e74c347d8fa1a2db4e45928f88dd9dd02849cf1634e448e4,416,415,4,0,helmet
hard_hat_workers2882.png,train,35d47c27985631d97bab6cc2619e5783167c40d4261508ee303e08f905292301,416,415,1,0,helmet
hard_hat_workers2883.png,train,30447be8253dfd9faa8e88966b1a655d81cd70c9488536a6cfc254116794696d,416,415,4,0,helmet
hard_hat_workers2885.png,train,772360b89796286fb4ac6e3fdfb44c3908c7c8a474705166e50606390bcd59db,416,416,10,0,helmet
hard_hat_workers2886.png,train,4a8408d3436dc32b03590f460698aa3b1e32629eb9661ea8e3c8bad314991173,416,416,8,1,helmet+no_helmet
hard_hat_workers2887.png,train,5a12d538ded0457c8edc207a71ab1d5a0e73f09a4af4814a21a3f263fd9cd8de,416,415,5,0,helmet
hard_hat_workers2888.png,train,d60c4277a0abf78b88264f5228ad73d6b8de46d56ecfd050f3d008d95e8c7e27,416,416,0,8,no_helmet
hard_hat_workers2889.png,train,d628b4b1f99a790b944a45502388fe24ec593b4b1c3396f3bb9a43ec50fda58e,416,416,2,0,helmet
hard_hat_workers289.png,train,9996c89bba9334b6be98c4ade99a97813bec6eb011e0197218617f302b6fcdd3,416,416,1,1,helmet+no_helmet
hard_hat_workers2892.png,train,3d5612f12c894838726e59af3a34139844b039b49073cc7907f6949c9a097fb7,416,416,1,0,helmet
hard_hat_workers2893.png,train,ea792ee170b963b57bcef6aeac6ff489ca373c755a95f4afaf907cd2616bd153,415,416,4,0,helmet
hard_hat_workers2894.png,train,a15a9d53f3aed2b921c13872d798a805702776de80cac37f64b668fed3907131,416,415,4,0,helmet
hard_hat_workers2896.png,train,16c858a5559bf092d8cb6956cccf434d280674f92a2897dc429a906a2b069a79,416,415,5,0,helmet
hard_hat_workers2897.png,train,ec3c6aace7093ed0a0ba3f9787c9593ae7baae7f3806e936812e08057b24055e,416,415,2,0,helmet
hard_hat_workers2898.png,train,54dd96456a74f9ac150527fdcde23dd5ce7648f5ea6a6b4d424d0b184eb03892,416,415,4,0,helmet
hard_hat_workers2899.png,train,05911c6d43fb75bd5412a1882caa8524a1d72bd1db3017b1589809fe14f34c28,416,415,9,1,helmet+no_helmet
hard_hat_workers29.png,train,8d430e116f5708108a37391af938294369b01db6b645f3e28c8051a6a0e2f64e,416,415,3,0,helmet
hard_hat_workers290.png,train,d1c3a1c162304f2b0ece6178590982548aaa0216f27029392e89357098e1fa2c,416,416,12,0,helmet
hard_hat_workers2900.png,train,3a2ccb8cb88cddc5eb15efefdbba4342ab69711e95296b8d8eabc62bab0694cf,416,416,1,0,helmet
hard_hat_workers2902.png,train,bf0ad4fa5790e3e1e238c7edbb5d39e0a616d10b1f6fdc9cd935feb3fca0a63e,416,416,3,1,helmet+no_helmet
hard_hat_workers2903.png,train,b54b963102c9986c7df61e0a65e87c56e401efbae8ca31bff7ce67d7a857e761,416,415,10,0,helmet
hard_hat_workers2904.png,train,163a3f502102b23494c1f8821a5324ac45da000a4d779745784a9f7c9842ffba,416,416,3,0,helmet
hard_hat_workers2905.png,train,28362171b560ee73e3b4aad71997ac1db7e884a2041186ec0b4446fb52f2f8e0,416,416,10,0,helmet
hard_hat_workers2906.png,train,e640046c2c5312f6dbb4c086583838201e094e7354d8d665e406cea74990708f,416,416,2,0,helmet
hard_hat_workers2907.png,train,4e2e9027e117383164eb8404e00186fdce7ba4126c1c4fa1d44ff45ce83a4f20,416,415,2,0,helmet
hard_hat_workers2908.png,train,37c2046f46ad720eeb9e258af54e74010461f43398451d6908e1224ba4cd7397,416,416,3,0,helmet
hard_hat_workers2909.png,train,d3482fb6321e88f1212c81d9005ae27c5bd91be831ecf4dacfb15a12a10bbc23,416,416,2,0,helmet
hard_hat_workers291.png,train,1d5516cb5301a6909f74c5170a88871d22137b70e8262d394255cc2eb544dbe5,415,416,10,0,helmet
hard_hat_workers2910.png,train,86b8e3980b693a7e50bf7f5b13efd6aa190a8573b88708922d7dc3bd1ab28c1d,416,416,0,11,no_helmet
hard_hat_workers2911.png,train,7a69b5222937fa47c055beb30beef105e3a064fcf2d28c1e249c5e4ed724f198,416,415,6,0,helmet
hard_hat_workers2912.png,train,ab5a2fc370b48ab103a7290c7c26307746b8fbd95785d88f80d7abacb193123d,416,415,0,10,no_helmet
hard_hat_workers2913.png,train,7815ed53e7fd017f6ef031a6c3a0d8089ddd073ea9fcf1d8fcd4acd1ee00851c,416,415,6,0,helmet
hard_hat_workers2917.png,train,ea918bfabb58927741f699bbd329366a9f7ea5ef105768ba56e8d91d1462e55d,415,416,3,0,helmet
hard_hat_workers2918.png,train,11ba816b4691e63d8a4588ff655dfa1a353e3061e748eba565ba9ad39d2b8ef5,416,415,2,0,helmet
hard_hat_workers2919.png,train,1d152aa169fa964d1ebe6db6c98c523f9af4a3f17e2d5271815975b6f323ef95,416,415,2,0,helmet
hard_hat_workers292.png,train,76aef4252b5b0985fb48df585fb7b964300802579450ec4b921660f5b950915c,416,415,6,0,helmet
hard_hat_workers2920.png,train,e451bccc21dcb66b825f6c491745f92b10207b753023612db6f71f8b024977c6,416,416,2,0,helmet
hard_hat_workers2921.png,train,afbe0cd77e83545d5ed21114cb05c21b6c4f6bd3732b3c83c1044320d2b2c715,416,416,1,0,helmet
hard_hat_workers2922.png,train,0ea8a731838a420d863577b9556190717bac95220808899d41c924c671dbec7a,416,416,2,0,helmet
hard_hat_workers2923.png,train,829dfbfcec207e36e95cff23ec0a5d583aab3933ad59a511408118f6f3131471,416,416,15,0,helmet
hard_hat_workers2924.png,train,dd588380e3d879fd73bd4520b2b7194ec03da3830410a48502e2197812b48811,416,416,3,0,helmet
hard_hat_workers2925.png,train,55683ecd3f3e1cea230e351dfe8e3be1eac03f678532529634d4a56bd3f6bca8,416,416,2,0,helmet
hard_hat_workers2926.png,train,94452356671549d6fe9984c7f213f296ac10a73a41b1f8a6708d87289d52d919,416,416,2,1,helmet+no_helmet
hard_hat_workers2927.png,train,331a96a4f7b1368d05bb22e96b8ceb5748a7e0c968aa1f52a5c03e83b783c82e,416,416,4,0,helmet
hard_hat_workers2930.png,train,1b49ae55264622a19c768dfb9364d29fe9e13393ec6886d19852373918e565e3,416,415,3,0,helmet
hard_hat_workers2931.png,train,feff40568daad0eb3328b5eb6bed4949809cb51618d9dc079ac0bff23c8a3b36,416,416,1,0,helmet
hard_hat_workers2932.png,train,a40d3a53eae4ab1a49cba95f6d74b2b88b6e4ac20a1ae3fe1ba60832e1926674,416,416,2,0,helmet
hard_hat_workers2933.png,train,f223e87950712147dfe0307f20f5571653c413dbcb4e38aa77df7d4697df07f2,416,415,4,0,helmet
hard_hat_workers2934.png,train,aa38a364aef677314dcd64bedd8e554399fc5f53fe8f6bc02f8b6b1a0ce9cd27,416,416,2,0,helmet
hard_hat_workers2936.png,train,db0458aaa1b322fea76b4f52e068638181240d04e051d9cfceb2415e75f06d13,416,416,8,2,helmet+no_helmet
hard_hat_workers2938.png,train,8b67a94334917d6230c9de414bcc40f3888fd617712cd39fd8f153da2697ebab,416,416,2,0,helmet
hard_hat_workers294.png,train,a6d35139d976cc5ed3979d1d773dcc031253bc085ca19feaadac317e0eeb1a37,416,415,3,0,helmet
hard_hat_workers2940.png,train,19ebee0a4f1228abf0f75635846c15c9ee5f776894df797ea994261c672534e4,416,415,0,12,no_helmet
hard_hat_workers2941.png,train,dc0068e06432590f2f38c6fb6f17077729e80b374a9bbff894bb79c8c5d52514,416,415,11,0,helmet
hard_hat_workers2942.png,train,185db49c5fa765beee5d2b24a06f7bd5ef08a72efccd196480eafc6e7c72d7e1,416,416,1,0,helmet
hard_hat_workers2943.png,train,2cf1ad812e54113bdc42fec0b8b95da00bdeb9dbfd182e216f45d21b03cd71d7,416,416,1,0,helmet
hard_hat_workers2944.png,train,c61bd3e2c6db77520689875866fd6e3508fb8a67e0415a966ad17c7358a15fc5,415,416,2,0,helmet
hard_hat_workers2945.png,train,adfb2e9b4dca813c72a41fc6b772e7a43a7cc3525115e4949d6fe90c3f9e3796,416,416,3,0,helmet
hard_hat_workers2946.png,train,a57c5c39e8b5d4ca560d017055ef5272ea771852a90477f168d500905f550ce1,416,415,2,0,helmet
hard_hat_workers2947.png,train,7de304b5decc5d8ec223c6f7e7f3ef6134b5423df05b34a0c3d9bd599337c8f8,416,416,3,0,helmet
hard_hat_workers2948.png,train,ce21ff03f69768613792ba844505f0a5257ab54e5bda7a7d2fc7ff15a0ec9722,416,415,1,2,helmet+no_helmet
hard_hat_workers2949.png,train,7e62217789f4bf03567e22ca8ae02b42cfaddb363923fdaae70a03a9dc47c62a,416,415,8,0,helmet
hard_hat_workers295.png,train,9e6a3a69a4d2d5e3fbddd40c2bd32945df22463d25142d297b86dc77b3605cc2,416,415,10,16,helmet+no_helmet
hard_hat_workers2950.png,train,5da9a095153d7ed632d4b07289ab1fc3d20a352239034ceb47d3a243e34f74a8,416,416,1,0,helmet
hard_hat_workers2951.png,train,6228f867960da20362d4af624cbb4b2f0f32f1f4605a57c239a428beee6ef461,416,416,5,0,helmet
hard_hat_workers2952.png,train,5923091ca2e70e6a2308b55c07b2a0ec10c33cf0673254213fc75b309209ed1f,415,416,2,0,helmet
hard_hat_workers2953.png,train,82601530fadcdb79c251f6c5a51f12dc747592f81e69ac9cf4684fcbfa91b735,416,416,2,0,helmet
hard_hat_workers2956.png,train,c41a2df3e421dd0b670da90c7854a4cd8df67c9bd2bf2a13c4740ddb68f5eba5,416,415,2,0,helmet
hard_hat_workers2957.png,train,471cc4b33e88431e4cb39ec159ba913da7086b977c69d292497547bf7f9761cc,416,416,5,4,helmet+no_helmet
hard_hat_workers2959.png,train,675debc255c4937e04c9d44281c851852c4767fbeb5c0b850dd8e3d59d0c5caf,415,416,1,0,helmet
hard_hat_workers296.png,train,1479523fff3d0245a0f5853cef3a725677ebe2d76e79d289bbd4a702830c884f,416,416,6,0,helmet
hard_hat_workers2960.png,train,089a9742d7a5b71184ac65c103fd0409b778fa2ff6607ea2400534a4dfb0e11d,416,416,2,0,helmet
hard_hat_workers2961.png,train,69fba87cd2bc4ef686519ce48e70faeb8516b443bd91065048394eb58e5a089d,416,416,5,0,helmet
hard_hat_workers2962.png,train,798275a2c9ee84c6076411ea6838c6ffd7eb9467e419873b57159676ca2eff1d,416,416,1,0,helmet
hard_hat_workers2963.png,train,8f945829b7ac993bf4b4f78f9845d53d3f25a1f92dca23feae9753c627436bf9,416,415,26,2,helmet+no_helmet
hard_hat_workers2964.png,train,ae8541065ef6c3d56c169e984a6350467f1bf6289428055801c919e86a904493,416,416,4,0,helmet
hard_hat_workers2965.png,train,915e5ef7571dc6cdc1059bbd09f4f447841c36d858f173a37b21371342892b75,416,415,3,0,helmet
hard_hat_workers2966.png,train,8e3489ac48c81c4c665bb4a1f310d100ea550c49d49c09ff980d6f3c6ab9107b,416,415,0,9,no_helmet
hard_hat_workers2967.png,train,d49fa07524530e147387b53438f70dbd2d83ab03c8b5d9b1eed1c01579b8cbea,416,415,5,0,helmet
hard_hat_workers2968.png,train,5ba2ec755547a15b8f9dad5b48cb8b6b513760997fdd80f86cdc7cb7bad23272,416,416,1,0,helmet
hard_hat_workers2969.png,train,a1547cbb5eeaa733fa125a90b45f7301ec0cad8e513ddd7871cbb086ec794ca0,416,416,8,0,helmet
hard_hat_workers297.png,train,8c3b1bfd8fc3788b59e67b5a14532c1b1e49ed4a3f9a2f27733555cc4040fa7f,416,416,5,0,helmet
hard_hat_workers2970.png,train,8ae48af81fe3a1a99fa6877d601d69dbac5a9e04c36466a11824208e8b6d5538,416,416,1,0,helmet
hard_hat_workers2972.png,train,c749e34132e77e3636f6a2177a8eae70529e81a5459266cca21d1310af3a67b2,416,415,2,0,helmet
hard_hat_workers2973.png,train,02efde255b86f3afbec359c492b525c9cd2cb7bfe0939facf74cc87868ef6dd7,416,415,3,0,helmet
hard_hat_workers2974.png,train,106e07a0eb893715a42b934a5d7f91f099b6e347edd9ef3c894408697dfb05fb,416,416,2,0,helmet
hard_hat_workers2975.png,train,e07b91fe383e146b835f9daff66ace3134369afad5e40dda53a4252c8760a8c4,416,415,2,6,helmet+no_helmet
hard_hat_workers2976.png,train,bb39a7dc3ca3638da4715f02e2eb5aa0607d1915e0dcd45b52592cc884fb1bfb,415,416,4,0,helmet
hard_hat_workers2977.png,train,d695f33fb246a8ed5c4ce0efa46b4f1821c23f4e0b0e5abc0320038075d31c6e,416,415,0,4,no_helmet
hard_hat_workers2978.png,train,de7c486e52f78d6c152d4c9eb4ef7d4cfeb040401eaa05b58308bcd937c646c1,416,416,2,0,helmet
hard_hat_workers2979.png,train,fd1a0fb434a776ba27dcbffe27a83baf251f6b6a61d9e00ed51329f096c855f2,416,415,3,0,helmet
hard_hat_workers298.png,train,22008fad1c6f09cc7f10eaa9ac3a90df1a1fe8b54cdeaf828106cfea313733fd,416,416,2,0,helmet
hard_hat_workers2980.png,train,01f14f92ab5167fae2a2741e70164be01ae62caad15010a3c08d1a868ec374ac,416,416,6,0,helmet
hard_hat_workers2981.png,train,fc9358da9407e1ed52a7b608c10866d6753f41e52a5fe2ef66863828e9c7c44d,416,415,6,0,helmet
hard_hat_workers2982.png,train,100a0dcf2ff66564569b21b4b0aa4fbbdff73225d98161fc1ed4e2af9527a9a0,416,416,4,0,helmet
hard_hat_workers2983.png,train,76f060b5525c68f78846f275ecd26a5d22159d540dbfd71493ef9256f51afe81,416,416,6,0,helmet
hard_hat_workers2984.png,train,e5e744f26d6d19bb50740e6a8cba854a650b0e08e411ea91aeac29c00bcdb421,415,416,1,0,helmet
hard_hat_workers2986.png,train,70c30ecd99557670c1a42aef5b27bb53ad778490ad4dd7c2947973093d8de5ab,416,415,5,0,helmet
hard_hat_workers2987.png,train,3c635eebbdb27921c47146d9714ff0da6139fb33eb796f99cbc383b6a248a92d,416,416,0,6,no_helmet
hard_hat_workers2988.png,train,0784b7e40e1a3026107b8226b919880154c2bd6fe1fc3aceee8e2e6211a46626,416,416,6,1,helmet+no_helmet
hard_hat_workers2989.png,train,4bbc89b90daf664d826954979a2e61e81c38f7d397fdc30181ca3151e2043a46,416,416,3,0,helmet
hard_hat_workers2990.png,train,257d695b6662b64b4ea236029525ef4902bdcb52360c7546c2e6b9903cbe87b9,416,416,2,10,helmet+no_helmet
hard_hat_workers2991.png,train,91c83d4f02a4b8caa5ede879f135ea150cb3097770093283819a46012d6678ef,416,416,3,0,helmet
hard_hat_workers2992.png,train,4c671c80b1df20a5efa5228d08a258e9fa7b7f1cf87f9b04ba2464bcfe907490,416,415,1,0,helmet
hard_hat_workers2994.png,train,739b7bceee51d1d9f681ea2b03398c5c9a1858dc90de68b0d12b328e314cef82,416,416,0,11,no_helmet
hard_hat_workers2996.png,train,9af8ff42efcdace003b09215708499fd4daa7f7b542c884dcca2065e5bd2c411,416,416,6,0,helmet
hard_hat_workers2999.png,train,b105289d37dd6b6e4f339ca97744166f098943957dfbcd407d559f582a0d92dd,416,416,2,0,helmet
hard_hat_workers3.png,train,216ac3f8e50ab058d2d5580d194b4a7da8dd278f2067d7b927e02a3570f418a1,416,416,3,0,helmet
hard_hat_workers30.png,train,4c53a79fbcc9b255f4ac21343504047d66ac627d202075e0cab9dadc8a7bce7b,416,416,3,0,helmet
hard_hat_workers300.png,train,f0f560c028375fb1edd54ce0ce11af0bf2f99ce722d4e0abcde2a30b31682827,416,415,1,0,helmet
hard_hat_workers3000.png,train,b5b57d10a08238e85ac08e3a1ebbb77b1669916b9c8d977e8933001655996b52,416,416,7,0,helmet
hard_hat_workers3002.png,train,5e6414d9b01390e98e2f50f0034c86ee1adca9bdf32f37e22ffe0d66419e699a,416,416,2,0,helmet
hard_hat_workers3003.png,train,7d172c5a84e4923d5871509d3bb459b7e52306271563221f51909d83cbedcd01,416,416,3,0,helmet
hard_hat_workers3006.png,train,557af94c3600fccd008a8a7de73e99a1bc609eaac8792a5b917fe05289538f0f,416,416,3,0,helmet
hard_hat_workers3007.png,train,f500a72191816f689a8e7ea4b8daf2eb90a4c2d606b9dc2a3007c3876f6a422a,416,416,2,0,helmet
hard_hat_workers3008.png,train,2afac1f756347443cd8fa5e36b4f10a330f25fe8539b9aae66c0db3461272abe,416,416,2,0,helmet
hard_hat_workers3009.png,train,d957e0b0b76d6fb51e914699e26e497eca0edd52833d2b9ee9208915b51a75c2,416,416,2,0,helmet
hard_hat_workers301.png,train,955af0a25b983e2f1363e10ca7a8563812c2020b8304b8b67187bd12bec61a1e,415,416,1,0,helmet
hard_hat_workers3010.png,train,671712e1505a1d3e4c9f1e0ec0083eb1f84adec24c681f74b5f09f42db50a4f8,416,416,3,0,helmet
hard_hat_workers3011.png,train,a70f2a9cf82c0ac1bac85a14b77b306d8e7abc763e59a8cf4b477ae39c81fb33,416,415,10,0,helmet
hard_hat_workers3012.png,train,06f6c49b5e2e7e7902752a92a341c8fee5fa09cd14e4b697c9192f32bcfa8ab0,416,415,1,0,helmet
hard_hat_workers3017.png,train,20f6f6c8df0b8a81ddc10d2c19a3ca66e42e5aa87e8eead35a6a00468dca2a77,416,416,3,0,helmet
hard_hat_workers3018.png,train,5fdc061e96d90207505a16f03812b449a72f4236e6393016c4e70d888f6459c8,415,416,3,0,helmet
hard_hat_workers302.png,train,e5876b1d68182963878679d183ba056194b1858e5d7562098c3389809c81cad4,416,415,0,8,no_helmet
hard_hat_workers3020.png,train,6e7ee8da3f9184a4cbdf7061e98dc05102f6747ab59117285778f25119a07d27,416,415,1,0,helmet
hard_hat_workers3021.png,train,a31baf6d529bcac988675a72fc2e03678223c6d9245f25153df8f5468e5e6e1c,416,416,12,0,helmet
hard_hat_workers3022.png,train,418d77396b5555461bff22027e740d7ab5711c727aef47e2a8eb494d3cd804df,416,416,0,5,no_helmet
hard_hat_workers3023.png,train,069b35069312b739a49813ec8ed510b430bbc268ada6e6e9066712447f12822e,416,416,2,11,helmet+no_helmet
hard_hat_workers3024.png,train,f1e33e8018eb8f463b75724bdd42f008fd83696f924af3e2e83f0ab65d1b1a01,416,415,4,0,helmet
hard_hat_workers3025.png,train,f3367b08e5f061d9492d0a46ff3d2b4d263079d955a44495ee6cd4da841a16d3,416,416,2,0,helmet
hard_hat_workers3026.png,train,89d1b7f90c764032e6cf548bd024351f6594f019cec3b8338cfaad83208b4c02,416,416,3,11,helmet+no_helmet
hard_hat_workers3027.png,train,59fa341535a1d8f6bbde23f20af9b90511d9a182334fd79cf1fc073c9329a78c,416,416,4,0,helmet
hard_hat_workers3030.png,train,5e7324dd92bfcd544cf1f9d7be2e64e4eb46570c8d24344eb94c0bd375ad6a3b,416,416,2,0,helmet
hard_hat_workers3031.png,train,be5086c200c7d709bd182eb9195aa6aecdb8526a7ca4e96ae189301b5a489f0b,416,416,3,0,helmet
hard_hat_workers3032.png,train,24adeb09ea56fc60ca6d7c0207447130acb44e2b18e82dd1f6973e7c2e26ca4d,416,416,2,0,helmet
hard_hat_workers3033.png,train,d87d1b79a28392e0c8f0d1c693214b08cea3bfafa28977a5ab7553027f8d2bd4,415,416,2,0,helmet
hard_hat_workers3034.png,train,4e6271d8c1e9a9bb3589c7e9e2080b6d73f11a1e0528c155a2db313a77bdf2d7,416,416,2,0,helmet
hard_hat_workers3035.png,train,4e1734700920c07195c791e080690f47db768423e5718fbf986e412592150712,415,416,1,0,helmet
hard_hat_workers3036.png,train,44867731facbddf59dc5aebaecad4a999ee58e5886791d972d117f2aeeedf697,416,415,2,0,helmet
hard_hat_workers3037.png,train,f34b16a8c57717df308421462e88c2d5287c4ff72d9ceec53844a185f3d0f547,416,415,2,0,helmet
hard_hat_workers3039.png,train,31dd74279d83f29d6264135e5d39e5aeaffc287c36abad482137c9dc753bcd14,416,416,8,1,helmet+no_helmet
hard_hat_workers304.png,train,636a77edc68ba988c69cf73f76dd7536feb6e46cdde402128ed64ed49ebfcc15,416,416,2,0,helmet
hard_hat_workers3040.png,train,ecefeeaee1d1731bcb6bf45dec72f8de64c788d401b7f9eaa9f46df5bc0f2bdc,416,415,4,0,helmet
hard_hat_workers3041.png,train,8c64fc00eefc3e1b196ab3e35f3260a69feba98c6bf2c910241c1955bf2adb12,416,416,10,0,helmet
hard_hat_workers3042.png,train,ab67dc0cf5505d22dc592d9147dc5634e42f2cd86ee3e77666b851145a094acc,416,415,2,4,helmet+no_helmet
hard_hat_workers3043.png,train,0390f7f494c1792f35a85e3cc5d85fa77ab02316c497fef44a48bb541b4246bb,416,415,4,0,helmet
hard_hat_workers3044.png,train,0a9c05d0cb62aff145df0e7d62e3f231072a913eeedf732e411bbeeaf5bff0d3,416,415,4,0,helmet
hard_hat_workers3045.png,train,2d3243e8ac102be43767afda9f99e96696860cf50d2a7f6a373d41b662442643,416,416,0,4,no_helmet
hard_hat_workers3046.png,train,c5d9c5fe7e518a7556fe4c642053577771ab1a51b2ab9b56ea0e74694243bb6f,416,415,5,6,helmet+no_helmet
hard_hat_workers3047.png,train,902d78d3ca0b7aca12a95369e2ccbd6767bb9050327208c5104bc362914b6923,416,415,2,0,helmet
hard_hat_workers3049.png,train,e70bc79aff1d5d27d5b28add9404bedb73db75604e268c583ff2181fd55f6cbd,416,416,2,0,helmet
hard_hat_workers305.png,train,01cc438d0c84378d1ca111c89f45b36ad52e7f2a27584fe91f166bfc02e75110,416,416,4,0,helmet
hard_hat_workers3050.png,train,74922f04a01c028f615bcf8e31c1bde13afad0479815f0b04979d882924891ff,416,416,4,0,helmet
hard_hat_workers3051.png,train,f65a9ecddd3b785a9909c8806b639ab59420af0c6de4143efaf7734396dc27df,416,415,7,3,helmet+no_helmet
hard_hat_workers3052.png,train,f25106f268e0e85e808563dbe9a3c77b2f4d4949b68df7c8caf12d18f1220e43,416,415,12,0,helmet
hard_hat_workers3053.png,train,af7875e698c46b2e71cb25deefcfc75c1f144467834c0cfbcf73a56feb4bdeb9,416,416,2,0,helmet
hard_hat_workers3054.png,train,705b1ac99cfa92ec48da1577b61a0b754be9e37ce5caae5ded117129d3beeb57,416,416,1,0,helmet
hard_hat_workers3055.png,train,b5a49add4f80f4a63307cda5d30688aeef46c9591a9ffd7f40d0c3a7c62e7476,416,416,10,0,helmet
hard_hat_workers3056.png,train,6cc07ac5d92bfc6e52f06eda61f08e7cacfe3fea55450870d32f94408927ae8e,416,415,2,0,helmet
hard_hat_workers3058.png,train,d7e60e20981d6e0b4e35081865da083e3d11bfd376b1697a69b88a4a95857b11,416,415,3,0,helmet
hard_hat_workers306.png,train,b768e4f32e2da88b0dd35dd63ce915f6834833d3adb1df294dc99594d76b1597,416,416,0,23,no_helmet
hard_hat_workers3060.png,train,15365817a494c87c45743f1b85c523af3c7c780960c2041cf7daa1abaf767b8b,416,416,2,0,helmet
hard_hat_workers3061.png,train,ea29530c43a18ba6222257f08f74768fade3256594e9f3d81dd400d81dad705a,416,416,2,0,helmet
hard_hat_workers3062.png,train,9a7af30bee5fc08581ae49fb9350aa381264ca9dab068b5aeb81029af93c04da,416,416,5,0,helmet
hard_hat_workers3063.png,train,68c22598bf118cf290140ff685f9cdd7aa403ff8b976a0b825cafab27c737cd5,416,415,4,0,helmet
hard_hat_workers3064.png,train,9d9d4ea5114899d313787d3484adc45550e6be0e21cea498e4f283957b0eabac,416,416,3,0,helmet
hard_hat_workers3065.png,train,6d7e5f4f883cad594dd730609018b41723edc7a348e36597ccff6940f872bc6a,416,415,5,0,helmet
hard_hat_workers3066.png,train,2aa2f661fe0a8ffc958495bbae67d61bf21c3d6629a60eb82a707f4d8c954650,416,415,2,0,helmet
hard_hat_workers3067.png,train,1d0e9aa23f21301cabaa7c79a3919990ef0b40cf01f56a4ee1316871e2a17edf,416,415,5,0,helmet
hard_hat_workers3069.png,train,7ba464ea57bf0c0b662bbb554e6f4da1355e4d1ebced1feef12c7951f178c277,416,416,12,0,helmet
hard_hat_workers307.png,train,2c5a109f31a583c9031037d194ee5bd96a1e39bbf10e94aec834b24548c8c403,416,415,2,2,helmet+no_helmet
hard_hat_workers3070.png,train,de1e6f9ad6c615610fc2ea61060cad75f9376db53de7026cf13f216a05c14aee,416,415,1,0,helmet
hard_hat_workers3071.png,train,005feea5e28d8b9d6e9a8d3c2d1aa3d7ff031eef278c681a040c2d19de15378c,416,416,2,0,helmet
hard_hat_workers3072.png,train,10060c4f9033ebb986c3b8dc5972d405e6f0e7209662fb434b922327353da73c,416,415,11,0,helmet
hard_hat_workers3074.png,train,0ecdd7c581b4314e74cbc954e719f976a9600b809a0d2aeca4b53d39cba7d8f9,416,416,1,7,helmet+no_helmet
hard_hat_workers3076.png,train,9e3322edde0a7098835723d98d647b47691a4314989a4014c998729b45204a5b,416,416,2,0,helmet
hard_hat_workers3077.png,train,8626bafbe8e6c23f2e6f732798c3b04529cef5ac9fdb4f51a266581dd0252323,416,416,3,0,helmet
hard_hat_workers3078.png,train,5a0184e86dd7a4dca5296c71bccda87bc3250aa7bddcb0188b06f242249a2478,416,415,6,0,helmet
hard_hat_workers3079.png,train,5d7d3a27bc8f9013f754de6070865c3f7b1041ea1081e748aa2725c45fbd5b61,416,415,0,16,no_helmet
hard_hat_workers308.png,train,768640afd8b373fb5f8949335c5c81a2bc64a9e01346e97ec8a3bb07283f76ad,416,415,6,0,helmet
hard_hat_workers3080.png,train,3246da58ca450c05ef86d4144d41e9bc2213a330057d1bc39016b65e5e1d7490,416,416,7,4,helmet+no_helmet
hard_hat_workers3081.png,train,74013b91f4c47e8cce3a98da8357f505b94409540373ad570b05800d91c838d9,416,415,2,0,helmet
hard_hat_workers3082.png,train,697dffc63624856086f6de472351d8662e30609bb6b44853d79cce3306e8850e,416,415,2,0,helmet
hard_hat_workers3083.png,train,3f99ab1f9f53f59d0a49190f528c72bdacfe2bcf13c69a18450cbc55dd5b4177,416,415,2,0,helmet
hard_hat_workers3084.png,train,f4a8bc252c5e440fb7e161db871c9c1902a8b95094edcc6590d68bc9d8271e42,416,415,23,0,helmet
hard_hat_workers3085.png,train,7974d756cf46d80e2ba9782a28ba93c0aa3ebdc309a57678a3eabde52aae6b17,416,415,3,0,helmet
hard_hat_workers3086.png,train,65a645e64ecbe594c6593daa7852af891f9d27e612164fd81fda00f77ff3f7b3,416,416,3,0,helmet
hard_hat_workers3087.png,train,b4e2e846c6ff77c48742df5c5828c1471a84a56cf41224cb44976abe5937f738,416,416,4,0,helmet
hard_hat_workers3088.png,train,c6b1c5590590ba90a2c71f0c430a713876585033a3b0362d2c8070dfe9769707,416,416,4,0,helmet
hard_hat_workers3089.png,train,ee8378ee054029c41c96aa2a99a8cbd0c27ed7d91403f43b66ebc90c558f9efb,416,416,5,0,helmet
hard_hat_workers309.png,train,47e7ca5b46c6688ab4fed62b365c227e129d9cbc4fd49a167f0703a1ae9ad456,416,415,2,0,helmet
hard_hat_workers3090.png,train,3b837bf76248a39b9de69f40ebb0efb323cab3cc083adfff4a30195a22bbdc34,416,415,9,1,helmet+no_helmet
hard_hat_workers3091.png,train,26d908ff19c7e0f2e1b15b09da37a411d9b3dd85f9c57b2bac64b03480109312,416,415,5,0,helmet
hard_hat_workers3092.png,train,3965ac4c5e9bb6a31ae2d2e9d0686d66d904623cb267811746192be526def0fb,416,416,5,4,helmet+no_helmet
hard_hat_workers3093.png,train,dd2939a49a686850b73b64ca5451a847e5d074d30741bd2bcb904d4cb193d214,416,416,4,0,helmet
hard_hat_workers3094.png,train,3bf077c466719d0175d87887f6cfd716a7d03961e4c61e230d5a7ab70f899098,416,416,4,0,helmet
hard_hat_workers3095.png,train,07234a0677922bf35d277a3fb543f9dfe531f25a80eed48e578ec71419c32f79,416,415,3,5,helmet+no_helmet
hard_hat_workers3096.png,train,2e549ac409950d8e000d51c7561df078b9f9c43dcd63d486282ba03612e98769,416,416,2,0,helmet
hard_hat_workers3097.png,train,10802b2d2eb0a7bb90398f135ea041c2040f7f3d54ddf6163d6bce9add24c943,416,415,3,0,helmet
hard_hat_workers3099.png,train,0adb0493c285220b7bf59d9fc9d960d09279b48624ec7ff446bbe65731155756,416,415,2,0,helmet
hard_hat_workers310.png,train,60b4f0a979452d5a0a7a25447a013609a672a577b6be0a6fa1656405b3939ec8,416,416,2,0,helmet
hard_hat_workers3100.png,train,76e145f224f8c3cd3bea31c39391dcd4602572e4c24ebbb8584503fd2ca5bd85,416,415,3,0,helmet
hard_hat_workers3101.png,train,ccbdaa901905ddca77637ddc75d4cfdefec04d0bc0f55e2ae4ef913876034d57,416,415,6,0,helmet
hard_hat_workers3102.png,train,d2ebdf7e4bbffa2556b5eb9662780ce56c75aeed82338516d835f815ec896833,416,415,0,10,no_helmet
hard_hat_workers3103.png,train,8d12a269458ccb3c80c226b1282a0eb62e96733f04475c1b4805527086787829,416,415,3,4,helmet+no_helmet
hard_hat_workers3104.png,train,cec6901510f7eaab766cfc16f44d0b98ff510625c56ee9fedda1cb81a3c482cd,415,416,5,0,helmet
hard_hat_workers3108.png,train,b877b2d434bd773dd67c5630038920c4f6e0df1840eaa5292b88def8061cea31,416,415,4,2,helmet+no_helmet
hard_hat_workers3109.png,train,7b0542dd37a70b6b18efc11eea51ab0005df67e0bf6bf11b4375a4713ed61256,416,416,11,0,helmet
hard_hat_workers311.png,train,6f7248196d68de924ea63b564d0094aa32023c56cf9ca3a4bd1ae1a7f0d3162f,416,416,3,4,helmet+no_helmet
hard_hat_workers3112.png,train,640042dbd35d5778d69af54521ceeff65af5639c9d13f322c0529d0a5f8dcb13,416,415,1,0,helmet
hard_hat_workers3113.png,train,92cf367af94e16b6ead3d1da959b040f10b1deb50665356afc1ed64905bc4842,416,415,0,3,no_helmet
hard_hat_workers3114.png,train,c99869c7d6086fc90c77a0bd53c2cfb85738b6b1ce4a0aa0d968ac571559daaa,416,415,4,0,helmet
hard_hat_workers3115.png,train,eb61305f216528354987e0adc6e025f7c4f0de55b46f2d2c1e90cd4ef39ae047,416,415,8,0,helmet
hard_hat_workers3116.png,train,89ba3a9450856c20a28e37a81b9e8aa8110c98d708c472c10b4d512cfa319c28,416,416,8,0,helmet
hard_hat_workers3117.png,train,f82320742d77e32ad3c21bab07c3cd14efafef5ca77f7a8429fe2eee7ad4a1e3,416,416,6,0,helmet
hard_hat_workers3118.png,train,71e16191f15a59bd93adb91d9f57fdd03a10d4b9fb3e7d9ef0eea34ea0cb39da,416,415,4,0,helmet
hard_hat_workers312.png,train,4df6dccce89b7a885b8f247fe54763be563c36644b5e2aab35938f9441f5fa02,416,415,1,0,helmet
hard_hat_workers3120.png,train,f7a4a035df1a3417005412d35b6565a80a144d245aad6587e049d9b4583405c6,416,415,1,0,helmet
hard_hat_workers3121.png,train,f7c41ec0b16d6c075fae64db430c24fb43d4bd1ac3d448fd03ed544975a57ecd,416,415,5,0,helmet
hard_hat_workers3122.png,train,4bc8fe875060b9e0cce28448a57a35a1f17afb0f8177f114f204599f5a91da4b,416,416,2,0,helmet
hard_hat_workers3123.png,train,544cb38f102a517aea47a1ac4b6823713a80eadb13ea9296f3d34ce0ce03df01,416,415,2,0,helmet
hard_hat_workers3124.png,train,13557a12c6436f22e0b6b21dad0ae57642115b83380a7eefa3647cc9f808211e,416,415,3,2,helmet+no_helmet
hard_hat_workers3125.png,train,036cdd9889ee13b817463d6a80af6b42edbc046b0e3c2e1006a5b35380f3842a,416,415,3,0,helmet
hard_hat_workers3127.png,train,b6747f15789c27c874e86bef1ab559c44bb29970a777371e6fa174734e74a483,416,415,1,1,helmet+no_helmet
hard_hat_workers3128.png,train,f4e61423a0109a2751f69bcf96cb2d34180d9d18463e82d23e47f7fd6036962b,416,416,4,0,helmet
hard_hat_workers3129.png,train,3a2310191cc5e75c22e3617efea3c4b934919bd769aa5bcfca11e289aeb7bb66,416,416,1,0,helmet
hard_hat_workers3130.png,train,f3dd9d22e2e1e587885353a12b063b89ac2eea3c0ffd65a808912f2347d4a3a4,416,415,2,0,helmet
hard_hat_workers3132.png,train,429ce45769c1e7f6986d248c03a782b008b7f0b0152f19b3bfc683badd8285fb,416,415,4,0,helmet
hard_hat_workers3133.png,train,4053f5713ab7914638cf926639be4c30634e5303b53971f2cef79bf23037a174,416,416,0,5,no_helmet
hard_hat_workers3134.png,train,79eda66c5bb9abf5971da5afa229126291195e6e9478e2cdeee4d5071fb3a02b,416,416,1,0,helmet
hard_hat_workers3135.png,train,005b6b43f4bb71c938fab8af6315f86b833d7ffea2dbf574e88871d27ee148f5,416,415,4,0,helmet
hard_hat_workers3136.png,train,e0524b4f1b12aa4b597fc09d2f9978f3bf8537e94ebed7f76ba2601c6a596b9b,416,415,2,0,helmet
hard_hat_workers3137.png,train,a1038420081783d0ccd3fba9d8be8190dd3688b25fd06439f33bc0af211192b1,416,415,1,0,helmet
hard_hat_workers3138.png,train,1ff904ca2f9a25cf2af2b2ffbf0743b0549d027900ce18a384c80bd2e7fad827,416,415,1,0,helmet
hard_hat_workers3139.png,train,ded41d7ad07a86a6d9463497c07fd5efa6e992b5ab1e81497619677cf7bc9523,416,415,6,9,helmet+no_helmet
hard_hat_workers3140.png,train,6805bc50e91d77f0913a52e19ff809e1b5d785a8bc91dbf5941f10b0a8d0452e,416,415,7,0,helmet
hard_hat_workers3141.png,train,c768d27b19cd8404c32ca3aca72a9140d9b3cf30f3c96da1cd08d69935829069,416,416,0,9,no_helmet
hard_hat_workers3142.png,train,74d4ea3a349966fcbe4fc51f89ed80fe0dde87548315537dad8c3560f134a67f,416,415,2,0,helmet
hard_hat_workers3143.png,train,6fe3e4504f96fcd7300d5eb0565127f59622279fd3e0a3db391abf8335d4e038,416,415,4,0,helmet
hard_hat_workers3146.png,train,7ba63720359fbc4ea95c288c1d54f5a27856a0181ff23c37c8b7ad530f50f7d7,416,415,4,2,helmet+no_helmet
hard_hat_workers3147.png,train,119e28de2c9c6de9d10dbb5e1b86248043c7cf6d19b14c4003fdb2bcd2831789,416,415,1,0,helmet
hard_hat_workers3148.png,train,a0528d99cdce4c2fcc1709ba2a6011b677650c4d2f1f8384759ab8f571329494,416,415,1,0,helmet
hard_hat_workers3149.png,train,1a73c02104767649179af0e7f72376629f9741390acd3257c2761a18ad7a0d5f,416,415,1,0,helmet
hard_hat_workers3150.png,train,506eff427d752453f944236f7d7de1273f3cc4cf52fd31eb95af59968c73ed23,416,416,3,0,helmet
hard_hat_workers3151.png,train,80c0fd9797217c59edb3efab07802d69e973dbc0c7f8f8a27c426185b5fa9ca5,416,416,6,0,helmet
hard_hat_workers3153.png,train,6519bb5e98acbcf162de05170dcfdf7740230d3af2a4fa4c94b4853c75e3299b,416,415,4,0,helmet
hard_hat_workers3154.png,train,63e7a11bf4b370eee6e2a75c2cd205111887337ffd72862915a99060c5dcb818,416,416,2,4,helmet+no_helmet
hard_hat_workers3155.png,train,bf5a875f2e20ee7237acf75bb231b3e995834dddfe2480b8aa4d8f1720f1d44f,416,416,2,0,helmet
hard_hat_workers3156.png,train,e5b2fbe2a69f851c8d4c7b69849990f16dc9d00c5c5ebe2c45bf87338a6bd79b,416,416,24,0,helmet
hard_hat_workers3157.png,train,05858541f7e59db9f6cbcf190911b6843fecc45791bfd73f0e35cc3a688e4442,416,416,0,5,no_helmet
hard_hat_workers3158.png,train,5cb7397a339e6f2fa2eaa0175946229be42feae15e7e4720a300af6f6aa628f5,416,416,4,0,helmet
hard_hat_workers3159.png,train,94ffbbb3911d083a6b27361591bc86c7e267d4cc6b031b33f12e5f166e418c63,416,415,8,0,helmet
hard_hat_workers316.png,train,fbfb18babae8f51100cb896068a6f00aef4e443b570ce2f30e83b7f72bf5e7af,416,416,3,0,helmet
hard_hat_workers3161.png,train,a18182153a4a8b6e7fc12a34d43244cd28ed9f9ecf64d6dc728fa1024206d56c,416,415,2,0,helmet
hard_hat_workers3162.png,train,288db1b9acce20073db6a9fd07177ef7b8c02a7c48166726b2adaaf855bc2e63,416,416,0,11,no_helmet
hard_hat_workers3163.png,train,7bc7ab3ff82a44e2d2a00f50a66a4b53b288fb639b6015d61aeeb6eb46d74481,416,416,2,0,helmet
hard_hat_workers3165.png,train,c11d0893261154c27c3ccc8045716b9543fe7e699af8f4dac8da17032c3c510a,416,416,6,0,helmet
hard_hat_workers3166.png,train,f9f209b5838de76aca9608f7829495e9cac9a768807867e783b46dd803ea49ae,416,415,8,0,helmet
hard_hat_workers3167.png,train,c303a77501a803ac26fa6e0835820a27a0f7343ddb79cd3fb91c8927b9597e5b,416,416,2,0,helmet
hard_hat_workers3169.png,train,a55cf22ce03fc8f8006148e32314dce03f93bf02a69ff5763a1d3b2e10ef8ca6,416,415,2,0,helmet
hard_hat_workers317.png,train,b7edcb0b984cc6305e5fd57cd585e1c7e06683abd3ab7a7728eb63a05d2ae60c,416,415,4,0,helmet
hard_hat_workers3171.png,train,5b2c15fdf7c74dd4bd2f44148c3a0c178a5b4970de813c440ee561e0e6dbcdc0,416,415,3,12,helmet+no_helmet
hard_hat_workers3172.png,train,f7f67a9b78a898a891fe13f9dc143c6aa2b54a6ec56fecfcdb78bc71301bdd52,416,416,14,13,helmet+no_helmet
hard_hat_workers3174.png,train,30223d500d1529d27472461ebfc138887afffafd1fb3bb28b88c710e61a2b26f,416,416,2,0,helmet
hard_hat_workers3175.png,train,3caa9b1567b47951c82f1ea6b1116feff6f270bb11747f27e2348786337b6670,415,416,1,0,helmet
hard_hat_workers3176.png,train,10de11efd8032d02b39f92eec78a00c15c3dd4923249a4dd8110d805e2d6a5ec,416,416,3,0,helmet
hard_hat_workers3177.png,train,4391aa981916850e67dd14c5f4ac1b0b82807ef569dc0cf96367f6680e5c91f0,416,415,5,0,helmet
hard_hat_workers3178.png,train,5291b2120bf257186659ac3ec34de757fe26b32bf5a7a9907cf410b82dc3dfe4,416,416,4,0,helmet
hard_hat_workers3179.png,train,fb79df727049fb691f66043d5cbcacb93533b449ea48f57120de9cc1c0ae9479,416,416,2,0,helmet
hard_hat_workers318.png,train,d76058f95142018d612a6d0f04944bcee01966248ac27e90160dbbe6140143d0,416,415,4,0,helmet
hard_hat_workers3180.png,train,6115baa97d3e90e70ea7e0c1c5933bd31a39dbb9e3b0e0115f8de20a3ecd14c7,416,416,5,0,helmet
hard_hat_workers3182.png,train,535da0524f1e303b8af235aea0240beb9493e3486a25d9de636b37510a6d8265,416,415,2,0,helmet
hard_hat_workers3184.png,train,3e485fe22019896d00590d47d09ea60677173b9d816a6ed0a42a6d7776e565de,416,415,4,0,helmet
hard_hat_workers3185.png,train,0c20f4ef9a343bbf52255a2703178d33fbb86f17793c56b0fa9d1abcedcc33f3,416,416,4,0,helmet
hard_hat_workers3186.png,train,03d3bb9ff7ad824e6c87fbaf4a2905f091a784100031ee763b08ae62d72e124c,416,415,1,0,helmet
hard_hat_workers3188.png,train,ea5bc7c599e1247e097e35e0a982632c36468e58def727a38e6b2e8176b9f17a,415,416,1,0,helmet
hard_hat_workers3189.png,train,a7a1849a9705679f81c8601c5546a8b4d6785c531878569cbf64ef54fb21e9f2,416,415,4,0,helmet
hard_hat_workers319.png,train,b926b7a3860edbda74b1157e2e1b71dbd4c4ee805e35cd265cf419a8e8a717dd,416,415,2,0,helmet
hard_hat_workers3190.png,train,e37b0afea1b6ba6e0b7b9c6889def4850fcc41ba96d7a087417a407b6e72a62f,416,416,5,0,helmet
hard_hat_workers3191.png,train,c84d03dbcce25b03679b25e8384d53bd71d6330ee154e565bfb78c5828065e8c,416,415,6,0,helmet
hard_hat_workers3192.png,train,919b1fddce44d506ffc9e8084b44f44ec3ad3dbf35d2713b8c9bf1460dac7dbd,416,415,4,0,helmet
hard_hat_workers3193.png,train,cfebeb8c875d0d31f41e59a5a54867c1346594903c5f72604ac4e556a595380e,416,416,1,0,helmet
hard_hat_workers3194.png,train,3e264bcbe1c7cbf7f0672d88c06fae10461f5fdf4666dcce3b48e75b7f78b6f8,416,415,4,0,helmet
hard_hat_workers3195.png,train,c958ac6608277cb64b276c75c63cb166c2247860d2aa8d45fba949f45c1e9d5e,416,415,3,0,helmet
hard_hat_workers3196.png,train,c7bfaf7a0ce81f163fac48d32209adfe98568a477dc159d4e09190ecdcbc8eb4,416,416,1,3,helmet+no_helmet
hard_hat_workers3197.png,train,dda2a043501cae5893a11e3b64cfceea7a69fd9db9164f398471595f26258d2d,416,416,1,0,helmet
hard_hat_workers3198.png,train,829b7afc1fd925644ec723ede33a98f51e8beb06675fba3aaa3c24b82324d0eb,416,415,0,11,no_helmet
hard_hat_workers3199.png,train,53e0dc99651835552f4dd8ced2e165c59584859552946ba6fc467ae7941686d7,416,416,2,0,helmet
hard_hat_workers32.png,train,55f717c22faed2754935e19a779487b2a4fd63ec23689c12c4f751584c60dd6f,416,416,0,9,no_helmet
hard_hat_workers320.png,train,916bd2acfdeed9ff2ad4a7d5921047ab4cda109c21b487a271d1eb95062557ff,416,415,2,0,helmet
hard_hat_workers3200.png,train,49bbb710dbb17fdb4d9fbe4e97b9b2437290acad34aea509168e673ec28e4c3c,416,415,2,0,helmet
hard_hat_workers3201.png,train,332309e683b92ce714e454ccae3967772ea3cba46586a58e39de11890b15605b,416,416,4,0,helmet
hard_hat_workers3202.png,train,3d50e06faedf635a13643e8eab58f45c408390d3a20882f3a26d02dad02dad8a,416,416,0,2,no_helmet
hard_hat_workers3203.png,train,76292dd2f6b785d4c58a00087e48d72c7092858302aed832bdb6a8013d7c8a2d,416,416,4,0,helmet
hard_hat_workers3204.png,train,3f0a04d39e0c136c52e31c7209e9940a4da5409ce6ca543767e2eaa4eb6d5585,416,415,2,0,helmet
hard_hat_workers3205.png,train,d13ae5075c19d3b5acc6db219d31b0d12d198ff85233aa474ee12f6aa1e36eef,416,416,7,0,helmet
hard_hat_workers3207.png,train,6f18715eb3126396d1aa1a22b4c98ecbf8f1906dd24e4523b075a9933e98491a,416,416,0,3,no_helmet
hard_hat_workers3208.png,train,f139384fdb2976f3397ccf6bb85eb9c81d6a0aa97f78baf5212753cfd22bc258,416,416,2,0,helmet
hard_hat_workers3209.png,train,8d98bed520b39bdff301382b8ca7344e5f145a9a519e77da2d160d359ac03b63,416,416,2,0,helmet
hard_hat_workers321.png,train,ee20986d03a594ee8051d2c55dd162f53afb30110eeece3bb5feeb942a9e0d18,416,416,0,8,no_helmet
hard_hat_workers3211.png,train,db7c85742c4a1be56752ecd531f63612054517875930e16dbf0c23c0142c1109,416,415,7,0,helmet
hard_hat_workers3213.png,train,5234125fe195f58feeca4250cd9924cb66e7569c2ea84558fa8f0d8915fde40f,416,415,5,0,helmet
hard_hat_workers3214.png,train,c711a85ca413f9724f20044bcc351999c30c11a11d7df4cf298e8a290b5f6d63,416,415,3,0,helmet
hard_hat_workers3215.png,train,48dc43fc2de3d430292a7e183d2cd8f5c41fd980b1455c7b5fd4bce9b04e2a3a,416,416,5,0,helmet
hard_hat_workers3216.png,train,e3aef5df5d39ea2709d24a7f46451ff4802cce97d06c1ee5311972c73cdc1a44,416,416,3,0,helmet
hard_hat_workers3218.png,train,7a66397e903ba28556ccbe459e5506a1d22997e9c8e9d8b9ed828228e90aa8bc,416,416,0,4,no_helmet
hard_hat_workers3219.png,train,1f443b6f3c3727a1363a6c8273528a27959710981dcb07a8f65e5f72e281fbcf,416,416,2,0,helmet
hard_hat_workers322.png,train,ddab960f6231de8fda5302c75a4b46b3632af06aab4e60be3a1ac557b8def9b8,416,416,1,0,helmet
hard_hat_workers3220.png,train,15d37dfe2890909eb971c538b1e77347eea6d9c268d39b9fc58979a35b00ecf6,416,416,22,0,helmet
hard_hat_workers3221.png,train,23e91ffa7f27ea317eeb0e6bc107814cba6e04ece57db37bc929b6889edbc6fb,416,415,4,0,helmet
hard_hat_workers3222.png,train,e30bbd2a0ce45be3c6e447268cb3f96ecf9d695e28ac514827650ed4aa35e04a,416,416,3,0,helmet
hard_hat_workers3223.png,train,1407295a2a2e341cdc30b71643700bdbe2078b658a1fa110d6a1a40c0b16c7c3,416,415,3,0,helmet
hard_hat_workers3227.png,train,6ed31c5b3c328fd7bf5322ec1ccd320e157c47ddb15caccf221a39a0e17c6886,416,416,2,6,helmet+no_helmet
hard_hat_workers323.png,train,c3bb711369747e713cb4aa894be8dcb95ee47bdfdb213569cc58e27a55ae0269,416,416,1,0,helmet
hard_hat_workers3230.png,train,79c4ace68461267e9cbe276819cab3502ecb7a228dd9286f81c6856ea4d7f48a,416,416,5,0,helmet
hard_hat_workers3231.png,train,91d31fc56314ad17efe560952b3203dcac7ab60647d139c07da374e25d00a043,416,416,2,0,helmet
hard_hat_workers3232.png,train,c1a876e7f52a0de593a3a8517afe50afea2f67ad717fabf1d219775d9e380e47,416,415,2,0,helmet
hard_hat_workers3234.png,train,7ddaaaac470e155898741d2bed5593e8fe36e0d8eaf07b19c7aeb351c721964d,416,416,1,0,helmet
hard_hat_workers3235.png,train,eb181f8cc7793ff293849af2399eff6058ad17f7459a153e3115f95baf736bbe,416,415,6,0,helmet
hard_hat_workers3236.png,train,e8a2ae0741310f4eecca3d0711d4d73eeefc99fdc62cec5e338009d4ad37e5f3,416,415,6,0,helmet
hard_hat_workers3239.png,train,274b6c350ccb50cc05b65b0bc988ab53b84962d271f9e935e9991494dd33ca2b,416,415,1,0,helmet
hard_hat_workers3240.png,train,c8c40d53ab78955732185cab3b89e8edcdbd706d204ce52c4b294fa06547f37a,416,416,1,0,helmet
hard_hat_workers3241.png,train,f3eaec0a63fcaed0b6bc185582fd61f715df66a120c5ee1413acf0909016cc4d,415,416,2,0,helmet
hard_hat_workers3242.png,train,f6ea2c2a8d8703e193158e790c5ce6ddf88c3987f95b22efba7e002cc114479e,416,416,4,0,helmet
hard_hat_workers3243.png,train,839766f13695828cd4ab70950b8b5f6dcf47f9672d9d5faf15dbdf37cd4ef1ef,416,416,4,0,helmet
hard_hat_workers3244.png,train,c31278aa5b7eee5647846c5ca50e786679b9a0f53be73beef834b0fb3adbdbeb,416,415,7,0,helmet
hard_hat_workers3245.png,train,34b131e1e1c585e159586af45c23d3de1de23953c3856b88d721469aecba3779,416,416,1,0,helmet
hard_hat_workers3248.png,train,ae4bd8661258c0fe158846154d790fc108fe209b12359802dadae2056f7488f3,416,415,4,0,helmet
hard_hat_workers3249.png,train,a29fc2954837724f7696da6f5267c360c68e9f5af55f133b148db44dbd6f1dab,415,416,2,0,helmet
hard_hat_workers3250.png,train,7911cb71702640287afa5d59ee575dd7bfb8a087506a913341f2d9182b7db5ae,416,416,4,0,helmet
hard_hat_workers3251.png,train,c2483ba0f304ac143a7f7cdeb847eb9e3cfda0a69a62ea71012d64555d5d81c0,416,416,0,11,no_helmet
hard_hat_workers3252.png,train,13287c2b42d1febb9607c589ac115666167df2f585557ddada37e809d24cbd07,416,416,2,0,helmet
hard_hat_workers3254.png,train,6f142587a45a510eaf5210518c2c8078e497161b4627da3117bd34ab86ccd2d3,416,416,3,1,helmet+no_helmet
hard_hat_workers3255.png,train,65bae258ef6c84b7cac96cca0fb699e492903ff3eea2c1362a6ddcdc89ddd1f2,416,416,6,6,helmet+no_helmet
hard_hat_workers3256.png,train,b761f40485ba2398e690ae5cec86984285801152fed8fb918f90ac310e7a7454,416,416,11,0,helmet
hard_hat_workers3257.png,train,a1c185d7642f15f62779f1ae54b799e3d10db82ec875e7116a35bab8bd13b792,416,416,1,0,helmet
hard_hat_workers3258.png,train,855ec8e7d842f0c4972ae585fb376724946f25b4f5a719fa0d14c276bfa5b388,416,415,4,0,helmet
hard_hat_workers3260.png,train,7aabd99254a80deec5219de8834aabd4a2b509d1a7991c5b35126e7125b9fecc,416,415,9,0,helmet
hard_hat_workers3261.png,train,55b340e307d125a7b1b3f00e97c3fc6b6060b39dde0a678bb9c762cc0aafe5f8,416,416,1,0,helmet
hard_hat_workers3262.png,train,f88ccf25c84f90b2ba6194493e31515a097110d38c3660557bcb8574699a756a,416,415,6,0,helmet
hard_hat_workers3263.png,train,c9c0662653cf4064890e14402434d79728d068f6a05cfdba7d732dfdafbecd9e,416,415,1,0,helmet
hard_hat_workers3264.png,train,977d5321b0ce1fde43249ecd5ee86adfcac14b894fbd4e779248c7756e1e2396,416,415,2,0,helmet
hard_hat_workers3265.png,train,eca7d653f2c41d7d49e845aa4f53ae48d2176f52cf5ac183e8ea8fa1eef87ff5,416,416,0,10,no_helmet
hard_hat_workers3266.png,train,342d635a15dbafa6f6a8bd49520b9ba6bfddd5ec21153a84314a6f9fa509223e,415,416,3,0,helmet
hard_hat_workers3267.png,train,5822582ca3dcff326c3a05d57834a7e04d6297bef087ab209ba8f3eaba92363a,416,416,2,0,helmet
hard_hat_workers3268.png,train,102e2fcdd5fa436fe1cc31e22332df332e5c68bdfad5a4b07e56fb668f0c33b4,416,416,0,12,no_helmet
hard_hat_workers3269.png,train,cd681f65555e5faeac6d3874682308e0fdaa092f5dd199761c851b931adbed43,416,415,2,0,helmet
hard_hat_workers327.png,train,932d838c9360b57db4ce3416746f3ee4622010239d71e9fcb1b09e4d675818b6,416,415,2,9,helmet+no_helmet
hard_hat_workers3271.png,train,ca3c60d93c55ada52aa9bb1fb9e2b02819b3c896db91520fb4e37f68f6aa8a48,416,416,5,0,helmet
hard_hat_workers3272.png,train,7ae7c1ce8d775ea0f9d3fc77773efd5ce61d2a78c0095a6ee43929cc58cb3d56,416,415,4,0,helmet
hard_hat_workers3274.png,train,7a81db3ead75f40f7a5239fe345a2b0bd727db0a30ac2395ce9a52a53914e17d,416,415,6,0,helmet
hard_hat_workers3275.png,train,41112385193d080139f480506c02372180124ba60967085c5786edfb3380fb4c,416,415,3,0,helmet
hard_hat_workers3276.png,train,85e696b0ff807c2bab9de911c3e9e179102b25662c21faf9b82f02259311890f,416,416,2,4,helmet+no_helmet
hard_hat_workers3277.png,train,11e8401a5c23e904f850f28d7f1ef3c3e3d9753242a28d38ffb1c82e6437dce9,416,415,3,4,helmet+no_helmet
hard_hat_workers3278.png,train,283f02f1740a16d696770638689ef4bd6b1d88506769bb1dd631c66c38554263,416,416,4,0,helmet
hard_hat_workers328.png,train,5abc3f2ecd7a1ff79479c0938c3f73905df137e00d5254f112844595f845d759,416,416,6,0,helmet
hard_hat_workers3280.png,train,dc725cc1e12f68551f0b3665e1041c0ccae15c406278600ee064ee8be2b5f335,416,415,5,0,helmet
hard_hat_workers3281.png,train,769a7a036097e7f265f025421de33e143bd583d607a37238bac4f6e0eea847ab,416,415,6,0,helmet
hard_hat_workers3282.png,train,7fb9ee6abe6c229f2857d7d513effc85a9843aeec9cb0f58ad8676c7ac7067d0,416,415,0,16,no_helmet
hard_hat_workers3283.png,train,01646b2c06b28546fca65b00d56c098c673edba63b9b089f478e5ec1e4cb8ad7,416,415,17,0,helmet
hard_hat_workers3284.png,train,f66482f30fa27fea74d8ae00f6e760e34383ade3dd3ca5e27e78c72e05219d46,416,415,0,10,no_helmet
hard_hat_workers3285.png,train,ab31ba0994f7fb7ff6a62d61de8edd02c2146b9d3767ef0202c47b7ab6347d70,416,416,5,4,helmet+no_helmet
hard_hat_workers3286.png,train,047bf4e6229ba911347db85e182a4246021871f41879ebb53d01240581229937,416,415,2,0,helmet
hard_hat_workers3287.png,train,187a8cb63beed36c14e994c3e9fb35fd31f5ff0783538d0e888e497fa54f4e57,416,415,2,0,helmet
hard_hat_workers3288.png,train,5517fac79923e121792f270bea79e48912fc43cf618af3a94169544c73c53e72,416,415,2,0,helmet
hard_hat_workers329.png,train,1b428b7c5137af4c3770330a2c0973253628f27342abd43d114d9c5c66ba8c1b,416,415,10,0,helmet
hard_hat_workers3290.png,train,4fcfefd9dcff56a96728630b85929f7cd2d5c6cebdeb3dc65f078132c7ffebec,415,416,2,0,helmet
hard_hat_workers3291.png,train,f401a62b1f1a57e2f9796254eb04a21f3b1781d2ecac77675bd3ed3b98f1356a,416,415,1,0,helmet
hard_hat_workers3292.png,train,61ba7a62ee60ece33fd901e533cef1fc839f22f1c5bbe3f61015f6e3cb95f6cf,416,415,3,0,helmet
hard_hat_workers3293.png,train,ff31d272f549f46ff8467297165f916b1e3a4acea913b87a564d6b552ccd9f73,416,416,2,0,helmet
hard_hat_workers3294.png,train,52e6a8b5ef3357a58e79ea304723b542dcba8e9e23b716125a50cd1c7322bd05,416,416,4,0,helmet
hard_hat_workers3295.png,train,9c40f84bd83e6c8eec75cb3eb6c3fe4491ec2f7527ea2ca5ac4ae9660a6d3806,416,415,4,0,helmet
hard_hat_workers3296.png,train,d3e47fc0993b4e051081c0ce8b284e22ba93f39b9fedd08065d60b0799b3969a,416,415,6,0,helmet
hard_hat_workers3297.png,train,96105e2aa518f1490f6abf21b4f9f7ee9851f57eaf945efd1791488711572346,415,416,3,0,helmet
hard_hat_workers3298.png,train,1f3b9b3dd227bae0d0c734dc7ebc0809ec5763ffee522d2cea06ebdee13fe0a1,416,416,9,0,helmet
hard_hat_workers3299.png,train,17eaa52fef6eb5b40739b93ee1f804e3cd2aa699012ac9f6d650aacf01ab6fe3,416,415,3,10,helmet+no_helmet
hard_hat_workers33.png,train,033445a7c2bd9ebec1d0bba7617ae223a932f1b2e2edbc24c0e4893375e56f3f,416,416,4,0,helmet
hard_hat_workers330.png,train,d6e27650a4c475c824e53bc18e7eaa699e7ee5a413fe8bb77d5d83ac43c49b8f,416,415,2,0,helmet
hard_hat_workers3300.png,train,8cc0f4970d698341c5f4bcdbf35df9f87b1ae1d41fb29ca7420a71c7279c3551,416,415,10,0,helmet
hard_hat_workers3301.png,train,86ecb2ac7057ddaeac74425c18bc88cc92aa05aa172f5401eb595ad374e9b73c,416,416,2,0,helmet
hard_hat_workers3302.png,train,5a3cc1fa2cd80e4248b87824ec5e59129f56946b8f879969e64e7a9ea902ad61,416,416,4,0,helmet
hard_hat_workers3304.png,train,14bcda41c30ae03084dd12b68ad1f4d152eec4cc446dfd4825a3827a81d4180f,416,415,1,0,helmet
hard_hat_workers3305.png,train,5f6ce646a888209cd6a1834208c4e399832f81ccda1838a1380907cd25021151,416,416,1,0,helmet
hard_hat_workers3306.png,train,c078e0f5435604c90b8e1241181c6de3180265687fa56fb0d89db633c0ff561d,416,415,7,0,helmet
hard_hat_workers3307.png,train,b73a4a4f237957cd663a391920deafd5a8aff98c131cce9baf26427b73b9a86a,416,415,2,0,helmet
hard_hat_workers3308.png,train,586b50aa6276dde45c74ad69fa7cad49231ae3697b00939ffad6db4501d7845f,416,415,1,0,helmet
hard_hat_workers3309.png,train,db97aba6561bac92d51ac591c04c0d53acd8324966dfb87dca575f3bfe6c101b,416,415,12,0,helmet
hard_hat_workers331.png,train,a7726be0dca9188430ab482275367abda2fb2d9fed76d5d6a01f574df38b6261,416,415,2,0,helmet
hard_hat_workers3310.png,train,a40058ad43fe53364e7f55c9ef51597c4168716f0956343a0952b8c9bb5c2443,416,416,5,0,helmet
hard_hat_workers3311.png,train,24ceba5d117ffd1265760afd68c79fde6f686fe5fbf876afe63477479c03eb2f,416,415,2,0,helmet
hard_hat_workers3312.png,train,975f045d4fb0171daf6662adc19acda9410ecbe7a80812004e1bc23f9cafe475,416,415,4,0,helmet
hard_hat_workers3313.png,train,824bc0281d55085b4ad31a8d53f30f38bec5bbbb34cc762ee3246bec9dcd332d,416,415,6,0,helmet
hard_hat_workers3314.png,train,9d1b64d8c900806b0fa3642ddff793f42dd1983e0e00efddad4d88ebd704391c,416,415,0,4,no_helmet
hard_hat_workers3315.png,train,455d984e387f56ff091f7024b6440b004a8823360184bfc37f3e816c039e9d3c,416,416,1,0,helmet
hard_hat_workers3316.png,train,8f56758b1e8d87baaf150d9283b82dfe95c30169307c9458689a664fdbf08831,416,416,4,0,helmet
hard_hat_workers3317.png,train,27b5d6d8bec9ce496ee78996553be33f6c308acf68ca2a469da1bff26f587d56,416,415,2,5,helmet+no_helmet
hard_hat_workers3318.png,train,19754eaf29737c185f7090bfc067b3a38eb74d2ffb130e750de33684dc139fc5,416,416,6,2,helmet+no_helmet
hard_hat_workers3319.png,train,79d2713ab8569339681872807544fe7174241cac259ac1dc39dd9762ecb65a00,416,415,0,11,no_helmet
hard_hat_workers3320.png,train,8cbb24000758415c4eaf1ba69c6fd53861f31a93753bc873ba5d637f9a3a30e3,416,415,2,0,helmet
hard_hat_workers3322.png,train,8ad57865331755692890dd0fdc427ec346d480da2a0c395e465b5db71a9b472d,416,415,9,0,helmet
hard_hat_workers3323.png,train,a837b17a5ae4b832ab821eb02b64f47402238707794db93e5e52a8acc56c10e8,416,416,4,0,helmet
hard_hat_workers3324.png,train,845e675fb7974f4391a85980c6a8fccf0d9bfe0b1f03d5c061a32261406e5dfc,416,415,1,0,helmet
hard_hat_workers3325.png,train,e22f4c5833f965e25d4324e37b0c07b15a8d5a27df47201b8e84b735d64376ae,416,416,2,0,helmet
hard_hat_workers3326.png,train,37cd0537321c341c050298c33a66e2b877e8dca022d6f29c93f568e9ccb46638,416,416,4,0,helmet
hard_hat_workers3327.png,train,ffdaa753bfead5883c81b10496fd9544edabafbb1559c04b2199978847ccc90d,416,416,11,1,helmet+no_helmet
hard_hat_workers3328.png,train,62c6c200188fad9a7ba1ebe9edf718eeafdb198feec9bd541001a06f18afa801,416,416,3,0,helmet
hard_hat_workers3329.png,train,f1f6b7735e866366107dc3e6775fb0ef4fdfb7e5fdf87530098044c3ea6e4eaa,416,416,2,10,helmet+no_helmet
hard_hat_workers333.png,train,e1729019209af156e9e35363f79b6436467c09d9c260a42bb7ac6c3a254cf72d,416,415,10,0,helmet
hard_hat_workers3330.png,train,9fe86e2a6d9202640bc4a74a8322639ef39b49e5764c3c45003d54370c38cbe3,416,415,1,1,helmet+no_helmet
hard_hat_workers3332.png,train,619d5f56f55ffa8093f8e516d3f3cf8542f92b3dd412d4c4ecadc2009bf9bfb9,416,415,3,0,helmet
hard_hat_workers3333.png,train,ed995f507d8dae0b9dd5a71e605ddea646407bf122a6c45b79ebbc129fd1befb,416,416,8,0,helmet
hard_hat_workers3334.png,train,3a7c83a74a9cadaacba2e5224091a2bc8d584bb655e45c64dd003394b081a1b2,416,416,5,0,helmet
hard_hat_workers3336.png,train,714f90ecdb5a937004c68a1e50af820c1e81cf4eca1012046709415b4f51b4b9,416,416,6,1,helmet+no_helmet
hard_hat_workers3337.png,train,5a8e25bc2e1e75f004eee5d49c11e755fb1af12ad1855dedbb7d5d3cbb406fc6,416,415,3,0,helmet
hard_hat_workers3338.png,train,630d348727352bb89d57b15586ae3eb101a1e8ad58b71f9846c9fe1423d3b277,416,415,8,0,helmet
hard_hat_workers3339.png,train,b6031d05975ee2c38ddee4af9198a5039c01086b10032189015769f5a439103d,416,416,2,0,helmet
hard_hat_workers334.png,train,33e8a36d5ca2bb7ca4a30038f248f48ec9bb0a52e7f26141d101f9a370a421e4,416,415,2,0,helmet
hard_hat_workers3340.png,train,e06d8dd6f3b01a6ad508b2520d25a29ba3de42b4fe57759fe323db285f9e7a74,416,416,2,0,helmet
hard_hat_workers3341.png,train,95570539d74a961fe1f534f52f398921128417af5f8a5dfa048b462d97e70970,416,415,1,0,helmet
hard_hat_workers3342.png,train,70c5ad782761fedf84251647b84cd00c2fdf3b4990c6939dfa74ca2f6ab031eb,416,415,8,0,helmet
hard_hat_workers3343.png,train,1d36f3bb459d9caae966099d8117ade4309f15f4f1d52feaf601f65926288a4a,416,416,2,0,helmet
hard_hat_workers3344.png,train,bcbbb69891ce3215ff1a432bc27486f5bc13f14d5f7d88506f9490c0ded217cb,416,416,0,13,no_helmet
hard_hat_workers3346.png,train,36957cb3aa980ad9a2f7ada211010465862a0c6d4f96badf34809963dbc3eb50,416,415,2,0,helmet
hard_hat_workers3347.png,train,5deb08ed9320c3096b8ffa190bfecfc072e16ac9972d138d78eefd7a8cd0cd10,416,415,8,0,helmet
hard_hat_workers3348.png,train,13b0b0a409f62a23ba698397142b5cec45f830939456667ac5b7749f69238ea6,416,415,3,0,helmet
hard_hat_workers3349.png,train,dee1b1ff8ca18c4000b5f59842848b9bcfdc9575817c3fad716ebdd7212b812e,416,415,5,4,helmet+no_helmet
hard_hat_workers335.png,train,1a0b03492c488b613a14c5f09689754ac173a64655e0143f71f11d2a9b68907f,416,416,6,0,helmet
hard_hat_workers3354.png,train,ee005be2cf4a26fcca7820b0af82aeeafea440f6ca8e81c54f99e0b06acb39e3,416,415,8,0,helmet
hard_hat_workers3355.png,train,886dfd63180a7a4e131cfafd7e28df664173338b1fa9cbeb37bc765086cc61cc,416,415,3,0,helmet
hard_hat_workers3356.png,train,207aef6f01d62498e0c2f0916d9505a8b57930117f9a7400a6eaa0b070b9f618,416,416,1,0,helmet
hard_hat_workers3357.png,train,68423fed140e4e388130bcfc0d25eb8af5d40c8dd0ca72b93f2f73d3bea9cfb0,416,415,5,0,helmet
hard_hat_workers336.png,train,fdf7a3944e674af49508babc9e8b357f4dcf479d0b4f343884a9a7a5f0a12d8f,416,416,4,0,helmet
hard_hat_workers3360.png,train,c42ffa9f7f1b44737afb9064eb84eab42b40cf09586b58ae79157e81f1702949,416,416,7,1,helmet+no_helmet
hard_hat_workers3361.png,train,474b409971acf4724fb488215e6d9559820805b2748e0c9bdf361606ff2e2f00,416,415,2,2,helmet+no_helmet
hard_hat_workers3362.png,train,2cd6b674d11dbf6430507ad2971abae220129c9546957595c903954d29985bdb,415,416,3,0,helmet
hard_hat_workers3363.png,train,d150cc795f9b61176825cbfb1e1467d4268ae60dfa45debac63778a6dad8445f,416,416,4,0,helmet
hard_hat_workers3364.png,train,298540532a4ac0af4695b3c70d6c6acb47cb5989c214d94c7240eedc27c6227d,416,416,6,0,helmet
hard_hat_workers3365.png,train,925b9844b218835685abb6d7978166d41ed46cd0a6a66bba691c06dc28423de2,416,415,2,0,helmet
hard_hat_workers3366.png,train,c00616182d29866a00c9286773a03137092e85555d3aad351d860ff6a3a15a6c,416,415,2,0,helmet
hard_hat_workers3367.png,train,e1d86c7cbcf489e89730a5e53076c457878e6020eb7aa41da7af230714986780,416,416,6,0,helmet
hard_hat_workers3368.png,train,4aad6850a4042cf8eda8ccc7ea0e2c3d90061ddb3489e5b7e6014cba42f839a9,416,415,1,0,helmet
hard_hat_workers3369.png,train,db7bd6ec5d0a5013385f67b46cddde96e6facca146217acc44684747ab8758aa,416,415,5,2,helmet+no_helmet
hard_hat_workers337.png,train,f3fa0663a328da109f986b0da2d9f8bcdcb86eca7303ef5a969a82c146d89bce,416,415,1,0,helmet
hard_hat_workers3370.png,train,8a04a804d5bf74a801a46136312013bcdec0897f65b2c39906ee2771a194f181,416,415,4,0,helmet
hard_hat_workers3371.png,train,131552e823458c5e67a5970c7917127bb62a678c1b9e52801c27761f9637afb0,416,416,5,0,helmet
hard_hat_workers3373.png,train,9e43b133c5f3ec5aa8b12981685b126ddfe4c894fe8208271c0b7e60015a27e4,416,416,0,7,no_helmet
hard_hat_workers3376.png,train,8017fbbf6343ffde772288374b6aeee7d1f7e707f0e423f094313517774e68a2,416,415,4,0,helmet
hard_hat_workers3377.png,train,c62edf181ea7ca166679e773bc050d7fbdacf88eaae6368f66450fe3bd87ce5b,416,415,0,22,no_helmet
hard_hat_workers3378.png,train,5f5e9ee840457cb6fbf51585f246da574edc8163730d270de87b44a181e2c298,416,416,4,1,helmet+no_helmet
hard_hat_workers338.png,train,8a3befd107fd713539c84338a87b007ff861c514f86924d57e96ba75e20db4e0,416,416,10,0,helmet
hard_hat_workers3380.png,train,1a05821d97ff136c78731bf9c02fd290e022d50a0011cd43cf988bae520f57c6,416,416,0,7,no_helmet
hard_hat_workers3381.png,train,dffe1120634e22630dcbd9c8c1efb12a20c3512e6cc2b01d17ef1f1f96337904,416,415,2,0,helmet
hard_hat_workers3382.png,train,99bee6d5f4e83ab97fa35015cfd225f3d23f23fa1af7bc2c67a887bae50ced60,415,416,1,0,helmet
hard_hat_workers3383.png,train,dfe28993c458cb5ce388f246d23f6da35372f22eb1b5d3fcfa46afd450626c3f,415,416,5,3,helmet+no_helmet
hard_hat_workers3384.png,train,dfce06e4ec92b8420df8f2a92272fc925d807ca108c82ebc8a927a7558a5f720,416,415,1,0,helmet
hard_hat_workers3386.png,train,28ec5dd5a418e33b1e6d1215266dbe5283af2e381a7ee58a578310fb0830f921,416,415,7,0,helmet
hard_hat_workers3387.png,train,583d9b5f64dcae648c5650f7cf2d02256b38c20b8afa8717c8a244962bf6179e,416,416,1,0,helmet
hard_hat_workers3388.png,train,1222c03513d50a22db2e0b6312bedcf6ead010f01b01936c0d52ac01326de0b5,415,416,1,0,helmet
hard_hat_workers3390.png,train,1e9ae7dca46f48db5688b2b0c944aac8195c1e3ececcf7a311497ba619ccea63,416,415,3,0,helmet
hard_hat_workers3391.png,train,117cc0d79b29f6cee67084eef3c424d9594b63b2c9bf980d2f55f0a537977fad,416,416,5,0,helmet
hard_hat_workers3392.png,train,e7517d0da2474b9309cb1d18d54399919c7f3da543f06e8b812232301c3ec464,416,416,4,0,helmet
hard_hat_workers3393.png,train,f87f4b5b22a4a26d2785cbe69357ed509ccb7cd8a16643ede8f2502e9d86bb9b,416,416,3,0,helmet
hard_hat_workers3394.png,train,f57a2f6903020f0054b4633fb3977381f5168565d74cc1f57cd3519c539cda3d,416,415,4,0,helmet
hard_hat_workers3396.png,train,e336d75ce9dac993e7dd2815641bcb335187ecc445e6ac24f3e5f6a92532a591,416,415,1,0,helmet
hard_hat_workers3398.png,train,8d9c77ff4261fbe8c176ac85c030d1f87f86cf39a864e06a6077576ad887657b,416,415,3,0,helmet
hard_hat_workers3399.png,train,cd3027cd37c59a30ae7c2e7a3bc6de80e963182431ff9645b40b9e64bb737f4b,416,416,4,0,helmet
hard_hat_workers34.png,train,b2081d631b497f454bd4ad248d178743a13352dc89aa0ae766e1ec2bd3091b6e,416,415,9,0,helmet
hard_hat_workers340.png,train,724046e22bfbad36354a0d6d5ec281914e0fb5f7bf649f6847753f73cc11327c,416,415,2,0,helmet
hard_hat_workers3400.png,train,7816c7946f2e70734fc34dc69a93c39cfa0db0436d919bb01e856eaa863b744e,416,415,4,0,helmet
hard_hat_workers3401.png,train,1c1ccae4a479d44f2a41c9c34dbc51b189255a684b7cdd9d43abbd8d25a70e0b,416,416,3,0,helmet
hard_hat_workers3402.png,train,04f074b5a9bc4d22ce4a5aebc640065c5e2971afe1b0399b3d6b59a4117d2cc2,416,415,4,0,helmet
hard_hat_workers3403.png,train,d7f617b94f8b4f2bcf5da40d253aad786d61fdc921300b59d2601d6fa2a70ed6,415,416,3,0,helmet
hard_hat_workers3404.png,train,59ed8d114f874d7ac8f9a27448f04b0ef510ec2a374f1554a2195de5014d50a4,416,416,4,0,helmet
hard_hat_workers3405.png,train,1279ad28652505bca851f746554234da364ae4e3da888d6a23e95557983a9b19,416,415,1,0,helmet
hard_hat_workers3406.png,train,a3e6070510963c5774ea9791d42ef7e2b47c902a9330f0b1094900424b377754,416,415,2,0,helmet
hard_hat_workers3407.png,train,3699ef875cd3afb83fd2830ad447c7378f249e0e21c879ab8c1a10904ac6d305,416,415,6,0,helmet
hard_hat_workers3408.png,train,0dfbbebdb63d308f617de7033c2e92d2baf5808dac6521d6b1272001d5b1fd9c,415,416,2,0,helmet
hard_hat_workers3409.png,train,3c01fe6b89ece4bd5a72b3bbacceca18aa43e36d6dbe37e686abba125d93923e,416,416,4,0,helmet
hard_hat_workers341.png,train,82b3909c99205ffeb94ae8d2727f0a22e0a98000d738fa67224c05d475c392af,416,415,1,0,helmet
hard_hat_workers3410.png,train,fe5062d265ad2335b008e91752ec83bab4654a2088ecf6bf0df6f6f1ae7f4b72,416,415,2,2,helmet+no_helmet
hard_hat_workers3411.png,train,5fa23ab8f4596cd42635c62708da44f1227e4e504db89e788a4dfbeb29b9c10b,416,416,3,0,helmet
hard_hat_workers3413.png,train,7d36175ae86f84763020ab95531b98e78d00102d558bccc70b9ab3b3031e261d,416,415,0,6,no_helmet
hard_hat_workers3414.png,train,4c88a43836c736b5526657866b1dccba844b4bfacdb0b4a567f39e60a2a6420a,416,416,14,0,helmet
hard_hat_workers3415.png,train,aa50b05b47a7c8b064f4225414ff4a055a3a54b55560b73ad6b2ba5fad4c16e0,416,415,8,0,helmet
hard_hat_workers3416.png,train,080ecbf035cda49888912d728f6e49b7555805d961551d301db77de6e5618962,416,416,9,0,helmet
hard_hat_workers3417.png,train,ea23ed35f900f6d116bd720c2e5b1797a71239c955c9f9f0e4eb69b5e4cef90c,416,415,0,5,no_helmet
hard_hat_workers3418.png,train,f9aaf9c210664fdbcfef52f9d490d1008d0e8943b87438f3e82fc087a995ba31,415,416,5,0,helmet
hard_hat_workers3419.png,train,ae8b3512e9c0337f68b26583a0b6a1f0ffe3fcd73dfe073e8d21a7704700d997,416,415,4,0,helmet
hard_hat_workers342.png,train,7e023e4ad4cde36bde09a743cb0b73be6a1c16eafcd96c50c05cc45518f985de,416,415,6,0,helmet
hard_hat_workers3420.png,train,3bd2c2f8c8d37f95aeafaab66ce7a77c8fcbdb1e82b24c0addd04535a1d1073a,416,416,2,0,helmet
hard_hat_workers3422.png,train,f13c20d158f84ab7b0d328f3e16f49bb9e6f11feea6f53501ffcb7353f0e2476,416,415,1,0,helmet
hard_hat_workers3423.png,train,c9a4e23be59cbb4d117cff5a5f8d0f8ae993f1ee0a578a336f3137449719ce3a,416,415,7,0,helmet
hard_hat_workers3424.png,train,9bf1497c06f42d60855c425064fb775f0593d7ec0b67855f2659e13103a4b20d,416,416,1,0,helmet
hard_hat_workers3425.png,train,f165a38b143bebe7e0ea0c440f6c4612e2a3addee516da29f4378a840df3495d,416,415,5,0,helmet
hard_hat_workers3426.png,train,72b7c4aed203aca0fc27577bbe9c4a9a8f58ceef31d5a566baf8a53e2bae6aae,416,415,3,0,helmet
hard_hat_workers3427.png,train,3f4ddf8ce8838fe3ec79a8dbfce83e214aca7ae545a000aa5ec36ea524e4f851,416,415,2,0,helmet
hard_hat_workers3428.png,train,ae4e30fc5270a780f58f9d0387a8bb6efa74d420816233413c5b7b92f92a3987,416,415,2,0,helmet
hard_hat_workers3429.png,train,16f646416a9b132d056f3457a75c338f85cccf2ecacf17706016567eb1d68e8d,416,415,7,0,helmet
hard_hat_workers343.png,train,b0ebe7dff2d8b4cc25dafad0796a0242c014b14dc4d8ec14b47ffd27fba84610,416,415,2,0,helmet
hard_hat_workers3430.png,train,7763f0c548eade7005080b775be21013900b27e47375b3d2343d77666b6a434d,416,415,2,0,helmet
hard_hat_workers3434.png,train,c4f03e1b3c53e1580380bfaf219893550c5df9d4915fbafcd4b3f05b98eb3a15,416,415,1,0,helmet
hard_hat_workers3435.png,train,acbc1561458e2752b98c341a3daa5bd4bee4e124024eb54f5b973d2988af7096,416,415,2,0,helmet
hard_hat_workers3436.png,train,f3106e528fda9d53fbb1ece5d28a0f0c544efc33db60a8a63be3f30aee462c4f,416,416,2,0,helmet
hard_hat_workers3437.png,train,3f025cb06551174edd32bf7ca2dea8854aca67cf38b56185b559f29c329802eb,416,416,4,0,helmet
hard_hat_workers3438.png,train,db639700f4d5ab1f4592c7a34cfbd1126a878dc301a1d0adce8cdf4baf7f70d9,416,416,0,6,no_helmet
hard_hat_workers3439.png,train,3bb4c57d3e0173f7175c7fd3bf1eab5c6ce39b55443cfa9f62e72dc437d4b933,415,416,0,7,no_helmet
hard_hat_workers3444.png,train,334826e5cc0532e4fae06628cc928b751f08931abf3300d3ffdaeb053f30a0da,416,416,2,0,helmet
hard_hat_workers3447.png,train,40c0405ed3dfdc25dec34e461aa101b1efcab29083bb61b24bb067bfa299a8b6,416,416,2,0,helmet
hard_hat_workers3449.png,train,db7b1663ee272146f70405cee57411f2cee5768bbb8a72c6bdba924e1781961d,416,416,18,3,helmet+no_helmet
hard_hat_workers3450.png,train,1a76cccfb7c03378bb57751d2e613ea521831cb588232c6db2f01364d0a02553,416,415,6,0,helmet
hard_hat_workers3451.png,train,c46238a19d2b3069dcf0ca9c5e14acf5c9246244449b0c2828a942428f861dbe,416,415,5,0,helmet
hard_hat_workers3453.png,train,12f50cf56945d6ae3635c0c7490a499e2948fca59c87360d82d2d080cddd53c5,416,416,10,0,helmet
hard_hat_workers3454.png,train,428b52d8fe5c745197fe2c2007b52992c553fd05e388ac238ad5854076f6c747,416,416,2,0,helmet
hard_hat_workers3455.png,train,0fe208f777daff9c1ebc7f8efa263b3a0b5bf5222b26298438ec111fbf83e208,416,415,1,0,helmet
hard_hat_workers3457.png,train,7e5ca16c123aab0428eca940ddff31a8ed5ed850417c85d6a4241fedee8904cf,416,415,2,0,helmet
hard_hat_workers3458.png,train,2381d9170ec68773e8719a00a2c19fe5fb28639cd12ccf07e142f997cbe1b209,416,416,1,0,helmet
hard_hat_workers3459.png,train,ee9d27d7b4dc971806f0af01592ca41c4de4735fd8ecb9794df6db9a4e3fd016,416,415,3,0,helmet
hard_hat_workers346.png,train,1ad3bf2c2256d5b016a77b4b2d0e7a5e50ac6fd7cac40bea39b3b6e870a34642,416,416,10,2,helmet+no_helmet
hard_hat_workers3461.png,train,06a0e622d7ab57104e8c670ab98c7be7cfc668da352b56b0122db60175c8ceae,416,416,8,0,helmet
hard_hat_workers3463.png,train,683608f73bddfef25f86af291aee8fcd3ba8f3b87dbbf8b1b8ac6bd810889335,416,415,0,16,no_helmet
hard_hat_workers3464.png,train,7dafd494edde0ea9a0f60d87d478acd45a31fc53d4a6c9c469c8a3390e06149b,416,416,4,0,helmet
hard_hat_workers3465.png,train,41777e05d1c77ad443ba51679bfaa95b9aaae3f57fcb453434c7986f3ba587f6,416,415,0,3,no_helmet
hard_hat_workers3466.png,train,c002b62574a5fcd2decd8807167ad5f9e1c7dff0c9a639de9c3b215f36f2a93f,416,416,4,0,helmet
hard_hat_workers3467.png,train,3047d543ad7f4937551017d636bedc774771a1dbef6e3544d75b541d7bdc9218,416,416,12,2,helmet+no_helmet
hard_hat_workers3468.png,train,a95bdcca37ea697f90f15cd0744c10d2ee058cd9092226b7e4e1e7a7ea29c9ea,416,416,4,0,helmet
hard_hat_workers3469.png,train,1ea95d02f5f7e13aef82ae0df7b5787051b863c10cc94068704ac7923244b6ea,416,415,2,0,helmet
hard_hat_workers347.png,train,f03322cf9b335c9217d9b08752bd7bb18a94120a3303308784d5a1f00994071f,416,415,1,0,helmet
hard_hat_workers3470.png,train,59fc6fa5e12581ae94b26a6d5c90a4111864a888f69bd6d14d18ff13983468fd,416,416,2,0,helmet
hard_hat_workers3471.png,train,2c31b5b6e57e2da7db63a708a2ea8150d628809512c73da331adb3f2cfdfa151,416,415,2,0,helmet
hard_hat_workers3472.png,train,ab8c199d446ff14a805c1ad96a9cb75e6530fb4a1a234efb7e44264dd9728041,416,415,3,0,helmet
hard_hat_workers3473.png,train,8ad7052695228d8e04b0a043bbac96be9df23479c0628fb79a9b7eaf081c2e9a,416,416,4,0,helmet
hard_hat_workers3474.png,train,740ad438f3436947deae52c4e75b24b862095f9dfcc1e52f7835c4d83dc7a2fc,416,416,1,0,helmet
hard_hat_workers3476.png,train,0cd8f6bc2f5db7e144020b377d69e0d252f790957745cd431ecd4fbe79df1de8,416,416,1,0,helmet
hard_hat_workers3477.png,train,21edb2742eafc0cff062f8120e189c0999637aa16a5a0ba2edf847608247132e,416,415,4,0,helmet
hard_hat_workers3478.png,train,964319d752eb790889db8865584d48fbccb9fcfe4862655216889c8910b96d68,416,415,1,0,helmet
hard_hat_workers3479.png,train,ebf31099cd4dcd11caa67bcd24933ceb16337f6010b2d3414c5e82e98f3d2f32,416,416,4,0,helmet
hard_hat_workers348.png,train,001697fbf38c58587157700a18bde202507872874d97e88d1d0d34813dc235e5,416,416,9,0,helmet
hard_hat_workers3480.png,train,04f56c9ddd219adc1c9fed2b00b7a8ead3a23ee02c22a5f1690627341a99300c,416,416,4,0,helmet
hard_hat_workers3481.png,train,bcc671e4780e39466fa39aae97baba5b57485e232417215fc4c45a07df64e8df,416,415,4,0,helmet
hard_hat_workers3486.png,train,2d382d4afc2b52a87baeee201a8be0377f783d636e3eb5ee6dd47fb56bb88f02,416,416,5,6,helmet+no_helmet
hard_hat_workers3487.png,train,25a99fc5589980927986ddbe528d4deddce5e236aec4a2bdbbc302af3b1d59e1,416,415,2,0,helmet
hard_hat_workers3488.png,train,152a2bf17a3dc8bee85a58bc78227be2edb3bade023dad106bebeb023d60b7e6,416,416,3,0,helmet
hard_hat_workers3489.png,train,d0a2f0123d407ddea6081ffa9a21229d7b9ea8515f387aa5dbc26cc26f9e5a36,416,416,8,0,helmet
hard_hat_workers349.png,train,f096476405716a600890b1f8370a2c51077162060a7125bc2e022a9a937c5748,416,415,4,0,helmet
hard_hat_workers3490.png,train,b1d5c1a2f46008cb9097cbc5bc7dcb5b90d44d57405f1822f80adf7f6f55b362,415,416,5,0,helmet
hard_hat_workers3491.png,train,2dd97ae6a96a99d37eea1dbd5abd4af8f74223a99a6ba1dfdde4c28953d23bae,416,416,3,0,helmet
hard_hat_workers3492.png,train,658debbe843b23c470e78057d1d373ca3166211b729a1e7205d25717654aa71f,416,415,4,1,helmet+no_helmet
hard_hat_workers3493.png,train,afa59bdbd4fe4abc8a7ba974f008d97f87405c45ac440d77e15231ccb6ba74fc,416,416,0,20,no_helmet
hard_hat_workers3495.png,train,63b89258553d78a304c4d28aaa88c29705bd020a6ba8eee02da8c440967a8244,415,416,2,0,helmet
hard_hat_workers3496.png,train,e0ea68dcd421cbe636a4a1d051751be45dbe0cac554ab1f85018ae99222567c5,415,416,2,0,helmet
hard_hat_workers3498.png,train,55617a39bb244c8e8dae2853db7c2fa4815a7dd64d47bd30330001bc3b86d120,416,416,2,3,helmet+no_helmet
hard_hat_workers3499.png,train,18c8a3b6a8050c23459af8e53aedb1d45d4d9efe7ba3866204f5d50f78c989ae,416,416,4,0,helmet
hard_hat_workers35.png,train,35374835fb7d7a0cd8c434a898e695c00fe3bcb9acd3b6a348e6c3abbaef8804,416,416,2,0,helmet
hard_hat_workers350.png,train,c2acbb6c77635a5ead4966b036ce619259cc138e2186ddba44ed392358256596,416,415,5,0,helmet
hard_hat_workers3502.png,train,b24b0215d0571abc6ca0eba12623e1b591e48ed0765292171ebbcba41c34d960,416,416,1,0,helmet
hard_hat_workers3503.png,train,76adbb40a7fd6499ce96c156316ee8c4561344911e35c21054626b7c99379551,416,415,14,0,helmet
hard_hat_workers3504.png,train,8362c7a6c3d4edfb8e78e056e17030ba7c47332e167dd65165ca18ad377c9943,416,415,0,27,no_helmet
hard_hat_workers3506.png,train,9c845a0228fc5b2603a99c458efbeb5c7f74dc2f150b605bf78402cd7378674c,416,416,7,0,helmet
hard_hat_workers3507.png,train,1c2779fdd4277b2ed9ffc03eabb46e78cd6f576cd3ff2496ec543ef89e6bf84d,416,416,2,0,helmet
hard_hat_workers3508.png,train,c55fc09933b8b5deaaa3db0848a9971809ba68885c30abc4913b70314dc143d4,416,415,2,0,helmet
hard_hat_workers3509.png,train,479099863c5719f0e843c7aebaa880cfb33410b8421bef88e11c2cb1281304a2,416,416,2,0,helmet
hard_hat_workers351.png,train,e0c5951dc1834d3f3c1ebd4f4190aeb6edbbe317f0362da1e0ea1c1a8e800669,416,415,0,13,no_helmet
hard_hat_workers3510.png,train,8a12cb805ce928a865319979164937ff47932e0434de0d7e569d9e721a4e4b15,416,415,5,0,helmet
hard_hat_workers3513.png,train,d151e2ca7bf2e2261face77316f8c681284827576d2557ee71a7cd5dd1b83cbd,416,415,0,9,no_helmet
hard_hat_workers3514.png,train,e030bc2c1b2b029103661b290389362f02c1af692704e3373d238dd446ef4631,416,416,4,0,helmet
hard_hat_workers3515.png,train,121914963fc42c3ed22280a6ab2fba35d5aba9d24705a5f962dfecc593dba700,416,415,2,0,helmet
hard_hat_workers3516.png,train,b987d76f74f48d4660bbce15ef1d8bcb3914210ac0b11736bdccac3f85462dc8,416,415,4,0,helmet
hard_hat_workers3517.png,train,ab34136e329b734817697d1916aca831f683e6ab5614a5d89c85320f13b522a3,416,415,0,11,no_helmet
hard_hat_workers3518.png,train,f18f3f378de4f07944bd7d9ada9ea1738f9d8450972708c628bfe93c96653531,416,416,0,5,no_helmet
hard_hat_workers3519.png,train,600b8212151c5e132a26ed19921a1c9a3b6339d365a326f5840f154520fe9cb0,416,415,2,4,helmet+no_helmet
hard_hat_workers352.png,train,5db7116784f0ad82bdcfc3d65010e6ed40cd444ec2d0a2d6db9383c288f2d40a,416,416,8,0,helmet
hard_hat_workers3520.png,train,a47ec76d9a41663020bdca9bb16e37cd510f05b93a2291f50553c2c8af323d02,415,416,2,0,helmet
hard_hat_workers3521.png,train,111cb976c71067e4fff161c505e1396e330700348165752042c2ce43214850b7,416,415,5,0,helmet
hard_hat_workers3522.png,train,57319337c983dca23ee92eb498699b68646a3954111234d79ee7b76597b69110,416,416,2,0,helmet
hard_hat_workers3523.png,train,110066a030fa64094f5b1a5b930b49b8b5afde69bf8835cecad058b2086770cc,416,416,5,0,helmet
hard_hat_workers3525.png,train,02fb18889c025f2002b60cba900e4b098a197b2c97cfa2d0deba6d618b261b6a,416,415,1,0,helmet
hard_hat_workers3526.png,train,d3227843c19162a6ba7561f85a9dfac659b9fe9ffaa51c77c878a177bcd0ad36,416,415,4,0,helmet
hard_hat_workers3527.png,train,b850ab1d89fa6ca498e9cbd280e413096308c735835559dc928246b5d6c9c660,415,416,3,0,helmet
hard_hat_workers3528.png,train,4d72786a061595275ccb91044016df0aee13eea26aeed6d47e8d9b76483be53e,416,416,1,0,helmet
hard_hat_workers3529.png,train,e315c01baaa94befcae807c2b2e676e5cdd342360257c6d6eafa7580443bdae2,415,416,10,0,helmet
hard_hat_workers3530.png,train,d41a25a4dd5609d49c1b54bb487083966a26ac77477dec8811b35f758df83f26,416,415,9,0,helmet
hard_hat_workers3532.png,train,84f64d7950e16a0bcc62a1188356ac6c64817d36869da2eaa5cf97de7d36a3bf,416,416,2,0,helmet
hard_hat_workers3534.png,train,6921cde700dcf102ca7d6bb8b6bffec903c1a59545ff67215d8daa6a8230a776,416,415,3,7,helmet+no_helmet
hard_hat_workers3535.png,train,dc206d208c4a0d5cfac89070e29038064c3733b4c4181a752d757a1fc022a899,416,415,2,0,helmet
hard_hat_workers3537.png,train,bbb187300c4048b506da72fb8d26f4e01c08a2f3823fa93fbfa26672f40ca574,416,415,4,0,helmet
hard_hat_workers3538.png,train,0c9d1f419ad2cc31ffa36fae8f8c0f66419c14e5694ea37eb99a42ad248c316d,416,416,6,0,helmet
hard_hat_workers354.png,train,b78c146d10a21cde058748b0aa348a45476c9a44df3b5a4e07e43b612bc79d7a,416,415,1,0,helmet
hard_hat_workers3540.png,train,911ffe67590af539ad9d20c9d5f589517c6e97164b0b305480c4a4205f4f5a4d,416,415,2,0,helmet
hard_hat_workers3541.png,train,22a4351b3a4e3fce52c878d05d803a7b240439c8a69ba44530ccee83196b919c,416,415,0,2,no_helmet
hard_hat_workers3543.png,train,af0dc2f087649d58d70b99575a9f42b6e185c35f71c8349cf980768a689d2d81,416,415,2,0,helmet
hard_hat_workers3544.png,train,2bedc1ba36498f8428495fd3264ad24e691e235f04f81714eb2fe5c412497402,416,415,4,0,helmet
hard_hat_workers3547.png,train,0d6e200bbe96e2ea4ed9e1740f1ef452226528477f7cd0455f630142627d504e,416,415,2,0,helmet
hard_hat_workers3549.png,train,3aca1fea77f063aae4ca3ccce357491060609a9f8ea7091117fc1261ab13d47a,416,416,3,0,helmet
hard_hat_workers355.png,train,d25919c6ad854e864ee4017287bef2a55523ce1465ee352122069b67e02e27ba,415,416,4,0,helmet
hard_hat_workers3550.png,train,653c86b046955ab6faa4d39e4e65d2ea19134a91efddde1084d10b2b9f2b401c,416,416,2,0,helmet
hard_hat_workers3551.png,train,ad7f1e7d3eeb5ffe107dc4322550c3bca1ef7241edb67ed6d7289c77a26f210a,416,416,0,28,no_helmet
hard_hat_workers3552.png,train,cebf2db42dded644d6d4811ed75b103d0b87f7b3a4bb27c4affe8faf3a76e35a,416,415,1,0,helmet
hard_hat_workers3553.png,train,e5b40bd14096a0d283c19a97ed217bbfce28afb4de1fca0e500a1288dce522ea,416,416,5,0,helmet
hard_hat_workers3554.png,train,dd2d3ea7589ff31b6da40d73b9e5e75a48f45832fe43ecce691336068770fd03,416,415,17,0,helmet
hard_hat_workers3555.png,train,d5ee36f8192f41bb41490a7c302674d8e339a79a0d76515c09444bcf16d5fd71,416,415,2,2,helmet+no_helmet
hard_hat_workers3556.png,train,c7ac735d2825f29ecd93874699e0ee8261a8c79e3e01269f4e97f952eb49ffb5,416,415,5,0,helmet
hard_hat_workers3558.png,train,275bb96a68a1f82ce1c77f195cc106bdc2445c3899a6187163375acb33c0fa7c,416,415,2,0,helmet
hard_hat_workers356.png,train,41afba9d738d68735ea4faa9202152b722153b9f3913a0344f3d54b4b1d8c5d0,415,416,2,0,helmet
hard_hat_workers3560.png,train,fe6f3df493ece379510b6ba0267b22a510dc04c4672f3b4f83ac9e0ef1137c05,416,415,3,0,helmet
hard_hat_workers3561.png,train,7a5c5f6f0d87282a1d8ecd10948ab376a5813b14247c7407f2e614529db42ded,416,415,4,0,helmet
hard_hat_workers3562.png,train,753e7a1ec0400a894aeae6d88c1eaf504827756c08f6eb88bf6b89001e2ab303,416,415,7,0,helmet
hard_hat_workers3563.png,train,bc1954f3553969eb2e920f433eac6484637ea080057008bc98d7d6f47f58c4d4,416,415,2,1,helmet+no_helmet
hard_hat_workers3564.png,train,916818c3bb954aa1e0aad9d2829f5040186e9887b133bf542c213ef2afe2c92d,416,415,8,0,helmet
hard_hat_workers3565.png,train,280dcbb6bc4dd92a9d1d4cd4690ee751a24fe3d9045472529b7d70a4e0fb82d4,416,416,6,0,helmet
hard_hat_workers3566.png,train,54ed08303f29173fb5f601456b38ce0d2c5092b2731f6342abea359c79c5837c,415,416,1,0,helmet
hard_hat_workers3567.png,train,747106cbe4522f68e629d58de053e29a3f65d9b87ffafeba348c37aee4367692,415,416,2,0,helmet
hard_hat_workers3568.png,train,66b1bcbf7b511d913c864933df6ebe5c94a1d2ac9591203eb866f1f8ad7b0ebd,416,416,3,4,helmet+no_helmet
hard_hat_workers3569.png,train,7d8792f54c97c4ceb7dcbc242e69b2b5d1211f20984b36202ef4bed0bb6ed13c,416,416,6,0,helmet
hard_hat_workers357.png,train,45dcdf4c1dfd7964260b2b7279e0316124392e33fbd02428f19578c284f8f537,416,415,4,0,helmet
hard_hat_workers3570.png,train,3badf40f31bc1371b57313077ab701c1c6c78cce6be8904d6d7896ba9636b7d2,416,416,4,0,helmet
hard_hat_workers3571.png,train,de0f1fea42925c467174e101d1c2905041b8f7103788a6fe321dc05c7d3537db,416,415,10,0,helmet
hard_hat_workers3572.png,train,3b6f07bec5a3acb3720acc04a34a6b2ee724f93ced71903d7108d3827cca342d,416,416,6,8,helmet+no_helmet
hard_hat_workers3573.png,train,322b99eca26c3dd0044fd4e59708e218c1f334651181242d9dd1684de8774392,415,416,2,0,helmet
hard_hat_workers3574.png,train,efb9f659a8bfd48374f6aeca70d2be9d2d8947b3acd222028c9a20fd4bccf74a,416,416,1,0,helmet
hard_hat_workers3577.png,train,3d2349ac0e7cd91802e66f58992ad26fe9ddfb834a39773359f9e6db7ab92f11,416,415,3,0,helmet
hard_hat_workers3578.png,train,80de5329c40db2d0295e58917438493939d4bbf4ab034f2489c2d2bb50f9c45f,416,416,1,0,helmet
hard_hat_workers358.png,train,5e384dc7595bb50ab489b766afa56637aac42d50201f4a3b66b0b8cbbe4cc740,416,416,3,0,helmet
hard_hat_workers3581.png,train,6c8d2660a82c3924c2cbd557d2b75254a3b96479205789b18efb3927a624f948,416,415,1,0,helmet
hard_hat_workers3582.png,train,73f215a451a5039e111777786ed128768a198b363aeee2ed2162ad2d1e3e8bf4,416,416,8,1,helmet+no_helmet
hard_hat_workers3583.png,train,be3c870d50cf86bbc8bf1cdaafc1c0cab0054f48c3a42b7559b7e45688af5cef,416,416,6,0,helmet
hard_hat_workers3584.png,train,ca99b1ec60b3d316088773e451d0f283da61e9e7e74844c5fc4ed2d9ce7d9649,416,415,8,0,helmet
hard_hat_workers3585.png,train,4222970699aa1c9fcd97f48067c1e9fd10c5509b1dcb86a4719b7aa7dcdd7f1d,416,415,2,0,helmet
hard_hat_workers3586.png,train,daf22f8d76523b17632f41fd30188a4090e2363b2113c945aa36f4964e5d85f5,416,416,0,8,no_helmet
hard_hat_workers3587.png,train,2cfa043efbd9053acc824d54453c2a1896748ad560be06565e0a25780502f079,416,415,1,0,helmet
hard_hat_workers3588.png,train,29c479ae66d946fc2085651c904073bd2d72b11d190eaa57293b049c586be1bf,416,415,1,0,helmet
hard_hat_workers359.png,train,99f6f79496c228022a11c8287c117eb4fbed09bac95a31bc0ddc444dee64cead,416,415,2,0,helmet
hard_hat_workers3590.png,train,140d796ba2ce5c1782ec527459e9c4a342344dc2bd0c70e7c97680f2de7c7f32,416,416,1,1,helmet+no_helmet
hard_hat_workers3592.png,train,b4c133b6693515f16342371eeacb5d2cfc271c6a00f98b711bb3bcaefe8e394e,416,416,1,0,helmet
hard_hat_workers3593.png,train,8f53f4552258e94cefcee8a7d5fd691f2daccf90e33a35b854054aec5b0fc665,416,415,10,0,helmet
hard_hat_workers3594.png,train,f5c9b788a941e20e0d429e3b6cefb3c3cbb945199290fd9f9237d50c8399b6e7,416,416,2,0,helmet
hard_hat_workers3595.png,train,4bde5ab7d6453ca288dbe3ef65c3b0b7ce2c38cb3a69b11eebc41019fc682f64,416,415,1,0,helmet
hard_hat_workers3598.png,train,96ecb712ca3c656dcb0e0d5ec2b7f954eb87821eee6873c1bce31270e87b7643,416,416,13,0,helmet
hard_hat_workers3599.png,train,46d68f1e0affd11234c9f772b7fd34272b2df4a01ab362aeb163b5889570f2a6,416,415,4,0,helmet
hard_hat_workers360.png,train,f82b731ef9ada79fea4616d5a9af82a0a70424372e166198ff62bcb8b8fe03eb,416,416,3,17,helmet+no_helmet
hard_hat_workers3600.png,train,253ffda0148637cfb27ba94a4a5e278326db2d78348bdcdab7cde07e6023e6dd,416,416,2,12,helmet+no_helmet
hard_hat_workers3602.png,train,ebe4fd4e2d1e595de9625a1de7967ccd8832cd4d307c649ce2c87c7a5b1d2597,416,415,5,0,helmet
hard_hat_workers3603.png,train,1de98cc230e0554cf67a234e298c8889368a13f50d2ff1fe3ca82d0446e67ace,416,415,2,0,helmet
hard_hat_workers3604.png,train,228a6c9aeabd0b3aebfd4b16cb1bfd6a1426f02898ccefdba83a4815aa472e71,416,415,2,0,helmet
hard_hat_workers3605.png,train,65b194f8d9d661bf55ac5a6bbd8e1ef4e2ba5fbc469495c436853f30e6c06774,416,416,3,0,helmet
hard_hat_workers3606.png,train,fb33bd6f1b7db9f1e832e411521a19dff6ff0972c552631dd7235dedad29ed38,416,415,1,0,helmet
hard_hat_workers3607.png,train,c5cb21674d8ad92d0dae3bfb173ce8c8756a7feb213cd0501ef4a7a4e7b5cc8a,416,416,1,0,helmet
hard_hat_workers3609.png,train,549ec571dea649fcd45facef3ba7caa9d07c80a528f4a9b07c006ff612839f46,415,416,0,1,no_helmet
hard_hat_workers361.png,train,256b990446bbc0be8d4b0d5c74d982e83764ec5b82632ab07db55f4a0cd6cc09,416,415,3,0,helmet
hard_hat_workers3610.png,train,83b01043e56e11b05670c7a5dceda9ba7df9885184f3395a3cc8d2e5aed56798,416,416,0,9,no_helmet
hard_hat_workers3612.png,train,52daf503a1bf75eea400bf15bd0ad5ea44f305e52e4c047f68c0986da3322d13,416,415,1,0,helmet
hard_hat_workers3613.png,train,b1b9ab3a99bfb13717738ce2d906226e3dfbed5dc93c678d0913ef6a2cbcb8a5,416,415,3,0,helmet
hard_hat_workers3614.png,train,7adc740178061aade295f4324e6c59b848845f647c54ba27cc3b2d1168ee463c,416,415,10,0,helmet
hard_hat_workers3615.png,train,81d759c778ee47485b2175ea285403aeddaf9761c6d238c9191f0f549b0b17e3,416,415,7,0,helmet
hard_hat_workers3616.png,train,13927055a66e190c24f956ff413e14a7a338247b1ae48602ce2b28135e9b6081,416,416,0,7,no_helmet
hard_hat_workers3617.png,train,4e847369ddab4ce0ece9b0ec4bca27b9b22342e97d6c2c7bef9425cc6f2651dd,415,416,2,0,helmet
hard_hat_workers3619.png,train,0f4467a952f8e83a0e932424a71e4cb72677b14d5cdcfc33a889be02e2e2b51c,416,416,4,0,helmet
hard_hat_workers3620.png,train,b2d047ac0238793af2cc8deeb8d31023fbd2fc6674db9e0f6c533d1a979a6549,416,415,9,0,helmet
hard_hat_workers3621.png,train,430ac24924750e4e3e7aee83656afdf4a3627ae4a7e85fbb1dc90a83632a0cac,416,416,4,0,helmet
hard_hat_workers3622.png,train,8b4ec783bf7d534a13cd7b63633ad3695f901c3cff6766f51e691800ae149e38,416,415,3,0,helmet
hard_hat_workers3623.png,train,f43fd65e299a4c446d0e35401c1ff7a0f3ad5c5ab03134cdc0a26168f30304a6,416,415,6,0,helmet
hard_hat_workers3624.png,train,af6cb8677ff147c0905eac440da716fd4ea0cae0c2e5cc717049d40ef3a0acbe,416,415,6,0,helmet
hard_hat_workers3626.png,train,7ce54da680bbdb761645f8f140a49ecc15ed88ecf1f333c3b2fb7734ee10bae5,416,416,0,9,no_helmet
hard_hat_workers3627.png,train,c45a6e515a407b75c464b865b3fa99340344851fdbccd2cbf4ae5128cb66fe83,416,415,4,0,helmet
hard_hat_workers3628.png,train,6a783389cac76ed4ca8924d4174469de6c91378635dc8ae4ab24162d4322c205,416,416,3,0,helmet
hard_hat_workers3629.png,train,f463830539bdd88cf09357b92c46ac463d25010feb4295d6e6e2ee2691e27cc2,416,415,2,0,helmet
hard_hat_workers363.png,train,d5e2b21e30538fb09079badd6998200ced41897987a61fc128ffea29bf2b652f,416,416,1,0,helmet
hard_hat_workers3630.png,train,462704a5ad27ffc609f2f3be60a5d9110e74b9cb404c488b3fd8a04ca5fd8159,416,415,1,0,helmet
hard_hat_workers3631.png,train,d5cdf7f186c1a61228a16174c154e65a4c8592792bcfc55d789421a4e6bed96f,415,416,1,0,helmet
hard_hat_workers3632.png,train,2b5413e1e39a09ebbf40a6278cc09d5679054c629b46455d953f0dced81a70f2,416,415,1,0,helmet
hard_hat_workers3633.png,train,fb20b2df317241441cfdc5d7ee8ad8240f86336513a0fe77ad81d4845b1bb245,416,415,4,0,helmet
hard_hat_workers3634.png,train,8848ac0121c143c5381bc798af7a2fbf669ff5e4fc12fbea53399e4f3dbf0095,416,415,2,0,helmet
hard_hat_workers3635.png,train,fd708e64b68c3703ae8e3690ef147c49e9b1c2c3f914f2b98475186288ed384d,416,416,0,21,no_helmet
hard_hat_workers3636.png,train,9ba812e4f867d867181580e426cd3d27cafd861e264be9cfcd0b7bd673b727ec,416,416,7,0,helmet
hard_hat_workers3638.png,train,a6fb74d1b308d0988902445ab2ba097b5f35869aeda268346d7b82279989f0cd,416,416,4,0,helmet
hard_hat_workers364.png,train,181ba9faf7c9e0b530b8d521b372413ee0986836021cd7178e6a7d401a926eae,416,415,1,0,helmet
hard_hat_workers3640.png,train,0bcae6200217b30694f8ca900736a2f7496fd374e34b157f1f0f9436cd875b90,416,415,2,0,helmet
hard_hat_workers3641.png,train,955a32f2afa2e34a02ff2da120c7729086fb705c9d20db18a12fa43b84910c2f,416,415,2,0,helmet
hard_hat_workers3642.png,train,55788534d3a90149b4016015f9a2fdc133f9525ebc6c2ddfbccc77bca9aba9ad,416,415,3,0,helmet
hard_hat_workers3643.png,train,59603e2804e1d8b86d0f0a48d2bc8a59908bc6211190d148734b23c43aa8bde8,416,416,0,14,no_helmet
hard_hat_workers3644.png,train,5a53e84fdca64a70027e2e04db2555228f6bcf458c043b4d696392a2b77bec65,416,416,0,11,no_helmet
hard_hat_workers3645.png,train,41ed46974f733a3c02ca2a1c0b1ac31eed9b374dfd54e1b29aef403ef4e4247b,416,416,2,0,helmet
hard_hat_workers3646.png,train,47a0a63d1b39fce98972d264bf7a9c00bc52e7adf0108d4a886d868945ffc7d3,416,415,2,0,helmet
hard_hat_workers3647.png,train,a8202e5d81da55495b25b11f521815d4081bf1cb215b72ddaf848b9824333987,416,415,3,0,helmet
hard_hat_workers3648.png,train,3e4b55ca8bc0856f5f132b71065189619b6c76b7daa4cc74fe1e36493b67cce7,416,415,5,0,helmet
hard_hat_workers3649.png,train,90c46eaeefa1943b654a95f72da105db7e3dc36539f7f50bf7d3c024a67c6e2d,416,416,1,0,helmet
hard_hat_workers3650.png,train,54b1f3ba087ea16bd3d49f7af17a6eec9939345c8e7f9b1dc5b9095dec22d440,416,415,0,4,no_helmet
hard_hat_workers3651.png,train,c10bb0a3750a50140ba8ceaa6e5827923c431d5ea7c10bde39ce5d4c414dedf2,415,416,4,0,helmet
hard_hat_workers3652.png,train,2cdfd90cb360059a2b9e91cc14e31b281276de1bbc3f9973705a74a2677ecbd0,416,415,4,0,helmet
hard_hat_workers3653.png,train,dc4468b5820bd235d9e8f92c9d2c2797b7f7f51a678281c2a06ec0a1c644ab19,416,415,1,0,helmet
hard_hat_workers3654.png,train,87e08eb69d70e4fa13759d9f6fed4d26354ac7d6d2af40a4166b7d663b79c4ce,416,416,1,0,helmet
hard_hat_workers3655.png,train,c59357d79311cc45126e0add9ed5a7cc382edbcb5419e6424ff511f1e3bb8201,416,415,4,0,helmet
hard_hat_workers3656.png,train,74b68d884024db8975d1a3fc8eed55cda37a7c49f92fbcd77ab43ad4e49c1e28,415,416,4,0,helmet
hard_hat_workers3657.png,train,e728a8c60ce2038bd4c8345b03f8d1472c976c94e4c45d598016c39781701fee,416,415,3,0,helmet
hard_hat_workers3658.png,train,f941770ac7109d0ba2cf220012a883414b8edb31b4db18f592be244d8fcccb4e,416,415,2,0,helmet
hard_hat_workers3659.png,train,43a6005763c1ac7c24308d4619541d511b7a095c756922ddbb5a735c6ecd52cd,416,416,4,0,helmet
hard_hat_workers3660.png,train,3977b5f31c3dcfc13427a9a6b64a1c998fea73f4ebec761119329a52b7ffe848,416,416,14,0,helmet
hard_hat_workers3661.png,train,3414fe83f013a83337ed68b4bd42279d70f53043ede29ffaac4da3165d26469c,416,415,12,0,helmet
hard_hat_workers3662.png,train,58f810525dd4b63727bb6a555051117ff21be1bf2230d3f4bdb471ac0c3fe966,416,416,4,0,helmet
hard_hat_workers3666.png,train,7c2b3f1f8a1df0856c96bc7a7c8c5778414397c39671122155d8da4d5f7cb956,416,415,4,1,helmet+no_helmet
hard_hat_workers3667.png,train,03a87c2685a57170a6ba0773901cad51439b1ca9a1d1d24ba0b81bbd84d6ff11,416,415,1,0,helmet
hard_hat_workers3669.png,train,899458c1baecc2e335e09311b9934b638b9768a3b9aa62692d9e58da10696289,416,415,3,0,helmet
hard_hat_workers367.png,train,10210db8fcde7976575b39881e3396262e1a4fab4cf5bbfce187878b6424e9bf,416,415,0,2,no_helmet
hard_hat_workers3670.png,train,33ec30292849e00e32bc0560a21226fbd10fa00b1f1f8b740ac9e1de8ec22c14,416,416,2,0,helmet
hard_hat_workers3672.png,train,4e2bf3ca864602656eee69c1679a7a8d01bddd672bde6e43a1f0aee921001b72,416,415,16,0,helmet
hard_hat_workers3673.png,train,a71e21b982d0d1cb92ca902c2b6c75fef948a9277d07b6e6649f14e0fc1e3a44,416,416,1,5,helmet+no_helmet
hard_hat_workers3674.png,train,5030a91797f9653cc97cf8b98234c97b572774457060de03d5d2b4934ea2ef04,416,416,2,0,helmet
hard_hat_workers3676.png,train,1a09a6915bc0fd0382f0f47de5b9269ddbb33cbf69b4960393896f96ad498a9f,416,415,4,0,helmet
hard_hat_workers3678.png,train,42cae3849f5629b2f3d3bc228c228aefe1695dc538747f728460ac9c364edb2f,416,416,5,0,helmet
hard_hat_workers3679.png,train,c2dcca99516b4715f38c827017eed687c040cecea1c9960a1de0ced0188c3fb2,416,415,4,0,helmet
hard_hat_workers3681.png,train,c2d7213b403231e3158f806b50d15272d1349263ebfc164b836c679f46257649,416,416,2,0,helmet
hard_hat_workers3682.png,train,4034eb8e133470cb6b8185d5761fcef9262ed42d23c8da846e856a4e8db0748a,416,416,3,0,helmet
hard_hat_workers3683.png,train,965809cc57b554592b32335841dff426d76b1bc7d53d5178afe0b0056d926227,416,415,3,2,helmet+no_helmet
hard_hat_workers3684.png,train,25335c504525fef3dcf14515ef5c908d0e2b880a57c81dc38c21dd833bd907a9,416,416,0,15,no_helmet
hard_hat_workers3685.png,train,b0831446e54824f9a98e5687a13223152385e1cd86cbe5e66abda118c2e430f1,416,415,5,0,helmet
hard_hat_workers3686.png,train,a415402c1cc9b8d84d98d99e920ee2538be9a18f644ab1f4a3abc288e6e7075a,416,415,2,0,helmet
hard_hat_workers3687.png,train,b2a13d27233ecbe765d94763fed890183ef730e316fe40755036ba65ada24be0,416,415,2,0,helmet
hard_hat_workers3688.png,train,d477c2df3f6832e489f0235eba48d5c880b5a047c0fae519853318d2f3271935,416,415,2,2,helmet+no_helmet
hard_hat_workers3689.png,train,0414c4d75239e05c0910f27281998cb7fb3fdf34d4fa2f1b2a02b48f31244d2a,416,415,11,0,helmet
hard_hat_workers369.png,train,3a78d81cb7bf0aa0bd03fb2271d222e97659a276a7198091756a4f8e17a536da,416,415,4,0,helmet
hard_hat_workers3690.png,train,fe527bd68483b5598ad2873f6b6c60552aad1b58758bb88c82166cb2e3679a5c,416,416,6,0,helmet
hard_hat_workers3691.png,train,73703f1bc2e7fe74d99124caac1e81b32872bb1655f3761a4592c39b517d6d09,416,415,8,0,helmet
hard_hat_workers3692.png,train,e3cef15df0ec155f6284a3eb1c3080e1bd67e57eb5ee6c5f9298dc09e0eac6fd,416,416,3,0,helmet
hard_hat_workers3693.png,train,e3788fd5999325187120b6a28ac4b1666eccf47c4d6fe071f964ecf93f5e764e,416,415,5,0,helmet
hard_hat_workers3694.png,train,1bb479064f0d2094a4ad2fc1253e904c2fed3596725edb9edb9fcad8bf037fed,416,416,1,0,helmet
hard_hat_workers3695.png,train,6fe59fcbd5526cd949d69b4a2bd3d4e7af95d6cbd919dfa122ebf80f911312f8,416,416,6,0,helmet
hard_hat_workers3697.png,train,e90711c6c771df875de7b315e6668c0d463a14e3625cb1728a2fb6acb506c93f,416,415,2,0,helmet
hard_hat_workers3698.png,train,52117009aa189b546c6aa0455d272345557c640901da411cf094550b82061bb4,416,416,3,0,helmet
hard_hat_workers3699.png,train,5f8627b159c608e4ed03b309b7fe6555e921505fb3a19e1448ad493b2d41e7fd,416,416,4,0,helmet
hard_hat_workers37.png,train,a9ca2d6636a66584a9ef53eaaa0717e51a860d764d99da0e98630a08efc7d919,416,416,6,0,helmet
hard_hat_workers370.png,train,44aee342e1973d0c4a71580e003dbb46019dc342420c9843954bb21605eb2d08,416,416,8,0,helmet
hard_hat_workers3700.png,train,dc6df3411c93a00674bcc73224cc61be9e6db1d63c48916861d42a4a97794695,416,415,2,0,helmet
hard_hat_workers3701.png,train,5d7e2199de4bb4e8d7986eedfdb0a42fc5ea41b19382db2860d0cc738fcc53ca,416,416,2,0,helmet
hard_hat_workers3702.png,train,d35a3337e272539084fc5b70e525359e126ae038fa5b699f7c409e48e5501c38,416,415,3,0,helmet
hard_hat_workers3703.png,train,60c8caa1400772ed8a57659776aca6088bbb841e32117c000f25219146e27f8e,416,416,4,0,helmet
hard_hat_workers3704.png,train,f63c08544a5242133dd0251bf213661638a3ed5d68ea6439e2ff86c7939afb45,416,416,1,10,helmet+no_helmet
hard_hat_workers3705.png,train,22ce239c07123641006944f8a9822611a1983b7e5427ec13ba949264b7a71db6,416,416,2,0,helmet
hard_hat_workers3706.png,train,a129fad1b8a1f085f7b40955438616419b12db6d9ab969129b2279fbe2e8599f,416,415,2,0,helmet
hard_hat_workers3707.png,train,f6eb697bdd0a3a7152e59055aa3afb02294c45b7be637bd42a3762145ef325e4,416,416,0,9,no_helmet
hard_hat_workers3708.png,train,e5584b11ee1b8e313dfa0a375c81f1fe045c35db92b81236c2839e536a676a87,416,415,2,0,helmet
hard_hat_workers3709.png,train,e9b9455e3db1d251cf769f080af0973dfe4bcbf5cdd7e1137b58088f6871800f,416,416,0,16,no_helmet
hard_hat_workers371.png,train,be3e49ee51e9dcb3ac743af0659e0c48ca5363ecfed15756a51f6d2afcebc1d9,416,415,2,0,helmet
hard_hat_workers3711.png,train,4d6027510584f3835b845fc4f6f1646aa972c6ca6773b0b1946728f604cdbd46,416,416,0,7,no_helmet
hard_hat_workers3712.png,train,f99d0068cd46f92fbc2f1630756f3c5989c1de77f2e489b9308a1e227cd7b378,416,415,6,0,helmet
hard_hat_workers3714.png,train,12e21237a795ae727b33834f466016a43ea8210c75d7d9c766177d9a9a586b9a,416,415,3,0,helmet
hard_hat_workers3715.png,train,5e3783ecb69ecd061313243891619a42d0d1faff1dae8cdeb1c709f96b0d18d5,416,415,5,0,helmet
hard_hat_workers3716.png,train,4a8e600dc0f3c298fd02a35380e0f1595c3c6b28d000909bbc70314467c82bce,416,416,1,0,helmet
hard_hat_workers3717.png,train,cb83ada0094d57ae67d2a3c806ee7645c709d9f61e1fa1e8c985c40b09bb4fd4,416,416,0,10,no_helmet
hard_hat_workers3719.png,train,9b47aa42e3f6a7a8f448995bed3c13d15fc2c5943c2289fa68d7d4638d6ff806,416,416,0,9,no_helmet
hard_hat_workers372.png,train,3e76350f0e1cece78c99f7a19467f157166860b0c42dc18744584b40e48a7a9f,416,416,4,0,helmet
hard_hat_workers3720.png,train,08719746707d1868c6bfd16060710af7d453f7e605fe06955f383f434f995a43,416,415,7,0,helmet
hard_hat_workers3721.png,train,21a5f092dda88e7d37e9a67244ba1581c81fd6bc0c8c38dc09b1e38021f6b5f6,416,416,0,5,no_helmet
hard_hat_workers3722.png,train,87a6b7cadbe2dbbb3c48df43e3db089758bfaa71dacfcd137320095f794d4416,416,416,0,3,no_helmet
hard_hat_workers3724.png,train,40f6fea79cfef98e19f545b3682713008d2735c0721f400ec40b2a0e2842f2c9,416,415,8,0,helmet
hard_hat_workers3725.png,train,0a6b94e3a12fcbdc240ce78846caed7d417184aa510d546c2b4827f8106a756d,416,415,6,0,helmet
hard_hat_workers3726.png,train,cf710abfffc40440998205286c2b7ff6abf2fb7332f857defdd59defce9af70d,416,415,3,0,helmet
hard_hat_workers3727.png,train,2df878f1813362ebb3db8307767d76410484254f379a93286c3dfcf34a288a43,416,415,4,1,helmet+no_helmet
hard_hat_workers3728.png,train,2bcb4738bbad333a5b1dc32d2c76f25672b5ded71fc9a2837c39428e149df5f6,416,415,1,2,helmet+no_helmet
hard_hat_workers3730.png,train,e7a71130b9ab7219ad35097075472813cae0f8f43046731c0deafd2b8235fa3f,416,416,6,0,helmet
hard_hat_workers3731.png,train,cc48567eda66fb5cb368dc32d5564bf73252795a7275a1b35e215079f3fb8ffc,416,416,3,0,helmet
hard_hat_workers3732.png,train,1ec409082662b9de721138400b8c5a5ae7ee2d958e901643314db5e8005aafc1,416,416,1,0,helmet
hard_hat_workers3733.png,train,c60c8c927eb2995ef712fbdbbcc12bfe9660faae5825547ee3e8ad2350257447,416,415,3,0,helmet
hard_hat_workers3735.png,train,9d35f5bd85ecca8330f67bea1366719c30af8bfa0d3eab2a15709f949f795d95,416,415,4,0,helmet
hard_hat_workers3736.png,train,5241058c0169b2f6557d0fafae3ac3b784c6815237b921818269d5b07c495788,416,416,1,0,helmet
hard_hat_workers3737.png,train,7c29d70fe33251c93c910287f40769fd5d4f8258173ff2a3a58fbdb53ccaa662,416,416,6,0,helmet
hard_hat_workers3738.png,train,ca3b458f7a6d5b0b4e97c604e65d7b6cff12ab2956f1aee7f1411a75d738df0f,415,416,4,0,helmet
hard_hat_workers3739.png,train,ee350f593e56cc04acd18f3e71587fd486fdb35df80fe5b74123847bc6acac0a,416,415,8,20,helmet+no_helmet
hard_hat_workers374.png,train,811e0420bfe2fe889ae01a906be9cf5eda0ce73d00107cc5c6de965e0d694127,415,416,1,0,helmet
hard_hat_workers3741.png,train,ec9e8d5eed08c432af2a85e5ad382d7bcfcd44136429e00df1475a5ff47c8792,416,416,1,0,helmet
hard_hat_workers3742.png,train,9cc4b7e2ab5f2a40847b370714cbc580d3221f1a164a71f1aa7c82b130102b6b,416,416,2,0,helmet
hard_hat_workers3743.png,train,b7f1ca3c2369bc322968e3110642890e94690baf5a61dc80019d5e8d077f0937,416,416,2,0,helmet
hard_hat_workers3745.png,train,10d7f222019d69c508b65b95c097fcb147bd28bd8525364e8c3fa55dbda96b3d,416,416,3,0,helmet
hard_hat_workers3747.png,train,8b687a4f89cb77b3d23e50a90de7ff61bde83e6a00d0fcd77cb1cd211aff7283,416,415,8,0,helmet
hard_hat_workers3748.png,train,6e23983f20f432f0e3657b7d13d79e30de208cc52454abf36f8c71b1d4d23c96,416,415,10,0,helmet
hard_hat_workers3749.png,train,27fe1b0463e41773fa4d5d4b0fd498b9ef042a8d8174c3f0c4ee4b9740660b7d,416,416,1,0,helmet
hard_hat_workers375.png,train,af962445ebcd37030cd224780d69e3e5031b93ff0c353828121702a6123f7da4,416,416,3,1,helmet+no_helmet
hard_hat_workers3750.png,train,e11c41672b285401c60dcefa1e232ef01733f5d8f561e73c82478c7b9a4b584e,416,415,7,0,helmet
hard_hat_workers3751.png,train,44e128107c9830e01d4d5221dc43265953b5d603181a343af5207b2a9d25625c,416,415,6,2,helmet+no_helmet
hard_hat_workers3752.png,train,bc01520b66e91facf554eb11fb8bdd06cc59293bdfea3d22c126bf0366a2b615,416,416,3,0,helmet
hard_hat_workers3754.png,train,789a54daa5fe590144c886d1f9a881019d4bb5ffa2345105b1ba2bc015994cae,415,416,6,0,helmet
hard_hat_workers3755.png,train,fedfde2136438f61878097cb0c4d3af41f52449d7f0239e8dec1e731a8a9ddcd,416,415,1,0,helmet
hard_hat_workers3756.png,train,5afae4dc2f6a3c2f47a3ecc37e5a2aeae213c5d8d56f0cb0234bfc697e45a921,416,415,8,0,helmet
hard_hat_workers3757.png,train,7f194633fb3b62973a94b76676715f30db31be946cee8ab936a19c4f0e019169,416,416,3,0,helmet
hard_hat_workers3758.png,train,e85a475b25c0f1408d62b572c386ead950ce5fc721850b5941d9ef7599648e4f,416,416,2,3,helmet+no_helmet
hard_hat_workers3760.png,train,be6dc7dd6107f13f9a493b0b9096badc8d56bdbd5b46af061a17dc42ab25f02a,416,416,0,9,no_helmet
hard_hat_workers3761.png,train,1ab65833dac36b99d0ff72e5adbd05e42060f04cc6727ffa4dab90a999cb2e3e,416,415,2,0,helmet
hard_hat_workers3762.png,train,d34a063eb84e8b8e2df15e66c65b0d79df34ff031fb5e26de72d307b9c104717,416,415,9,0,helmet
hard_hat_workers3763.png,train,30ba7c4db239a4850c3b6cfc1a5a0474a80afaca46efa47e3c31d31b68147610,415,416,1,0,helmet
hard_hat_workers3765.png,train,d8be1c2e10d91267460b41a9dfa90363aa005d5240c792da078c0634d7b9d506,416,416,1,0,helmet
hard_hat_workers3766.png,train,66d4298636523c185ea309b923a2352d8de720dfd64a1600a3ac5e090a7d85e7,416,415,2,0,helmet
hard_hat_workers3768.png,train,66614736179fdb50eaaff333407f7a4db211c906af415ba0451bf6173e2e8da2,416,416,5,0,helmet
hard_hat_workers3769.png,train,a217d81d1eb4a465b50624e68ece182c30b2f535ba4b9f715fe9783cef857aee,416,415,2,0,helmet
hard_hat_workers377.png,train,58bedbf882d379d1093e7acc8148b5a8b355163025ca3a544ffe990aa2fbcced,416,415,2,0,helmet
hard_hat_workers3770.png,train,5073ad63615d4a2da867120eb13777331c70cf82b5f43ec8e85f0e4d7a76569d,416,415,3,0,helmet
hard_hat_workers3771.png,train,4b4559cb59d5c9813c496c79654d596e6c31d2b18a4491183e58696c12e0f9db,416,415,2,0,helmet
hard_hat_workers3773.png,train,a86778afc34c2a1bbd8f986f7933fb5ca13e56a1f5a642dd3852b1b2af2307c1,416,416,0,14,no_helmet
hard_hat_workers3774.png,train,866d98d843a18270372fa22e7ebd7136d9362e1ac47ec8a17cfa828215e25ec3,416,416,0,6,no_helmet
hard_hat_workers3775.png,train,56acd883abc62cc7dc3c6417801ccc6d41c567d21d8e8a9fe6687b2da8ab2a39,416,415,4,0,helmet
hard_hat_workers3777.png,train,113c18479db9f7e168a23bc7ea3e60473d5f0e2c384b057e5889444a2842922e,416,415,2,0,helmet
hard_hat_workers3778.png,train,ff809539fd199088f02cccec5f7e2ab5da2409d855ee5a744cc959996c185de2,416,416,1,9,helmet+no_helmet
hard_hat_workers378.png,train,f0d95869da4d912ae2e6919e7de8863095d5e248e4bd65b52d72296cc1566481,416,415,2,0,helmet
hard_hat_workers3780.png,train,96ab0160d61966e737051093305e8cdf7b83032466514b44c4861b8be95ab4fc,416,415,9,0,helmet
hard_hat_workers3781.png,train,ac304c4e24aff11c44b45649e8195c482d625e789fce0f134b72c5a624cb5329,416,416,3,0,helmet
hard_hat_workers3782.png,train,38026759a6127285c10f029b85439685033cd20523c2477a62add6e859472d4f,416,415,1,0,helmet
hard_hat_workers3783.png,train,119d20d6beb174deba5fcd82f3fbf42dc596a589fe9eef1b482c15f6bdc6f406,416,416,0,13,no_helmet
hard_hat_workers3784.png,train,b8648854aae1712247595ec14cf7334d6620c5f1797c57b058511d45e36ba877,416,416,1,0,helmet
hard_hat_workers3785.png,train,cf8be5eaea34a0dc6bd456d9f36b151051f7b535bbb29fa395861912e7d72244,416,416,1,0,helmet
hard_hat_workers3786.png,train,0c0c211ffed47084e32db44942e3ec3d4a6f86c73441d1b2bcd1a8ab7ea12559,416,415,2,0,helmet
hard_hat_workers3787.png,train,6dca01a706d6a22e63d3434194578a76f75b1b9fccf303b622f48ba708411bdb,416,415,6,2,helmet+no_helmet
hard_hat_workers3788.png,train,55a29e7ec867a77c5a97a5c365f52b7bc901f07c23a59d76a07d316433ae1368,416,415,2,0,helmet
hard_hat_workers3789.png,train,24497ffce9e12824d305ac4c42df96cd2bacc784461cd07942f90893909e9b6e,416,416,5,0,helmet
hard_hat_workers3790.png,train,eb51889f2de3340523016eab3c797b5a091d9ac33efe5628d924665977dc7cb7,416,416,4,0,helmet
hard_hat_workers3791.png,train,c44cdb60df47f23f24375716158f1e596a11c9539ccb0cb294535c216c556e2e,416,415,5,0,helmet
hard_hat_workers3792.png,train,25565efd15b25360ad6491b42f35ee2caf382627868119e31bf5f75e976b25cb,416,415,2,0,helmet
hard_hat_workers3793.png,train,02ef81794164af994ad070bf33bb10d7315a02664dc88618a65e60d8a874844b,416,416,2,0,helmet
hard_hat_workers3795.png,train,2afb5a95a333c3e0a265ecafdb070e885837d64decc53575e1850192c7e49ffd,416,416,2,0,helmet
hard_hat_workers3796.png,train,de1ce64ce6d1cad2ef82290f1cec8e7f10b90bff983af204852078ddaad4a3a1,416,416,0,6,no_helmet
hard_hat_workers3797.png,train,11f9d8600300cdc64d81f1e32e5635ddffde0fea51f0ee3287f0c1e5ebd0a5ee,416,416,3,0,helmet
hard_hat_workers3798.png,train,34ac2d963f62782ba74bd864676e954a9a86a40d4206fb36475fad267c76012d,416,416,6,0,helmet
hard_hat_workers3799.png,train,e8930015a51e6579b98de763fcd4ba24680bcefaa0016563d065e5767d4b9aee,416,415,4,0,helmet
hard_hat_workers38.png,train,b39171eba66c7924d29a9b406169a5c9ee5a35f1511585cafb51430ed5be1476,416,415,4,0,helmet
hard_hat_workers3800.png,train,4311a8c818f64c61a82389060b8ec4262008a9c1eb1c1029504d186f1603ff18,415,416,1,0,helmet
hard_hat_workers3801.png,train,6b032a996f86959a72bd618a83d403d136efe709c299706c5f8fd240f7524170,416,415,12,0,helmet
hard_hat_workers3802.png,train,c63a8b62f649fabe6962edd4c1fc8cf36e8f8b7d9b14e9d27674ba91017d6f2f,416,416,3,0,helmet
hard_hat_workers3803.png,train,712d8f8b63b732e088c7654ee1daaad3a1251aa869e42dd14f555c23d166c7fd,416,415,2,0,helmet
hard_hat_workers3804.png,train,4a2f1caec8f7f236adb737a7da448fbd86887885d10340727338c2be5fe8cf19,416,415,2,0,helmet
hard_hat_workers3805.png,train,40901372f9a0a95b526e76c08f2d8100a93f08fbf295f92b2b30ad9e7bfa4706,416,415,12,0,helmet
hard_hat_workers3807.png,train,661cb9be9e2d4ed13766b18d562ad1eb294e878bd1821390999fe6b7e12267ed,416,415,2,4,helmet+no_helmet
hard_hat_workers3808.png,train,4514903b2ee8c3e4ae8c3ed312e80a49a510a02344f505c5fb7d99494bd463c5,416,415,12,2,helmet+no_helmet
hard_hat_workers3809.png,train,f9376d2ea7c7fc3e6403fac4b4a95589bebece1382836ed94ee319b4435cd2f9,416,416,1,0,helmet
hard_hat_workers381.png,train,3a08c62af6cdb1336848a3b9e131673cb80bf8d67ffb9575050ff46bbc932ca8,416,415,7,0,helmet
hard_hat_workers3810.png,train,907eeb4888f264e82f0be236897d8806cb7f0bbfc6008e369eac3bb244205bd6,415,416,2,0,helmet
hard_hat_workers3811.png,train,89ba5d4fdff260990e94920b4ec8365ec47bd8b2ad495a39bb4e2431e7e4e68c,416,416,1,0,helmet
hard_hat_workers3813.png,train,387216c191d9c97c23d1bc6758691a215e405cd2bd8cb72d369858b6429be3cc,416,416,4,8,helmet+no_helmet
hard_hat_workers3814.png,train,a475feeeecc5dcc5620f3627cabe32d64d3a3516a68dbf3bfc00dafafeb1bd16,416,416,3,1,helmet+no_helmet
hard_hat_workers3815.png,train,e7991c4b7598a87a393a28ddec9244721fd84cb1b812c5a922be7d9c5461d4e7,416,416,2,0,helmet
hard_hat_workers3817.png,train,8213c101548922b823993b687035c0bcee610c59617cbea6a5b83b77efc83452,416,415,2,0,helmet
hard_hat_workers3818.png,train,ed158449a2be1782e352f3101db24a29119f507c98ab98f56a906f9acba791f3,416,416,1,0,helmet
hard_hat_workers3819.png,train,eba188ddba7ee5bc8d9f015470cf3f9ba309a01db7f9a79bee83e3597818d64a,416,415,9,0,helmet
hard_hat_workers3820.png,train,7f686c6e6a8578eb80ed1443ff96f138614cb76d86ffe70f06bc7037c29aad95,416,416,8,0,helmet
hard_hat_workers3821.png,train,90c4fd80725ec7b38d0040cbebeaa6143ce93f9452d5ead949a65cda1ad9e45d,416,415,10,0,helmet
hard_hat_workers3822.png,train,eecc9e67215b31c6448d0a93524a0f3f9393425c7fbd3abd5fb3caf1dc56363f,416,415,13,0,helmet
hard_hat_workers3823.png,train,06d462bf12ad649f5b46d17dd3f1ca4506143040839bb61a9600e3031996526e,415,416,2,0,helmet
hard_hat_workers3824.png,train,d164a6a079156cac24b1e670bd891f6b80d34bfbfc694804595dda1fce92dd60,416,416,1,0,helmet
hard_hat_workers3825.png,train,c036b2adfcf11aac9c90823d372bc1388be27b06dafcaf83935075b5def28718,416,415,1,0,helmet
hard_hat_workers3826.png,train,b492d0cfa5d42ccab2dd1abe37a4ee00cb2e75f40f9aacf8e0f4a806fb618a92,416,416,4,0,helmet
hard_hat_workers3828.png,train,a2ea5f5a28f4c42eacea4954734b40351598e7e4d4df4b2304c9aebaec66a769,416,415,0,7,no_helmet
hard_hat_workers383.png,train,c445acc3b108a543a1486e4fb3a23e14287c5dbe65266056cff556d6acb37af6,416,416,0,8,no_helmet
hard_hat_workers3830.png,train,bc6139b032153d19e0cbcc7871d9b4e11df67f5dd725b9c98ae2f3cec39c791f,416,416,7,0,helmet
hard_hat_workers3831.png,train,7b92f2be70451b20da3212d85605868dc5d40521a1525955b96e9430280b2cde,416,415,2,0,helmet
hard_hat_workers3833.png,train,fd5aa0d2fd012454ad4715fc7b5b63f60a291e0df9a08e40714134ddacd94c78,416,416,2,0,helmet
hard_hat_workers3834.png,train,6ba1763115300bf89d70b36818f51ccaae5780dc781bc0d24c1da02ce8f25816,416,415,2,0,helmet
hard_hat_workers3836.png,train,071f4dbcbcea39da90b3abbf4848c09643df7b31c9e30993a9ad3aa21b1fe27b,415,416,2,0,helmet
hard_hat_workers3838.png,train,00fe172fa6015f2b0211179eece91e58eb1006cc6af7b092f436c190d0d2fe63,416,415,3,0,helmet
hard_hat_workers3839.png,train,ff9807acd10dcdecbbf1b6acb5bcef74ca8b06b1273f2e654111e56610c76aef,416,416,1,5,helmet+no_helmet
hard_hat_workers3840.png,train,b0e6af11426bf8d00658408b08b4726f96892e9b5b2b3006bb3aa67ad024c053,416,416,1,7,helmet+no_helmet
hard_hat_workers3841.png,train,535510eda57228297b7983a7aac1e95d7c1bc0dd769faa95b4c29a0e2acef8e9,416,415,4,0,helmet
hard_hat_workers3842.png,train,722cf61b3d7835d4852de17005998db60667cedb20d3df299d7ca772bb10a85d,416,415,1,0,helmet
hard_hat_workers3843.png,train,b5657c22f299a69c4a4375ef1400830b8e11adbc1516d5ddeaa5c27fa9c08d25,416,415,4,0,helmet
hard_hat_workers3844.png,train,083e0e236cb4c82e73adbdbdafd000578524c496672033ea24f96eb8a879fd06,416,416,2,0,helmet
hard_hat_workers3845.png,train,a596f5fff5cd1fa33ec53b38ffa89cb410a7fb77f80a61959039bfba45540fc3,416,416,4,0,helmet
hard_hat_workers3848.png,train,61d1dcca67809ccd1304506ca502ddaea495fea1f8d6a32f63c47404a3d10666,416,416,2,0,helmet
hard_hat_workers3849.png,train,65286777da2e78b306f490498d629cb9d6d82734132c91f0a29343cad59854cf,416,415,2,0,helmet
hard_hat_workers3850.png,train,763ae4f4fbcf2b879cc203db8db6b43a8582493446334379e165e466633c7d90,416,415,6,0,helmet
hard_hat_workers3851.png,train,3d5c637d3c073b04dc8bb8f7a34174c265905c32ecf4b8df71c3800cae072b1b,416,416,1,0,helmet
hard_hat_workers3852.png,train,0ea84d221f09a7eaf7e52f096ce6c4fea9bc8d134082206a12e4e3725360d16b,416,415,2,0,helmet
hard_hat_workers3854.png,train,1c9e3b18bd5d6a7981e5d904b4932918db7fb90bf03370060c5dae14d8162d65,416,415,5,0,helmet
hard_hat_workers3857.png,train,56d8afa620e18e9be88067b79b71e6b759b3dade38823bc1f4799fadf213803c,416,416,2,0,helmet
hard_hat_workers3858.png,train,3f743cb7fdf03c5f59b1479d7cf36f2c371ab54f47e78679cce918df6abe2de7,416,415,5,0,helmet
hard_hat_workers3859.png,train,f313e75f26e99462b151ce200c88a20bd63e108285beec03027d4519717bed80,416,415,5,0,helmet
hard_hat_workers386.png,train,1ea26e51b07ad356688f02100dc8dd2ed030092d95a9c15b04736010aab9117b,416,416,1,0,helmet
hard_hat_workers3860.png,train,201d72b86f3edc119518512b32750ac7831852f2fa4b5945ce2cc8c2cce69181,415,416,2,0,helmet
hard_hat_workers3861.png,train,ff5f14fa9f50a9435550e1f010ae50f431611ee5e183c8735f2b0e7b0876a8f0,416,415,2,0,helmet
hard_hat_workers3862.png,train,af26df44880cdd2dcd107d0bd4ed782914c50207b36648054259452c3a41e474,416,415,3,0,helmet
hard_hat_workers3863.png,train,7347eac134a1319bf2002424492033ddf8d25c5988c07ae8097b04d6a6a3786b,416,416,4,8,helmet+no_helmet
hard_hat_workers3864.png,train,3b81eb86ac346b939bf3c440c0bcd1115640151551a6b4354c97d4db81fc31f7,416,416,1,0,helmet
hard_hat_workers3865.png,train,08a1f48d8b3a3daee0d48ac19b6a57f30fdde7059dd2dd2a20c42009342b8e66,416,415,13,0,helmet
hard_hat_workers3866.png,train,ae103d30a16f0f9284b6e0364fe735d64ed89782776496afe456ee9d39b615e3,416,415,1,0,helmet
hard_hat_workers3867.png,train,2def04e3794b09fa6d84be071da15885f227cfee1e6d27c287d5d2f29fa55554,416,415,2,0,helmet
hard_hat_workers3868.png,train,a6c526fee5fb2b09802794bcf4b0d6a84ac59f5bea463bd53c40bcfd8234cade,416,415,5,0,helmet
hard_hat_workers3869.png,train,317901859b2b554cc2eee0cb55d0b3a679e4064ee4969d30219f9ab657885bda,416,416,4,0,helmet
hard_hat_workers387.png,train,4e9f3e3c897a37468b27bc60032513e35cd585942fed610d3677b122599caff4,416,415,7,0,helmet
hard_hat_workers3870.png,train,a102cdd2eb8b27a4db36ea6ef57c7531778d163f116cf04032549320b24c57f0,416,416,11,0,helmet
hard_hat_workers3871.png,train,6a442a6dac5fda95dc7649c041da91c32fdf1ea393109669553d4c1b02dd3bec,416,415,0,8,no_helmet
hard_hat_workers3872.png,train,cbb523fc447b0ee45242e6bcaa844c292e3b80ef63bf208038c839a5d8d6b6e0,416,416,3,0,helmet
hard_hat_workers3874.png,train,08fa15c4672d577fc8e9dac6161055e32ede8a69ce63da393a0c0d3c770ec790,416,415,2,0,helmet
hard_hat_workers3875.png,train,e7f61bba2bce32636daf42a849fcb3720eb5df4ea2de6627343846aab3ed58ec,416,415,2,0,helmet
hard_hat_workers3876.png,train,0eaa47cd7738c6d4fd0b1da3b1c324cff0002a7acdfe745d1f75713527d3419f,416,416,1,0,helmet
hard_hat_workers3877.png,train,2bb39c41ec05e971abcb15ea296e3003c7347199f13b5b0e13158da054a85ba1,415,416,3,0,helmet
hard_hat_workers3878.png,train,2b9368732e488b3ed0c440b57a6193875ae4390a3343d016d0774ca823395ade,416,416,1,0,helmet
hard_hat_workers3879.png,train,bc9861c7f625979eba81911ab723b6c0e16b89c4984c068d533bb653376ddd6a,416,415,8,0,helmet
hard_hat_workers3880.png,train,3a52e6cb03260998236885cd7c3532113c8dab232f556daa46a7b1cfbcc0bafc,416,416,3,0,helmet
hard_hat_workers3881.png,train,f102e4b74e211384778ec4f54b7e9f95cc18144eeb4d45f3c8274e6954f4d81b,416,415,9,0,helmet
hard_hat_workers3882.png,train,73e708048dd196966a05d64a2375fb532a6ca79526f78a5289ab693331b3cd90,416,415,4,0,helmet
hard_hat_workers3883.png,train,2c3aacfaa42ad8290746072a3bfb428eaff078b0768da55cdc29b2c40fee2cb2,416,415,1,0,helmet
hard_hat_workers3884.png,train,08fdc31c09917b1e14a3cb98aa6d20fe876406c4d5065ce9a0f055dd1113668d,416,416,2,0,helmet
hard_hat_workers3885.png,train,43122bc7262a4299886cbe2c4f86f392c6c26cdb21aa0f5fa13083a433a3a2fd,416,416,4,0,helmet
hard_hat_workers3886.png,train,bf0ae043790e06a23f755dc1b6c550821d05dfef9eab118b7c426a859d8c9c94,416,416,2,7,helmet+no_helmet
hard_hat_workers3887.png,train,90ff93eb5638461b809d1faa5ae890e6e883af5fbaf21dfb5662d0d42ad58913,416,415,13,0,helmet
hard_hat_workers3888.png,train,2c27bbb98e45622eb00f8de9a7f8d3c6968344b964897dda1eddb27a3dba8625,416,415,2,0,helmet
hard_hat_workers3889.png,train,98ae274c8ab9db06c639a5125140b3d59d9886f9c40f7499a8edb720b0eb7653,416,416,4,0,helmet
hard_hat_workers389.png,train,cc2225d8fc6974ac209b8d2e3a8b814aa4ba66912dc3737ece8f3dd135878b3c,416,415,5,0,helmet
hard_hat_workers3890.png,train,f7400e52702c1095adfe9675720b80bac91dc1141b10dd870aab490babb24579,415,416,3,0,helmet
hard_hat_workers3891.png,train,6a69b0f0cb7d0cdea6b46cbf503ef640aa57cf3a89241e806b8debeec754ea91,416,415,1,0,helmet
hard_hat_workers3892.png,train,2e97a601c141d02eb20693571c4d9b68d4cf57d5981214ab068c7fc75250c47f,416,416,2,0,helmet
hard_hat_workers3893.png,train,3e5550beb123968ad7754992bb04c478d55f5ed0dbf7cfd6a63e5d120f0e243e,416,416,1,0,helmet
hard_hat_workers3894.png,train,02c6217595510abd3d93e80336be1ab8689c85d89e904cddda3c62d323b2e212,416,416,2,15,helmet+no_helmet
hard_hat_workers3896.png,train,bc3a9a9229dd3658422e1e443b47a12155aee07d4e090fa8c4f0d6ee27517fce,416,415,6,0,helmet
hard_hat_workers3897.png,train,428b3617d49801378bad096e88ec8de1cbb4ce0fe7df5cfff9b5701039e07389,416,416,20,0,helmet
hard_hat_workers3898.png,train,4f799c3ceabf5b250e1d262800864549c73a4912890ec82f6ead28b6964cbe59,416,415,1,0,helmet
hard_hat_workers3899.png,train,7fda3c843b2ec39993457233a999565291f14bbddb266d9f3135a519cebf0433,416,415,13,0,helmet
hard_hat_workers39.png,train,111fef9ace0285f621f07153836f1486de7ecb47281eaae13de6a5d11b44acec,416,415,4,0,helmet
hard_hat_workers390.png,train,0d2de016576b551b6b3572d5477a83c5c4b8428545e1d3d3d5712e02164b920a,416,416,0,6,no_helmet
hard_hat_workers3900.png,train,7a341ab59013cae2290d4ba69595d84b7661aabbea137328cd213fbc4be7c2de,416,416,2,0,helmet
hard_hat_workers3901.png,train,2fff134ed85fb1adfdbbd7081bcafff8c3bf74b2e34895090af5bd8b9a2179b8,416,415,0,14,no_helmet
hard_hat_workers3902.png,train,143b1ad5372c430686d730f814da085b12b0364cf6c198933f99f1d02586dd24,416,415,8,0,helmet
hard_hat_workers3903.png,train,e652442a8db3e3e1a5d2de5652b57908bf090779b3c8e10d672718857fd9d44f,416,415,5,0,helmet
hard_hat_workers3905.png,train,c0b10fcd0f79f59228dad6731f2eb3e276f618fa18d1cad99108c9d4359e9047,416,416,3,0,helmet
hard_hat_workers3906.png,train,cf91567dcc2301afd2c661742c9347e3a31f630ce3b27f73dff1741e40959a6c,416,415,2,2,helmet+no_helmet
hard_hat_workers3907.png,train,0ea3b41c4892e17dd452003da50bf09423872c36caadcddf59c58232aca25b1d,416,416,8,0,helmet
hard_hat_workers3908.png,train,e0e05e0eec94d30419e0a6863cf1ee7aa78dca100b59d3c81f2de77b06c4cc30,416,415,2,0,helmet
hard_hat_workers3909.png,train,ca0af47843a9658c92891709ea26b63db52d2aca6de72490ad2ff53b9c5dba5f,416,416,6,0,helmet
hard_hat_workers3910.png,train,047a908dc18eb3e97b277fdc92e572ceaf15c3aee917fb4cef0819b18485edd2,416,416,9,0,helmet
hard_hat_workers3911.png,train,c739125a139697925339714e7a16cf72abc46aacffdf2bbf53264508a2803443,416,416,5,0,helmet
hard_hat_workers3912.png,train,b3e9350509bf35836932218d93f51f610c63c7eb2d6de17b45971e769d2e662d,416,416,2,0,helmet
hard_hat_workers3913.png,train,c4575134c6951b1df28d3b7f1db0a4fbddc0f97de642bb369308e0ee332acd20,416,415,2,0,helmet
hard_hat_workers3914.png,train,bb39e633e8ae9e8d01b74635cf67affa1f4cfd2877e7909f93bf69b66e2d6df2,416,415,1,5,helmet+no_helmet
hard_hat_workers3915.png,train,b67f7f165dc26d34e5c8e6e01d081517d2b46852e86f7c759f2044f76ff5e13b,415,416,2,0,helmet
hard_hat_workers3916.png,train,b2ca46e9ff735bdcce404d568bb978bae0fcc2bf854314ccbfaf9a24530a0e58,416,416,1,0,helmet
hard_hat_workers3917.png,train,dfb7d9d2a1ce40f8e545a4cc21a06e5198449e21ea440eb29ab9e1627fb149d2,416,415,7,0,helmet
hard_hat_workers3918.png,train,389b49748482f2a5c923be08525159844cf0e864470ad39e08bcdb5e16154e06,416,415,9,0,helmet
hard_hat_workers3919.png,train,a1ff60a92c6c282c6c930efd1a34ccb0a8b2326efb1883cca0ff07025fa235d6,416,415,1,0,helmet
hard_hat_workers3920.png,train,2f0b0578bf3d7719b6eba95ca8a66461f0049592ba3fbfe34e4ee626d62edcd5,415,416,3,0,helmet
hard_hat_workers3921.png,train,61849fa37b72cbc06133074f9814d603c014ba0e99b38b7106f39927a03afad6,416,416,2,0,helmet
hard_hat_workers3922.png,train,5eb6958613cde89e9d353fdc95de98ab78719dc7f81e7d0575331dd5fa85d367,416,415,2,0,helmet
hard_hat_workers3924.png,train,d31f9150202b8c777966589e3db33fb7acecda3d81bbc7e7cb810be83e835c55,416,415,4,0,helmet
hard_hat_workers3926.png,train,286222b9973e379a8567705d604782d1ebb1a3eb117970498a57cc521cf63de8,416,415,4,0,helmet
hard_hat_workers3927.png,train,fefddd658cdcfdac01c39c031cbe640654a3589f2fc824fbd82ea1c52f09686c,416,415,1,6,helmet+no_helmet
hard_hat_workers3928.png,train,8aa3bd6bd7fb486c7d7d9df8bfae1d42a3cca30c8902eef47882fecb6f727554,416,416,6,0,helmet
hard_hat_workers3929.png,train,ec0c545a363876c372dce4d03c71cbd52313807e58747159aef4e91c98377467,416,415,7,0,helmet
hard_hat_workers393.png,train,680e2c2b14efba71460773893b8ec89f29bcbc8a14052bb177da6406154e38de,416,416,5,0,helmet
hard_hat_workers3930.png,train,5d25beb98a9d665bab5b8abf767d1e1186cdb6a0afe4c785d1eeda5d0f88b95c,416,416,2,0,helmet
hard_hat_workers3931.png,train,7125da95d9d16f384b27f043ad7c3cc33d3a5f8a3872a76539c1c87a72942154,416,416,6,0,helmet
hard_hat_workers3932.png,train,614b7c1643569836d2f53b87a43444701be1cd872a00f2e3e6f98d3bca5e79c4,416,415,0,8,no_helmet
hard_hat_workers3933.png,train,c8edc49dff873afab96fef6359c39ead4686956cd38f0c3066e2e50542fa02bb,415,415,5,0,helmet
hard_hat_workers3934.png,train,e9e7da9451fd1dbe9a6ad5663fa1de177adc6a8008aaa1d19a043be3f8dde012,416,416,2,0,helmet
hard_hat_workers3936.png,train,0da901c41d4dddbb57a7f5e085a7c92629918e29b67b65a2daa89a2a4b08f784,416,416,4,0,helmet
hard_hat_workers3937.png,train,04932e2e18546ac672c8f8b6479a88dacc1b4c48663f48a3eb46ca40096040fa,416,415,4,0,helmet
hard_hat_workers3938.png,train,97f6593601b333227dc9a4bd176e9cb870f4dd6a256d470b145df3f6a3fb0f6b,416,416,11,0,helmet
hard_hat_workers3939.png,train,268251330bcc74d31fe026207600a7fd960ff386610be1d0b71e6fa700b8c155,416,415,3,0,helmet
hard_hat_workers394.png,train,236a87a662ca75582186445b834158c4683909f9be81a0ad617bf8f8d1e88704,416,416,6,2,helmet+no_helmet
hard_hat_workers3940.png,train,3e5356638b0ef250c984f39b163fa7d35358266b2ecba40330fd52d41dfc1470,416,416,3,0,helmet
hard_hat_workers3941.png,train,98e2cfecf5fefdb5f98fb6860dc0a6a2f52297e3f436ea614b77a4bb346dd589,415,416,1,0,helmet
hard_hat_workers3942.png,train,6567dc95cbeda80139e7a971e21786ec5ba9ebf52cfb16977ced5341ce193227,416,415,5,0,helmet
hard_hat_workers3943.png,train,4fcff35e83770f10f7489fc1a81041adadaa5530eafcf0eeec779a7fc7f9d225,416,415,2,0,helmet
hard_hat_workers3945.png,train,057effe855790fdfffccaa284b961f964524b1e9f71de4fc6810b4a0a8717719,416,416,0,13,no_helmet
hard_hat_workers3946.png,train,6de203a207c8c37b8ce68ea5ff9d4e7b93043f25de201924d9c0246a4a54c752,416,416,5,0,helmet
hard_hat_workers3947.png,train,3abadc1ee268e47b7fc8b0e51b51981795557bc4a6701e7dd31317cd629d4a19,416,415,8,0,helmet
hard_hat_workers3948.png,train,34c10eecdfef63d785364567e78cf6a28c5c22761b3e7274f79828d89d3f6069,416,415,2,0,helmet
hard_hat_workers3950.png,train,07a3c38c708740c814bc65bd544e3c1cd6ede6a8403688bc0380ddd9b7592411,416,416,1,0,helmet
hard_hat_workers3952.png,train,61e078d1a042e4f7ac69eb5357dd3658d53109c82abb423d22454fe7737531aa,416,415,4,0,helmet
hard_hat_workers3954.png,train,b008c55854ee605de7636e5cb63e84ec1072980499334a43cfb3a3b1504d9f04,416,415,3,0,helmet
hard_hat_workers3955.png,train,2364ee209dbaa613e92f3c2abeb73b206011dc7eea4413bea6b1dba66dc5f682,416,416,3,0,helmet
hard_hat_workers3956.png,train,721e959b9efae90aa5f2e91149da34d35f2364b75c9a74e967f4387a184e2236,416,415,6,0,helmet
hard_hat_workers3957.png,train,4526f2c2ba287e53234699ddb304f1fa35930cdcf8fc77423795facdc34d03a6,416,415,6,0,helmet
hard_hat_workers3958.png,train,bf37491c9e435c174019f9680b780da8268622abb5539ade6a7b607a6170fbb6,416,415,4,0,helmet
hard_hat_workers3959.png,train,b9ff76307e41e2ea816a305cf4a634b9bcfac77aec552c5260e660e5dace4da9,416,416,0,20,no_helmet
hard_hat_workers396.png,train,f800a5bd0cda05f93225ad63ec4ea0a96ecdd2f285125a4eb728c734a3be3a8e,416,416,1,0,helmet
hard_hat_workers3960.png,train,706079606ead9946c5baf1403b2310d1688cc92df4fe72dc2cabcc4cc4c72a15,416,415,2,0,helmet
hard_hat_workers3961.png,train,a89df9c77b910e4f72839d023284e37529b20d51d606284ac661715ec41b401d,416,416,3,0,helmet
hard_hat_workers3965.png,train,2109cc9d228d4229d62e231d3fb0cc4add895cdb379cfc86b753bdf51297faad,416,415,9,0,helmet
hard_hat_workers3966.png,train,f6b4cf0bc43349ab57c605975ba7fe8ab5c4dcbbf366256f53dcb1aa7c82d3d7,416,416,5,0,helmet
hard_hat_workers3967.png,train,8ed502e46710ea0022f18e98cde838d69cb403f609842a67a8013cbb901028e4,416,415,1,0,helmet
hard_hat_workers3969.png,train,c683e504f79b0851f7f24694bf709ad759edd32451b738c55d75621feaf97a43,416,415,2,0,helmet
hard_hat_workers397.png,train,a33cd62cafe6c1a0a72a0a40575fc349e4fb876b5dc6899b4b0b94a33b6fbfe9,416,415,2,0,helmet
hard_hat_workers3970.png,train,f8ee508883187963a2dee2308b26af58423d88ef70b30d978239cc7dee422b6d,416,416,2,0,helmet
hard_hat_workers3971.png,train,01c865fd11da0eb145ca4aff6b1b5c8b69c4c98acbfde5c05e149f890ad9c663,416,416,4,0,helmet
hard_hat_workers3972.png,train,39b70ca1daa1409a7762ba12f0a593eacf710e7351458d11a615c029769e012c,416,416,4,0,helmet
hard_hat_workers3973.png,train,4a58256971be87e09c9450e52903128138526fbc1797ad00623dd3d739b6708b,416,415,1,0,helmet
hard_hat_workers3974.png,train,969a9b5ca723adce8b353ed0371e311c7fc8de73919df524b97aed08c133206f,416,416,3,0,helmet
hard_hat_workers3977.png,train,bc0a59e4ac053e937def5c7766751bb720abf87d17df347937ea84754064fb55,416,415,3,0,helmet
hard_hat_workers3978.png,train,58a05b3035aa605b7519ca11c6f2f915d34263fbed4c6d9090877ae164200a4f,416,416,4,4,helmet+no_helmet
hard_hat_workers398.png,train,84bcd24345c34ce330978c0b1ed22339fb96cb4bd80a546e578384ed9a836eff,416,415,6,0,helmet
hard_hat_workers3980.png,train,2cbe6adc9eba3153467062f73eff3c85f33502f15f6d71a16376d8f4905cfcb1,415,416,4,0,helmet
hard_hat_workers3981.png,train,671b37127ea040f8610838e45bc1a4b74c9262718283e478a9a82dd49986363e,416,416,7,0,helmet
hard_hat_workers3982.png,train,7b58d77c9c3c5767954f4bac1ac77ccd9697eaa823d57648abc18634de38211f,416,416,1,0,helmet
hard_hat_workers3983.png,train,bdf99c491e65d191df2a97e461d43b2a1dad718e26c23d58f21b927187649816,416,416,2,0,helmet
hard_hat_workers3984.png,train,ec560eed071a72b83312a49d811ae272c0565c0c3947f931cf47b7415aaabef3,416,416,1,0,helmet
hard_hat_workers3985.png,train,122d657564cc66b62a2a267fa9dc64f62a2f711f4dcbc7ba0c4e9ca10bf5f45e,416,416,3,0,helmet
hard_hat_workers3986.png,train,060ddc0aa32c7ee8b11e1b136d90f350bb91544e0ed0068bc7abf6cdc2615f02,416,416,4,0,helmet
hard_hat_workers3988.png,train,054496855c9301a4262ef8c365f023fb18cee76905a9b0e00f891aec58d02b8a,416,415,2,0,helmet
hard_hat_workers399.png,train,024ba61a7b1b35604bc129c1f11773e682030f3a3c83ab5d5de3056a826bf47d,416,415,2,0,helmet
hard_hat_workers3993.png,train,6f52c5ed4bbfff0bf60c985df6a8c9aad615079d14958ef97fe08d43a8d1f1d6,416,415,2,0,helmet
hard_hat_workers3994.png,train,4f6ea5950b3252da2d96b97555b60a0ded0726e557790914f7dd4079922aa3df,416,416,11,0,helmet
hard_hat_workers3995.png,train,9316e3ab32ac1801b4f2add7ca6b6500df7305d16296db4220d6f1626efa9a33,416,416,9,0,helmet
hard_hat_workers3996.png,train,da9cc83af8642e82c5c5c4a1e3ce0348d745c40ce6eca1e09059af7fe3ec0070,416,415,0,13,no_helmet
hard_hat_workers3997.png,train,9d397538742d7212c7704bde5fd06a5802f892499f86447b80f50bb239445f5b,416,416,1,0,helmet
hard_hat_workers3998.png,train,8de77e108d163d490a14731ec93ae5662b30169ef21246f517f4ad7735ff216a,416,416,2,0,helmet
hard_hat_workers3999.png,train,d9fa5d1a03cd3dca18bb51d199ae8cf44e88b60e3d93533cea15e4a91df63476,416,415,2,0,helmet
hard_hat_workers4.png,train,411a3dc7931a4b89dda71ed47471aa4e20d109e2a3409da8aa017215d02fb7ac,416,415,1,0,helmet
hard_hat_workers40.png,train,a43d7510cde66efa8d31989c61273d17ff8b46d7779481501ff4245d1d3a3725,416,415,5,0,helmet
hard_hat_workers400.png,train,46cb8f61611059be8e551d2e9b4736ee99716b0bcd03adb2f74b2ce2920bd224,416,415,2,0,helmet
hard_hat_workers4000.png,train,ae3fe78b2ed18f4c303339b63e9e08360189bf369b5fceca07e402d8bc6815bc,416,416,4,0,helmet
hard_hat_workers4001.png,train,b07391c3c004cf60dbb035f2df3b1b33854e85e2e119cba340c8a944c03064a0,416,415,0,8,no_helmet
hard_hat_workers4002.png,train,0fac02c47a95b45defb109da45346a34b98537ef790b4433195400fc72b4864e,415,416,3,0,helmet
hard_hat_workers4004.png,train,7b1dea6e58152f242d35ad9d29902d7ec98a3f51033249d96082e249b83bc0fa,416,416,6,0,helmet
hard_hat_workers4005.png,train,fbec4d9c4adba9b5f8011e49543312e0d7e24ec754ef775b30fc8af562476f6c,416,415,9,0,helmet
hard_hat_workers4006.png,train,56fe743af6db30e81a2e395532ff1c59bb37460501e90e4cbe757e465ac4f78a,416,415,1,0,helmet
hard_hat_workers4007.png,train,a30a39d37cdbe8acb2656baaa0b952d9ddaa425cf4c42d4904805cb2e8b13b57,416,416,4,0,helmet
hard_hat_workers4008.png,train,bd849c391fc579dcd71e87f6d8941dd0c815d8c5f7a2282818797b50012af5f1,416,416,6,0,helmet
hard_hat_workers4009.png,train,837b9fdcae3e3196beb9d62f7b60b17a03f19dc5fe93960e77623b58c68e0a7e,416,415,9,0,helmet
hard_hat_workers401.png,train,420bc3ee4a1deb434e1aff2f881f0a2b5e6dc150a24644a5bf2769d83f559842,416,416,2,0,helmet
hard_hat_workers4010.png,train,af3e79709612a364d598ca84f4de93f24cdf2eca8a54e83b03a4e63343be7d88,416,415,6,0,helmet
hard_hat_workers4014.png,train,acc092119429110829e8ad902bfcfdc7e186e06680cc785727ed59c38858c242,416,416,4,0,helmet
hard_hat_workers4018.png,train,caf1d3a3f0c0d57fd6b5f346ba2b8100718c8ffc06b9c1de86e764e425d3a7be,416,415,3,0,helmet
hard_hat_workers4019.png,train,2ade375edfef7e798af6ae97ab65dde63e68e97c8210682e813a3799ce51d0d1,416,415,4,0,helmet
hard_hat_workers402.png,train,f888b301988f6aa34ebfb138dadad141c6bc51e5767349bc7c24af325f6c961d,416,415,6,0,helmet
hard_hat_workers4020.png,train,ae0c2da479d249628f79b6d332dea74e39977d118f30b599d17f8b547314fc3c,416,416,7,0,helmet
hard_hat_workers4021.png,train,36cc94b7549ed356515f9f5c9fcd0772f00762ffafb683079f405be759eff0a8,416,415,5,0,helmet
hard_hat_workers4023.png,train,baac70535daeac59d1152368dd14fb127a4deb6bf4b6d8d87d0747fd4fecb3b6,416,416,0,1,no_helmet
hard_hat_workers4024.png,train,b4ad6bb26018f73973bdf757225fb6f8fad378486d7b508d53dc0699bd8dd079,416,416,12,0,helmet
hard_hat_workers4025.png,train,31ed392b7cce33e143d944ab31bd07b8b00c259d376528855dad1a093da89466,416,415,1,0,helmet
hard_hat_workers4027.png,train,521c68853952ce5663e611d2e2787dc733aceb4216e850f46560e130e0edbf89,416,416,2,0,helmet
hard_hat_workers4028.png,train,cd216971dc0c4116197b8860ac8888b0c67860f4b3901f56ef6222e1b388ec23,416,415,2,0,helmet
hard_hat_workers4029.png,train,d608b241a889a3bc08bb14d7e00217d5bce6914052be5dc5e3db2045df688c17,416,416,2,0,helmet
hard_hat_workers403.png,train,4a58e5f009abb36585d1739046a81a3517b30f50e5ee1410b853ff830f03b5a6,416,416,4,0,helmet
hard_hat_workers4030.png,train,a499554ba69b11e4f365b9cb82990a4e485c2e48ff8dd8c00a0594a24a245ea7,416,415,1,0,helmet
hard_hat_workers4031.png,train,8712a9ed5de69d9e9f0f994a04874fbde52b6615278b1cc8f3abf5ec526eff77,416,416,3,0,helmet
hard_hat_workers4032.png,train,175188b263a97a920e190d73e433b4b861e7180ca7257ac2bc6bd67f57f08bcb,416,415,2,0,helmet
hard_hat_workers4033.png,train,619f84492a4b627b6ea8a87911b1702b27784242358ebbc5f6837d904b23d842,416,415,4,0,helmet
hard_hat_workers4034.png,train,e5c6d0998e0281abbae0f4397925f808aa6d48ca6953b744c1a24fdcd21ed87e,416,415,4,0,helmet
hard_hat_workers4036.png,train,0d1a35f9d0f32efc7b05d1d20fafc1cca4627a7cc2051e4c9acfa28dcc072ed3,416,416,0,5,no_helmet
hard_hat_workers4037.png,train,c380409384958f6c89c9b2134e6e73eb1f5c0e1298d1e1ae3168f6a9918e7adb,416,416,2,0,helmet
hard_hat_workers4038.png,train,982522b54df39958a1ec20dbb078e1ac99334083aa69744945b16c0a81503a86,416,416,3,0,helmet
hard_hat_workers4039.png,train,236235df4582c135ec8eeea3cf1c3a5b3a55810bdea01386aa2268c0a05d45f8,416,415,1,0,helmet
hard_hat_workers4040.png,train,6b384fab9df59ae5cb476cb57f2185f04f20df94e7b81d84629fe876734b2842,416,416,6,0,helmet
hard_hat_workers4041.png,train,fb46d533b30eba6ae89bcdd25b0378b196a5f27683b342f8ff1f5b18b302aed8,416,415,3,0,helmet
hard_hat_workers4042.png,train,3140406e220a0ed0d9ed496e0d09957c68ee03679f9ca95b12b2800559178083,416,415,6,0,helmet
hard_hat_workers4044.png,train,6736e71f209ed24ea799b22bb660fc5d81d7e8729ede454d1a9556ce747f01bc,416,415,1,10,helmet+no_helmet
hard_hat_workers4045.png,train,1360a4f467d37135fe677f237ce6abbba79df3c0e8f1fded968d6faf626e6aae,416,415,4,0,helmet
hard_hat_workers4046.png,train,53c9369b528b3901c87722d6709dee749f279d5c28233622fed26ca8794b8015,416,416,2,0,helmet
hard_hat_workers4047.png,train,3d66cc78cb7f7aeddd9d38fee46c95085310015b645702e53c70b5b6bf887909,416,416,4,0,helmet
hard_hat_workers4048.png,train,2d4b36373260e0c2251ad7aa50e1fc80d04bc2796cdc62bbbe70699e35380ea9,416,415,4,0,helmet
hard_hat_workers4049.png,train,375f331ce4dded326b8b5b59df6d24a8de800f134f381e27527e244f594e7984,416,415,2,0,helmet
hard_hat_workers405.png,train,3a3871b5dee603735abe6b68eb4304627123eb97bac0eae50c4fb6ff09f6057b,416,416,3,0,helmet
hard_hat_workers4050.png,train,61572bde7aecd486e57264d66576fa49af7ef4aa775c7f1503767b46acb8da50,416,416,7,0,helmet
hard_hat_workers4051.png,train,4ef4dc2f5fd2fcfbaf39442aed49b7f8a81111bf3563b9d3e7ded9d284596887,416,415,9,0,helmet
hard_hat_workers4052.png,train,3ea56383c44bb58f4b087a37a7c548e50e5ac16694fc30617cb57bf3659b571b,416,416,4,0,helmet
hard_hat_workers4053.png,train,e15badddcb642101f40e2f869393eb161ec22c1354804a01887b9b414b49a753,416,416,1,0,helmet
hard_hat_workers4054.png,train,6f59cdd5eb793617a260eb7e0d378c31eb581f81f7003c5a4bb1206614969b44,416,415,2,1,helmet+no_helmet
hard_hat_workers4056.png,train,2b540056555cc13f66231d1fdb60238ead72e40948740ba25e5b490433d830fe,416,415,7,1,helmet+no_helmet
hard_hat_workers4058.png,train,4633f1de655e9b7648bb7f4d8c6e741715be0fb4bd9787185a61985d2be8b343,416,416,5,0,helmet
hard_hat_workers4059.png,train,267394e12205e301fc4dd5ca35650ea6d149699c3144c4707d0d9d432561c88a,416,416,1,0,helmet
hard_hat_workers4061.png,train,6bfb938c609016e7b26d46252ce669b8565c028c0e95c1a8572653df8c482a18,416,416,0,6,no_helmet
hard_hat_workers4063.png,train,df91452420362c561e833855fbcbdf360418c61067988f950d20fd5442f6b08e,416,415,2,0,helmet
hard_hat_workers4067.png,train,513ff2cb59b4b262cbd53181747d6057481e51d2787ad377fc54ddbde621e3fd,416,416,2,2,helmet+no_helmet
hard_hat_workers4069.png,train,b3cab47fb965dac459b2925d2a98f9cc137584c23aa6cc20e334bb63c551b2dc,416,415,4,4,helmet+no_helmet
hard_hat_workers407.png,train,13cdafe9d824c9838eec361c4a9bc852590a950ff3df2b9435b8ca2631594cf9,415,416,4,0,helmet
hard_hat_workers4070.png,train,f78e2e5219227f6e14d4de6e6ee29c67335b6af9bf9494a01857f4e2261a60f4,416,416,4,0,helmet
hard_hat_workers4071.png,train,a76a09110d8404ae1974c846489c1914d1e6baaa396ae42f1901afda6d63136c,416,416,7,0,helmet
hard_hat_workers4072.png,train,e4b1a0c1c1135ec0d169624e40d3018f9079b642f0ef04b31f0db4a60f7830a7,416,415,1,0,helmet
hard_hat_workers4074.png,train,52a33dde38169c3ddb4e2d4983c85be2c6cd8e6bf0769e3e2a7e0c2476b0f7a4,416,416,1,0,helmet
hard_hat_workers4075.png,train,6e9258ecf6a3de027aa14fd9efe8c6da9f64405f7f7944c5ca5a8ba75f3b3959,416,415,6,0,helmet
hard_hat_workers4076.png,train,216d457164add59206564a66d22217390e961c04bbfb04445060f99d9f521145,416,416,0,10,no_helmet
hard_hat_workers4077.png,train,3c1ce1be4bcbb344be6f577f657714c1c456cc9b4a0257948a8a86dea5f70ab5,416,416,1,0,helmet
hard_hat_workers4078.png,train,698993e95abd7a8c24ce1cfe54d44afd00003e16453478c3da3412d189e4f2ae,416,416,2,0,helmet
hard_hat_workers4079.png,train,44a864ec5db796bb0272002ec7b0159d04e75854a0b51800e42fbe2f6f08a87e,415,416,1,0,helmet
hard_hat_workers408.png,train,fd476255f240daf264d2ee4c1d32d85692b4e2f27bc8d9af64797b2ee8c3651a,416,416,6,1,helmet+no_helmet
hard_hat_workers4080.png,train,be59e3fae6fd0106f079068e2a4cd44e1c9b477c0d59412a6ae441537728b8c9,416,415,3,0,helmet
hard_hat_workers4081.png,train,e2d1ca965a99f072dca89185ea1443038b3fd7fe541a71f96e776e5619567343,416,415,3,0,helmet
hard_hat_workers4082.png,train,f24ea2f7b6d499cf5ced6786a6fbc14fc2920da9e857db2c4f4a19d6756d3a56,416,415,1,0,helmet
hard_hat_workers4083.png,train,e1d923d6d0c15551a453bfa9de722cc27fb368ed1c6d4b51fcffbbcf34c4d772,416,415,2,0,helmet
hard_hat_workers4084.png,train,08ab8ba0f0c9e7ee8bf7ce6f7765d0faee4254e2ead650a631673b7492eacc91,416,415,4,0,helmet
hard_hat_workers4085.png,train,9cfcf85c426e391ccc2d714335dd6a95dcd0eb7f9661b00fbad5501ebc57338b,416,415,1,0,helmet
hard_hat_workers4086.png,train,aaef80f9909bf8914efa23a1c242e8b14110a46cd75f311fdfa06a9ecf720efa,416,415,4,0,helmet
hard_hat_workers4087.png,train,430dde70b3880fe9f474229dc2ef07e3f630d00c3dd1048e036096d329a8c003,416,416,6,0,helmet
hard_hat_workers4088.png,train,7ab8582459ff5d43ec6fae938537f9e4015b66c1dbca3a736c61b3c4d5fb8edc,416,415,8,0,helmet
hard_hat_workers4089.png,train,df0c552ee2eb2cbd564c58aa50483b260d14ee0c313841408aa81042422a3bc5,416,415,1,0,helmet
hard_hat_workers4091.png,train,23739b167c05d34fcdea0e7915dd34fb858b466709f4e98d07aa1391ac0875d8,416,415,5,0,helmet
hard_hat_workers4092.png,train,042ae2666189d0540a16fb4283906f9059322590bf00201398e784e90dd0518d,416,415,1,0,helmet
hard_hat_workers4094.png,train,6bebd5edb12176f3000357f30710a06dc862f1aa06d4532ab0a1a3f76364c905,416,415,0,11,no_helmet
hard_hat_workers4095.png,train,363f7319eb63e5a81f3f888660bea19e45526f41e91dc6b958c632e524cbb956,416,415,2,0,helmet
hard_hat_workers4096.png,train,532b3cb527b102aa4956f86e617150dd35e0185397a3fbbf9033ad8e7c93ef2b,416,415,4,0,helmet
hard_hat_workers4097.png,train,38893d11e4284fa00ba9b4840bd5cbbfbce58c66ed35396b3b333136f694e995,416,416,5,0,helmet
hard_hat_workers4098.png,train,a5d9c60e60bd10a77201a0a5ca8474880e98b00df0c99f9f22cd08a2d2ae999f,416,416,2,0,helmet
hard_hat_workers4099.png,train,a842d692a0ca8335486f651fb46e05bc5e7cdb52d7349da8321a0657632ae330,416,415,1,9,helmet+no_helmet
hard_hat_workers41.png,train,9317584ec866bb90aafa5c0bae35563ad5dc883a211c0c81395c41ef181411bd,416,415,2,0,helmet
hard_hat_workers4100.png,train,4432bfde926edf1bfbaf591fad2859588c9b7bf9740b1f3077752473257fabf4,416,415,4,0,helmet
hard_hat_workers4101.png,train,035f2c5cea44fc5f4b363218ef09c1d8897b8ef6e26929d9bee4248dc2a24cd4,416,416,3,0,helmet
hard_hat_workers4102.png,train,fc825e23019b7d59d5cc20993e277a9facecdf6bc5726f0a9b6c92809c21602d,416,416,4,0,helmet
hard_hat_workers4103.png,train,10c0e49473afa4783f65003c57182fd4170c4edb42b6a8b5adb282c19ac1605b,416,415,4,0,helmet
hard_hat_workers4104.png,train,47912a10a2e8e17f1565d32a3c0c290e3c8fe5b6e71c9e3961032fb6ca528bfb,416,415,7,0,helmet
hard_hat_workers4105.png,train,93528102f2da561bf1261c54e49f9e0a5473a6a1d755717317a3d79b34af4374,416,416,3,0,helmet
hard_hat_workers4106.png,train,e3cfb84bb2a6342491768bf2b766972357357a64c5525542fac947d2f6b72585,416,415,6,0,helmet
hard_hat_workers4108.png,train,be935db653fd18838aa78515e5cdc1c6c6093d853f99ff5bad20b95d2dc377cf,416,415,5,0,helmet
hard_hat_workers411.png,train,9c88eb2fd1896cd78ea9087e4852c39b0731993c0342d71f7ae7249ad437ce44,415,416,2,0,helmet
hard_hat_workers4110.png,train,e957623d62eaf1c72e788e64699eedafd2c8a72ceb05aed0a0e2a4ec74997880,416,415,0,11,no_helmet
hard_hat_workers4111.png,train,261d81225220427c16e6cae6e9cc0b123bf0c0553455b626c768cd0f63027d13,416,415,3,0,helmet
hard_hat_workers4113.png,train,f12220695463fb47fd6792ff85d625305107419058914476d5003edd1c5c5fb9,415,416,1,0,helmet
hard_hat_workers4115.png,train,c63c33e4132304e51a6ab56ba60bcfb3a4a34e52a9d57ec65f921b2d9f82042d,416,416,1,1,helmet+no_helmet
hard_hat_workers4116.png,train,067eda9656f6ddd737d48f312d47ef8d1b9eee38554adbd38196eaac2af60871,416,416,1,0,helmet
hard_hat_workers4117.png,train,c8d3d1fc3872e5a20c4a37bc134ebf507cf90ad58a249ec25dca8c5882b47136,416,415,4,0,helmet
hard_hat_workers4118.png,train,a24d84c8c238e4b8d75dede7ab1cb42d473bd2a10670f353c6205115c1f7208d,416,415,5,0,helmet
hard_hat_workers4119.png,train,b8daad3b364d8740ce8102447fd900d8963a594a491e05d16fc38d1df788dbcd,416,416,3,0,helmet
hard_hat_workers412.png,train,e64c75c8554b5d3f63fed100a3a131fe5daf18bf50be6d2cc8bdf0cf8373ad99,416,415,6,0,helmet
hard_hat_workers4120.png,train,265d12a20264cf5c7d6e1d204dc4a27a550b8dc81e5d2f410a53dbc2fde6380f,415,416,1,0,helmet
hard_hat_workers4121.png,train,2d427889e38acca1446183c3c843b97278a2e6cfe2727d4bda19ec6a537de6ea,416,416,3,0,helmet
hard_hat_workers4122.png,train,0277866c5e1acb1ff5db759267deea79d74e5e641c43a6fe0006bb3ea25e1369,416,415,3,3,helmet+no_helmet
hard_hat_workers4123.png,train,9245aa77177625e2b4f7f851a2223cbcc7194209358926753535ae994ac1325e,415,416,2,0,helmet
hard_hat_workers4124.png,train,8a8c064f5f281694169fe71444e94b779984a1ed775e959546a54e651ad1e456,416,415,6,0,helmet
hard_hat_workers4126.png,train,992d0e95b2f12b61ea9fcaac21d959cc45b5caf600e26b5837edfbe1878bb13c,416,416,6,0,helmet
hard_hat_workers4128.png,train,af13bde552ec393f81059a006d60a7d7dd18a9168f5032e931886d9ba3091fe4,416,415,5,0,helmet
hard_hat_workers4129.png,train,4ee88e5bcddfb587dafba238f70e1b3a8f49d2acfcf5f856136f15d474ca24cd,416,416,2,0,helmet
hard_hat_workers413.png,train,aa5b8e67a8c6df0f9f89a7d961a6830437f1a179f930411c3011912918d159e1,416,415,17,0,helmet
hard_hat_workers4134.png,train,cc043558c3a4e166354817a64486952743a99aa2457f68a4bdbd3eef87d0fabd,416,416,6,0,helmet
hard_hat_workers4137.png,train,5264599109ba9c2344d16d1e70c1ae84b0b4c3a83cd331671c6701e297fe491b,416,415,2,0,helmet
hard_hat_workers4138.png,train,7e4e5acfdfc1e1180b5f39bda9cf77c2436a0464b0bed31d929194fff3df2f0f,416,416,2,3,helmet+no_helmet
hard_hat_workers4139.png,train,b8a88957cb547e0e18c4cd44d1f4c5bf354dc053f65731a6178423846adf6c7d,415,416,2,0,helmet
hard_hat_workers414.png,train,c803936b0305ce62f08eded34ac671ce9a860d1f43f0259c8761425c968660f1,416,416,0,7,no_helmet
hard_hat_workers4140.png,train,bddc8a4ee2cba60159cb3e501538aa2411b6b6ccef85a9186265ef6ddd5d7874,415,416,3,0,helmet
hard_hat_workers4142.png,train,f5e2b06dadfaf07090f5692f5e83bec4b59b7eb44f54a5527bb2bba1c159df6e,416,415,1,2,helmet+no_helmet
hard_hat_workers4143.png,train,c136ff79f6c120692b06396dac0cce6d22da4c4466806a40e2ae9e3b633121f1,416,415,0,10,no_helmet
hard_hat_workers4144.png,train,e275c1ec10bffc90789e3296fd555f06fd18bab9330bae656be5cb3f450006f2,416,415,1,0,helmet
hard_hat_workers4146.png,train,7075d65391e2176b91d4f9bbd79d69f22e55ac8f5fb5d5ece3c289be49e0951d,416,415,5,0,helmet
hard_hat_workers4147.png,train,333bfd205a89afe23387b7457f7608da0d9d2d5228a0fbe58b7710c62a24d2e3,416,415,4,0,helmet
hard_hat_workers4148.png,train,b54ab1b9255583009a51378a3172430ddb12e0cd7a61744cfb2bcf24481e3034,416,416,3,0,helmet
hard_hat_workers415.png,train,85bccd09bb881b232dcf9f32960d244ca923235d1a08ed56d77a806bfeb6ca86,415,416,2,0,helmet
hard_hat_workers4151.png,train,78af328e99e0e4f93fe25676d4d5aaf4d77bb4ea8bd75bfabed2f19d33ed6777,416,416,6,0,helmet
hard_hat_workers4152.png,train,3a2fd525a66bdc7cc30e6dc8cfa7bb21500feb7c3afc55d2c99fb245c59bea0c,416,416,4,0,helmet
hard_hat_workers4154.png,train,ae9c42f0ee085c88bd3fdcfd7f41b8125573898b2f9961d03f2bd1bb5399dbbc,416,415,2,0,helmet
hard_hat_workers4155.png,train,8e1d384f94be0f3175204a12ab0997840fd2bfe53ea3ff3ad74883019ba97222,416,415,4,0,helmet
hard_hat_workers4156.png,train,253d9c9a06ee43292696f450889c2abf2c986e19df1bbc801c0cab0647c5f15f,416,415,3,0,helmet
hard_hat_workers4157.png,train,87183446a7cc8d94db281deb52e76e0e5e330bba1c104c5efd80209963e71178,416,415,2,0,helmet
hard_hat_workers4158.png,train,a814a451fd0f2a26119324afb7728f890a7e491ea7ff27d350f2ef44de6d961e,416,415,2,0,helmet
hard_hat_workers4161.png,train,469f75a4aab9d2b9d966dbfb7868b71b5489f3b96bdb4782672530ead83f11ad,416,415,6,0,helmet
hard_hat_workers4162.png,train,669eb09fc79989c447a19caa58c0e0f2e8c5b9c1be672fdd95ac478f5561cd27,416,415,2,0,helmet
hard_hat_workers4163.png,train,d213c4265170a8ee02bc33aeedb3e7774c46d4f458ed99f35422d193e91d28e4,416,415,7,1,helmet+no_helmet
hard_hat_workers4164.png,train,51ea03f5e596f5645e0d1c69d78dbb744c0ee780077ba002ec74f54fa5a0a2df,416,416,2,0,helmet
hard_hat_workers4165.png,train,6d971e3a9fde5658e3e6b7fdf8b593677451c805db1d4098bd3b3cc0a8272f87,416,415,3,0,helmet
hard_hat_workers4166.png,train,535c32f845aa6ef4bc26b2125a89de7aa84d2a5a22bc320c03770441d977fef7,415,416,11,0,helmet
hard_hat_workers4168.png,train,fb21fb3bbe6e7b08e6b95683a8ddfd89c64bbd6039a6c42068ef57126c524bce,416,415,4,0,helmet
hard_hat_workers4169.png,train,4debbd15586f23babc9e96af2d0d4a1cd0accec3e4e570b1d3a6d9daad5f1b18,416,415,0,13,no_helmet
hard_hat_workers417.png,train,b05f30f18b40adac658cf505f1d5f7a9f7886b6f3579e12de539feb7e603df26,416,415,3,0,helmet
hard_hat_workers4170.png,train,db4909daf36c86c9b9abb28b3bc47d4ec61daf7f57fe32abbf3631b63a9017ad,416,416,6,0,helmet
hard_hat_workers4171.png,train,2c566561b933115fc12f9959402657714ca437e6c6cf60f03245a130e6117a1d,416,415,7,0,helmet
hard_hat_workers4172.png,train,8fc41f9a3661361a1b916374c569b06cc7f68327e30762ea836f22d50f67fa07,416,415,9,0,helmet
hard_hat_workers4173.png,train,2aab68c1e32db0479c85ac4721d20438405958843a819399b32298b4fb979991,416,415,12,0,helmet
hard_hat_workers4174.png,train,536ba87b457005096ecab0f6ad203653f964e4e9677e457bf0c15f0e6ef8c062,416,416,6,0,helmet
hard_hat_workers4175.png,train,d787779dce6f4dd49f6363ac64ebee28be52181392026dae0ee11ef03b343e0a,416,416,4,0,helmet
hard_hat_workers4176.png,train,d41a016d215f2a63a88335c9a085d995553c44f38d8884606b65b531901f56d9,416,416,5,0,helmet
hard_hat_workers4178.png,train,64b89e9895a8212c43c8f07c052c788bc17cfdc4b9cf8dbda66fa94b499c985a,416,415,0,8,no_helmet
hard_hat_workers4179.png,train,b6718e347812b45c7b417125e5a29c49a7cdccfb068d3ab5c7826099bc17657c,416,416,5,0,helmet
hard_hat_workers418.png,train,a2b3172b5da990366d14fc212f214545bed27ac963a0c7cb6a9841d0564d30a8,416,415,14,1,helmet+no_helmet
hard_hat_workers4182.png,train,4b066a954615f1ef9b8fc5f933f9e8e7f0ec5a67c03aa8021223bd031250107a,416,416,4,0,helmet
hard_hat_workers4183.png,train,69bd02e2a05d151d9025d70a27c7b9461bb68bde10d5933affb806f765b68fcb,416,415,4,0,helmet
hard_hat_workers4184.png,train,d2dea90769c1ef03e9b1111d07758d4b1cf3b49077b0fa9c31ba58552846559d,415,415,4,0,helmet
hard_hat_workers4186.png,train,39a6b543285e8735222133f0ee07e07c4c9e572f1e705d0984229f673ce09418,416,415,6,0,helmet
hard_hat_workers4187.png,train,82ac84ced0bc1b929e72c9132866fb2a34966bf4523194a2d1d646a5fd21886e,416,415,4,0,helmet
hard_hat_workers4188.png,train,54ffcafe0e7a82776ac2874411e4030dce992ca8df4cdc820be97d8b5a2e6c44,416,415,2,1,helmet+no_helmet
hard_hat_workers4189.png,train,0e7a118c6c73bbb49a016e96bf311e6012ce5e704f598015e62a221f1efc510b,416,415,0,9,no_helmet
hard_hat_workers419.png,train,1cc705962c0fa6efa5204a2b495f65fada6f0f1854c5780e71130de67334f739,416,415,1,0,helmet
hard_hat_workers4190.png,train,d6dce833465e3cd6341aee662d279fa3a6ff188c777f507d75d4d4c2347dd5a7,416,416,4,0,helmet
hard_hat_workers4191.png,train,a77067a0b4326fead5bdb735add11ac0beeb8223be2b2a5332ed217330ea6a96,416,415,3,0,helmet
hard_hat_workers4192.png,train,78a937529951645657970e80d8a048020149f80a25beb5870c2c96283f2b50e7,416,415,3,0,helmet
hard_hat_workers4193.png,train,bc3655e599dbdbaede0e2637d3df01bad85439972c32bd0256025c7518b5316b,416,416,2,0,helmet
hard_hat_workers4194.png,train,d5bc430410ad2d2e61c4f231136caf3e2d470ed17f014be207f84eb1419d091f,416,415,2,0,helmet
hard_hat_workers4195.png,train,2e8432938fddf1b77648993a1fae59a61c4570a6e833b780614600e8872d27dd,416,415,6,0,helmet
hard_hat_workers4196.png,train,b5fe3f49ce9afe4a200ad233b2cc0abdb218d6072280adb02f526cd27e158ccd,416,416,3,2,helmet+no_helmet
hard_hat_workers4197.png,train,6d0030e88a3d603c497a85ccc3095096a869e9bf8540c38ab65f627048ef0d17,415,416,1,0,helmet
hard_hat_workers4198.png,train,f3e822884af8eaa925373be7b4fb20d692ea7ec58afa728c3759c64f27ec33af,416,416,4,0,helmet
hard_hat_workers4199.png,train,b5acb4b9da36efd4e8c7f3b02fb35cc8a80e56b916cbb06bea138ab38a8686f2,415,416,4,0,helmet
hard_hat_workers42.png,train,923de1273061fe58269be9ef3509d8c8f4dfbb82e36abaef95dd7ff893a1bbb3,416,415,5,2,helmet+no_helmet
hard_hat_workers420.png,train,c01f19311b6e59c9559b47d8129fe65d15decf14dbc5d64e04e776d0252bc57b,416,415,9,0,helmet
hard_hat_workers4200.png,train,4343b8218707f3018f4659f6f46457c3e31016dd241be41c562fe1b1c1bdb937,416,416,1,0,helmet
hard_hat_workers4201.png,train,5f2172915e2075a901fddbaddd621bed464d6b8b456bcd917bc8b7e3b0f875c0,416,416,6,0,helmet
hard_hat_workers4202.png,train,8928fab86fd08280a5c274102edb9083f818aa87e059997ac5a02329b594d556,416,415,7,9,helmet+no_helmet
hard_hat_workers4203.png,train,1daa834a2864f0ef3ebda273634d76ec16c83c62afe3d038e9bf6b809593d6f0,416,416,2,0,helmet
hard_hat_workers4204.png,train,c6c0a9f161bb52c076b8b429891d5ca056c904a3c967e613cfe98709074c4365,416,415,1,0,helmet
hard_hat_workers4205.png,train,e30cad99e38c417c17994add7cba0d7a40b8fe7b6da4d9cfc45be17df2afd31d,416,415,5,0,helmet
hard_hat_workers4206.png,train,0766b79ebd77eb9b71a1a2ae819311a0f6b0fd54127052a22564cdf53323ac80,416,415,0,12,no_helmet
hard_hat_workers4208.png,train,3f53ec0ca6f5f902db076b5fbdf685296aa9afb96d268994100c9d6f8f66123c,416,415,5,0,helmet
hard_hat_workers4209.png,train,7e8963c53390fc03ca2aced551e6361725eb6e55f97102afcc49439ce4f019c4,416,415,4,2,helmet+no_helmet
hard_hat_workers421.png,train,49f6b62c5a80510bc947cedbb5eaf3b93209f06feb82e3de5ddee8cc513c9b19,416,416,0,9,no_helmet
hard_hat_workers4210.png,train,25ed864aaa8cb32c592144cdb43da7e74edabd281320d3589cdcf065c8c33e25,416,416,4,0,helmet
hard_hat_workers4212.png,train,a36190d0b87467ac5cb13095672c770b919782676b3060108e794971e2bc25f5,416,415,4,0,helmet
hard_hat_workers4214.png,train,0ae7a0c81371fb7d8af15f48bf0df484517e930b00b7f69ac7b254e3a7fc5559,416,416,1,0,helmet
hard_hat_workers4215.png,train,4eb69fc06a6ec3b79d073a8631e1492ec3a2d6cfebef6f8534e87bb05c038352,416,415,2,0,helmet
hard_hat_workers4216.png,train,af14d09139ee3d392f1161fdb46bfd96559084865d6930f9cad18a2161d6fb60,416,416,7,0,helmet
hard_hat_workers4217.png,train,0c8876114525167313f55781feb4aaafc95e259b0f551075e1d3b1f2e2ec6097,416,416,7,0,helmet
hard_hat_workers4218.png,train,79a651d0c2cff8895582ef4a01c65767e1e0eb1bbeeda76de1d2b57d9880faae,416,415,2,0,helmet
hard_hat_workers4219.png,train,53186e443639460b4eae5f183f01a9c792b8f0709d4ab3bf7497f58b70afd426,416,416,4,0,helmet
hard_hat_workers422.png,train,1b0b3ac2bb2d37daeb19ee299b53be4cefaffcf898c1d9cb9c48749345622ea9,416,415,6,0,helmet
hard_hat_workers4220.png,train,c1ae3c132283d1445eda0ec5c60377fdaf275c2a12937e0bc046fb0634e6dd88,416,416,1,0,helmet
hard_hat_workers4221.png,train,330b0848dcb9faf95f991a5306c681855cbb49db488f30fbd9312a93f5a28f7e,416,416,2,0,helmet
hard_hat_workers4222.png,train,effcc563b2028a27c6d1e93e636c03fa7f6e48daedd854b9f5df42705ec83659,416,415,5,0,helmet
hard_hat_workers4223.png,train,85060d39dfb0ac9d0035949de9756da877998dade93da5562bc931883c72e7b3,416,415,0,5,no_helmet
hard_hat_workers4224.png,train,52d2ce2209577d58cb54274c5094875a51e43f2ae26c00c7e889ee67607d4577,416,415,3,0,helmet
hard_hat_workers4226.png,train,63ddeb5a30f668cc016b24919c5c99b620cce977525252d852d0520382caacce,416,415,6,0,helmet
hard_hat_workers4227.png,train,3a8a801e3e439bdade5f568c70de8e3db813ec57c60943428034ce4b78c071ae,416,416,17,0,helmet
hard_hat_workers4228.png,train,08ccf28a816f3c6f875c5b0e61b9e1ec08bb5ce1762a9654452e1a6d35d3d45d,416,415,1,0,helmet
hard_hat_workers4229.png,train,796fc7064d57b9f11ae1f499d2bf8d0d77aca1752c3f16cdb19e33d816101a5e,416,415,8,0,helmet
hard_hat_workers423.png,train,58727ee3dc5e0b8520fdda6d33156f5d00c09e5e39af91f6adfaba39935bc491,416,416,6,1,helmet+no_helmet
hard_hat_workers4230.png,train,4d11a01b8d661cabe17dcb4033b43fccebb54ab04b94b5765afb0b9244c18c00,416,416,2,0,helmet
hard_hat_workers4231.png,train,75c1fad6e293e33769694fe9ad6ddc8bee9cbac46662603737ca14ac7fe18afc,416,416,0,6,no_helmet
hard_hat_workers4232.png,train,6c6928872e290336c7f1fe907a8810096d3b0331f2ad2d971a0497f99d2a878a,416,416,1,0,helmet
hard_hat_workers4233.png,train,dc3b936e418d16047744b80fb46406e59e8039a52ec9fa14a0131d099dfc472f,416,416,3,0,helmet
hard_hat_workers4234.png,train,f04758b31b521171e3cb1c67dd285d943a5a88d7d6c1f84428a3530f793252b0,416,416,2,0,helmet
hard_hat_workers4235.png,train,d33ce22aede805bddff1293deebccbeafe58886306d9da138ecbb3d6768ca502,416,415,2,5,helmet+no_helmet
hard_hat_workers4236.png,train,cf4ea59aab045ff98aedcb1b475d7fd64597708911bc2532c0ed8ad202059608,416,415,4,0,helmet
hard_hat_workers4238.png,train,45b9f505e5402f0619c90b6bf5024391594bcecf01d0746a005e66c349fd3169,416,416,3,0,helmet
hard_hat_workers4239.png,train,6c4fb8b161fbd5912c2d0a5fc19c3ed8ab44dd4600d538b16cc22440325543e8,416,415,10,0,helmet
hard_hat_workers424.png,train,e297cb7c5e5777cb369c90817d6bbddb1317d3accb14c2dabc4b83632a27ccad,416,416,2,0,helmet
hard_hat_workers4240.png,train,01ea3fe5f7d3372b2a0bd40c2c74136b9b2a6d8cd550d4612fa97610e458c46a,416,415,0,9,no_helmet
hard_hat_workers4241.png,train,6fe19bab7e80b46ec77254733d97eef02a539e1b7323b2026784b9547857a9c1,416,415,4,0,helmet
hard_hat_workers4242.png,train,e9ad0fe0c843d318ee1ce70f302ff687f613cd20a9e198051910c67cdce9b33a,416,416,1,0,helmet
hard_hat_workers4244.png,train,6753f846cd70a1c771945625e79123773f2cd5695b64b413936703e1959de389,416,416,18,0,helmet
hard_hat_workers4245.png,train,3d32d11f298ad2bd1b8ca96e4ba939f0113b1b0d855275c292025d236c5e208f,416,416,6,0,helmet
hard_hat_workers4246.png,train,bb3285ce2851383c7066f123b20cc96999a5a5e7aed116d0bcb1875b70471c90,416,415,1,0,helmet
hard_hat_workers4247.png,train,ed5495c568236df1bf0910b782681aa94f667ef275be45ca2d0fc6e0c241b541,416,416,2,0,helmet
hard_hat_workers4249.png,train,a8b772db6e8c5ecc675d4cff26123a650a6bc9063c185d7180a66f197ff12f43,416,416,4,0,helmet
hard_hat_workers425.png,train,f282f1e12697d1dd6f0a08dd027cddf3de48b2a0a178cbcabb816f7652e1bd23,416,416,2,0,helmet
hard_hat_workers4250.png,train,81b753116093ffa62bdf040b87ea2712eca41de4c9bf877eb0e46eee63c115f9,416,415,10,0,helmet
hard_hat_workers4251.png,train,6de66ced0808d7c5e983d060570e9df81bb940023d1f46f22a1cb9e88017de00,416,416,4,12,helmet+no_helmet
hard_hat_workers4252.png,train,4d3d2233cb0de1ec671315068462c1a77b9727f68a2318b3b2349da1964f692b,416,416,7,0,helmet
hard_hat_workers4253.png,train,104d6691a6dff44db18cafee2b9459fec745a4e4ad80d63ddf6738dee3a3cc5a,416,415,10,0,helmet
hard_hat_workers4254.png,train,affdb1add6a7d482d809562213c88b826d534c05601c75c3729cfef3949669fa,416,416,4,0,helmet
hard_hat_workers4256.png,train,5bf5d37690f2a1d115a78085d74e75e68f47c191822d69e31e5556b5e600321c,416,415,2,0,helmet
hard_hat_workers4258.png,train,5e6996467e8dca4adb63a592dc58e0845ddc2b1466e758355020abc4f666e1b4,416,416,5,0,helmet
hard_hat_workers4260.png,train,e2d2a9a7e34939c435572b461953f6eebe5567c4359490474095f3a2e3b58df3,416,416,5,0,helmet
hard_hat_workers4263.png,train,ca3180d2ba2e384f6ba629555a20364621435d305aa9a51ca919e37ac8e28e77,416,415,0,9,no_helmet
hard_hat_workers4265.png,train,ee7139ec8e1ed0a5106cd80c5a28615894eac4c06e54be86ba3e9c5ef839b136,416,416,5,0,helmet
hard_hat_workers4266.png,train,f1e0b155a1b5cb1e603d09ed148734f015de7d3c4ed1406be0c5315573eee59b,416,416,2,0,helmet
hard_hat_workers4268.png,train,887b429baeced598bebac1e10dced7bd3df77fb9d202990e6c0b383a2c742caf,416,415,3,0,helmet
hard_hat_workers4269.png,train,658ef71ddce810b7af4e4d1bec62a7170898d1eb21120a49de4b634f21d1d9e0,416,416,1,5,helmet+no_helmet
hard_hat_workers427.png,train,ba62f91b9e78b9eab68d9b0068a1e4ca0dc98cc3f6632d793d7268709fe29d3f,416,416,2,0,helmet
hard_hat_workers4270.png,train,e32961508972dc0f626523552a0ce62ed9a7c39892c40be4f8c8bc1f6975566a,416,415,0,1,no_helmet
hard_hat_workers4272.png,train,24bfa48f2a7a7b713dc0a8f4fafb190be431e744d5c730f11b730978a97b243f,415,416,4,0,helmet
hard_hat_workers4273.png,train,d8182409c0a66e380574eba919cde13bcbf63fd8e82556a8fa7a842a3d595ba1,415,416,4,0,helmet
hard_hat_workers4275.png,train,bcdc56cd84b977de8d7deac20211bc4cc2dbbf7923db66f7355cc95af925703e,416,416,1,0,helmet
hard_hat_workers4276.png,train,abaa61a6e42eb4f5cd9115a9c5d1e2c8786474cd1b8c8171beea84812d86f426,416,416,1,0,helmet
hard_hat_workers4277.png,train,d57e3431626fee1a974b4741b7a429928d9c525f4899ea75d52f6632a582deda,416,415,6,0,helmet
hard_hat_workers4278.png,train,13adac25aabc663d09adb68e754e2f15688db72ab5b7e85fd10457263250f18c,415,416,4,0,helmet
hard_hat_workers428.png,train,c9f5e5a42a7c5859bdb23c0b966c9d36ef1c2c258191f850fc66a84575ad64a6,416,415,3,0,helmet
hard_hat_workers4281.png,train,6e99c1d6e9610855b5d1bb96d293be14790e62585d2b58c955b23129afc718cb,415,416,4,0,helmet
hard_hat_workers4282.png,train,74df903cbf7e40994a3c9bace6e9efe80def84fa60479d0088fc95a13149985e,416,415,2,0,helmet
hard_hat_workers4283.png,train,5bf8578b3171fe07b12fb5ac4835208fda393bfb9a9060ca220f3bf4838d7d73,416,416,8,0,helmet
hard_hat_workers4284.png,train,e345b3b09aca2b97e4d67cb28be24d6c7ca009b61d99c27ffd821b40898e09e3,416,415,3,0,helmet
hard_hat_workers4285.png,train,4857c44d9885e311d32da1fb83d5a7b9ab2a8449a601ec0873d83fad67fc6255,416,415,10,0,helmet
hard_hat_workers4286.png,train,305c4c6c92199891a3a0785249b4eb5f88ad90f62b24df6e5065bdeb305cb95f,416,416,8,0,helmet
hard_hat_workers4287.png,train,8dbd1081176846d775c6e08c4265269ebb12b144472e62a0ed1da91d3659358f,416,415,5,0,helmet
hard_hat_workers4288.png,train,5767b43d898c3eba134ad2d72d9da52b038a44a7c65d1534aeb1f2db67538929,416,415,1,0,helmet
hard_hat_workers4289.png,train,5321088812745ee863250d47bf15c6f8224586399d1beb691d983976fda0e4cb,416,416,6,0,helmet
hard_hat_workers429.png,train,5491c8cf1d4765ba65b4f1300e3862c38c2e8486091bbaf786834c81f28f8352,416,415,12,10,helmet+no_helmet
hard_hat_workers4290.png,train,0a16adfeec5d39cb1ec22e8cf2316b4a37f23d0734c12f490fac0b85e1a47dcd,416,415,1,0,helmet
hard_hat_workers4291.png,train,f730ad0b0a3595a49bd32fc145656c322a0e94edfcb2b6fe5ab6da8e4be55730,416,415,3,0,helmet
hard_hat_workers4292.png,train,5b8bf08c5f88e3c7d589aaa1d0b7ff759fc6fd3fee6ab74a00b7f4150c965dd8,416,415,5,0,helmet
hard_hat_workers4293.png,train,3d2eff0d968ae1bdfca7bcf53734d9f78efe437adb6cf8bff25e09807e8c50d8,416,416,2,0,helmet
hard_hat_workers4294.png,train,fcfa2be34579d2373f2f8d9b9da8bf1f51e042bdcc8174f6d0c7d06bfa7fd6f7,416,416,4,0,helmet
hard_hat_workers4295.png,train,a759599ed10b0c5c1cde5a289693ce7cc716ee2c5ca684eefc15fae2f129cfcc,416,416,0,1,no_helmet
hard_hat_workers4296.png,train,41c0a202b08063664a713b5240964df7e751e097de1c8b0cc6900b71221d9b9d,416,415,3,1,helmet+no_helmet
hard_hat_workers4297.png,train,292493f7002b119bd43cf057e7e730af5318c4cae95e7286b5fed26a8e6f9f3e,416,416,6,0,helmet
hard_hat_workers4298.png,train,bbc8ced44a632782fd70989b5063f2af71e1a2dddb604025e8f895f782408e44,416,416,1,0,helmet
hard_hat_workers4299.png,train,40106ca44d214d21dfc3dc4257d46ef79b4345e0958f3f174293bafd4e990668,416,416,3,0,helmet
hard_hat_workers430.png,train,8027ebd12e0ac089f9d5f02164ad38a11c51589a47404351dac9959a81caa37b,416,416,8,0,helmet
hard_hat_workers4300.png,train,825e23dc9b701a670335693d261797ad065fbfb9b445c328bb6ebe37c0ffb6e0,416,415,0,12,no_helmet
hard_hat_workers4301.png,train,99347f3a0cf8fdf4ec18ceb7ed85fa9779bbeaff0e365b7fb6023c8d13961a42,416,416,4,0,helmet
hard_hat_workers4302.png,train,e634da2841898bc7671f3a5c9d9b09edaac8180c9080ec27b09ef262eea1a32c,415,416,1,0,helmet
hard_hat_workers4304.png,train,784e5cc6894491e2d9e9129f890f3002471ed7c1500ada09b753f4ac50791789,416,416,2,0,helmet
hard_hat_workers4305.png,train,ee054eb14073fb07fbf4a403c671a6f65f7371f5ee3a6009e6aebebbe9a35193,416,416,6,0,helmet
hard_hat_workers4306.png,train,e88d58388f34937d6b0aba2ec873f6b233c9807ef7d40f4dc53b0f7cc23fa519,416,416,2,0,helmet
hard_hat_workers4307.png,train,150f2b5eb97c890b14cf442bdeb09b9184d8edf2a85f1046887535b98cf18dfc,416,416,2,0,helmet
hard_hat_workers4309.png,train,1cffb4023c8760b9cc6aa225b3156a99ccf476deb6a067c2d9c6665214a5960f,416,416,19,0,helmet
hard_hat_workers431.png,train,b06ff5cb3dd3d17aee31610416d3f472dd91e21a0d5fada574342386a1ddf1b4,416,415,11,0,helmet
hard_hat_workers4312.png,train,aa987872c543682396791fcb7eb54a846b266f74231b851ee14a5584c16c89ae,416,416,0,6,no_helmet
hard_hat_workers4314.png,train,910987a16edd18a4bce62f05c5065c65652f0f666ae4b91294774a759b30d810,416,415,2,0,helmet
hard_hat_workers4315.png,train,cbd440b2010f4cd8c50e68721804de68dfa4e853eab060d6c98169d5b74cf69c,416,415,4,0,helmet
hard_hat_workers4316.png,train,3ca4b8e99f0b9a1c3d442e7c2947ac71612ae0d12a8696cece6f3091b62c469b,416,415,2,0,helmet
hard_hat_workers4317.png,train,bc238cea77799f83784bc3cae915745b07dca751212fa0c6838f91045238d729,416,416,8,0,helmet
hard_hat_workers4318.png,train,7a45d088d38a165c3d3df8cb2777ff08c7b791792f2457914b1277bdf7bd986b,416,416,2,0,helmet
hard_hat_workers4319.png,train,35f95aee38ce14d795d2de295e75def0e371444f87936685d75c42413c630de9,415,416,2,0,helmet
hard_hat_workers432.png,train,b7074d6057cc87158e6bca1cffed1dea0c847ac1c605292d3cba547574eda705,416,416,2,0,helmet
hard_hat_workers4320.png,train,3c8c50b71959cf6d33bd21bbe6bb51a48c4b9db02f8b2e801c1e66de8ce60671,416,416,0,7,no_helmet
hard_hat_workers4322.png,train,ad0e8942d36742cfee52ba705f86f4f98a22ac38c0115d2292f3eb9813bc9ae6,416,415,3,0,helmet
hard_hat_workers4323.png,train,03760a9e5aef9fe6842fafd7b4ce86bad90f8b7d20bd7da8c1df7a3a46613569,416,415,0,4,no_helmet
hard_hat_workers4324.png,train,5ddb83322c83368ef669b367fcd77e522184e58497aee0c31bd1314b6b5dc364,415,415,6,0,helmet
hard_hat_workers4325.png,train,f4927cdc7dce10e43cdafb8566efb7edf8f606ddd80ead90766af26b54995f54,416,415,4,0,helmet
hard_hat_workers4326.png,train,227aa678c5d11704dc845f3b9a7c6ecd8250740b186ad1cc605cfb3328f9d75a,416,416,3,0,helmet
hard_hat_workers4327.png,train,ff8f4d2851eefc5dfe6ba2b1658421e0e170fb5c36f7d7c33593e86be0669e99,416,415,2,0,helmet
hard_hat_workers4328.png,train,d2db73abccd1657902488f2202ac55c829ad8f5dab42a4585b38ff7c3e2406a9,416,415,3,0,helmet
hard_hat_workers433.png,train,0673d442a6c880c71dfd8deacc9a1f03cdffa666608789d12e79ba204fed99d4,416,416,4,0,helmet
hard_hat_workers4330.png,train,afacaa0b473be6bc9f36c8674f72e80667081ee526104651c2f38ae704a5feba,416,415,2,0,helmet
hard_hat_workers4331.png,train,e2ee7cffc60e6fb9910d1421076f495392a45cca18807772665da7b70acd9cea,416,415,15,0,helmet
hard_hat_workers4332.png,train,6ce2b2324b131fe12f421606f546f5c317da351662b6cc2265ae4874d05912be,416,415,5,0,helmet
hard_hat_workers4333.png,train,bec535c9bb212bc13498b2159eaa610eaa72e7909e6c078acbfc81e6c4453619,416,416,4,0,helmet
hard_hat_workers4334.png,train,4eeb2066dda68ac5e5635f631373f05e2ca1361082083866849f39ca849d2147,416,416,3,0,helmet
hard_hat_workers4335.png,train,4d114d02208a429c2fea74c37312367979a9f31e4d8a3d69f5b216c32982a1e3,416,415,1,0,helmet
hard_hat_workers4337.png,train,bdc373643574efb3b2a659934aad7b4e5a637b39aa5d7d8909f74cae2c973875,415,416,1,0,helmet
hard_hat_workers4338.png,train,6a6b70268e9b6bc4ab312ab5dcc552247f6efbbdd132a81091ab50620612aca3,416,415,1,0,helmet
hard_hat_workers4339.png,train,02f8b26e2b444965cc326935d6a2e1467c2ae6dd5f13fbb4a5e82d21e049a76a,416,415,7,0,helmet
hard_hat_workers434.png,train,e2b394de208708882ac6ad61d62837a80d41a316d3ef65985420fb76b0869ac3,416,416,2,0,helmet
hard_hat_workers4340.png,train,82455d391a55a5276b4612e0b43838c26901073f8e0a5ad8fe815b2f49d41e6b,416,415,1,0,helmet
hard_hat_workers4341.png,train,4c0f6149bf90a34ff291e4711ef239e23a6e559f61e0ba52eab6c73c8984fc62,416,415,3,1,helmet+no_helmet
hard_hat_workers4342.png,train,d2a1f98ba3329a2f0d683ac7af37c0ff2dd5ab73bfb797a3447779e14bbbd2fc,415,416,2,0,helmet
hard_hat_workers4343.png,train,b314f489d311b9b2312f41fd444dfe1e546b212a81e8460f7230e06911f2e7cc,416,416,2,1,helmet+no_helmet
hard_hat_workers4347.png,train,1339476176236a8d60a4af140ad60c0c8b08b5e798eaecacd696999c394c379c,416,416,2,0,helmet
hard_hat_workers4348.png,train,efa60e0c0087a1c2837d440e8352b0808405b92ad58aaaa728331d7fd9230ea2,416,415,3,0,helmet
hard_hat_workers4349.png,train,1916647ab9a77669474e8ed56a6ca2c30db9d1c7330eed7625b4fd148e37da45,416,415,5,0,helmet
hard_hat_workers435.png,train,c6173d2a960da7941bd3425c70ad9488faed353731cd2e348ffb25872f22ffc5,416,416,3,0,helmet
hard_hat_workers4350.png,train,9420e6a64ea44a5214f9ce972a98ff9d5fe1d9948fcd7df853051614a3a055d1,416,415,1,0,helmet
hard_hat_workers4351.png,train,66d2e37bb559dacdfec19b26f6fe7803643cee02734538130c5247a7ded02b19,416,415,3,0,helmet
hard_hat_workers4352.png,train,a9b6438f564c1989dc7d8b76dab1cac5faa2f4eda5373e3a78dc7d831d36a2bf,416,416,4,0,helmet
hard_hat_workers4353.png,train,77b5da57658af294815d755d43eb6d53d031176af7177fa5783c847e96f99f1f,416,415,11,0,helmet
hard_hat_workers4354.png,train,cc59452f520e8665d62a63fc5e63f6c7132728752a5d80a20c30eef6d3dfca98,416,415,4,0,helmet
hard_hat_workers4357.png,train,2842cf5ab772821af6833f64030bfa0a9fb95d7b6840aa78cb30252d767acd4c,416,415,0,10,no_helmet
hard_hat_workers4358.png,train,3615e3a9f5f0572303f26f5cc97e0b67bf50ce51ba2e56a581ecdb53c68595f4,416,415,6,0,helmet
hard_hat_workers436.png,train,84dfcae495d3a5938cf63bc49a2e46df13643fa0c4e85aa9dd2ef89f0a7f585b,416,416,4,0,helmet
hard_hat_workers4360.png,train,651ad0d88c6671b9b4db7f87afda2bc386f30b47d23d7a6615a59354dc8ffdb3,416,415,11,0,helmet
hard_hat_workers4361.png,train,2162b4c857abf94f250526b5bb03166f52ce07f72febad315f17be93a0ed44e3,416,416,0,12,no_helmet
hard_hat_workers4362.png,train,ab7438c62c599ccefc36f7f19e6e274ee84db8fbd30e20fd88e1605e1268cc83,416,415,1,0,helmet
hard_hat_workers4363.png,train,ec4e991942adf21d1ecc44e2c8c30593babb0173449d7804bd69a9b903e029d2,416,415,22,0,helmet
hard_hat_workers4364.png,train,9b1d3e360b6d023ddee836317ab40f99ad5debe034d20cf1c3a2d4bea3f43b37,416,415,4,0,helmet
hard_hat_workers4365.png,train,3c0701588d8848a886e80cd81bf0adf2dfd8dbc82accc32c0a4ccc6a39a72e6f,416,416,6,0,helmet
hard_hat_workers4366.png,train,d79eb352569d322619cc91a44e4d1c6ef35d59223bed2d8c8d06d315a0aefbe2,416,416,12,2,helmet+no_helmet
hard_hat_workers4368.png,train,4329c28ce1596cac8a1bfb3d2e47e705f47f64539c5703a4689c1e04b9257bd3,416,415,3,2,helmet+no_helmet
hard_hat_workers437.png,train,0d133cf599a53db1ddf2b94cc40a9d490b7eeec8c80cce6889c43e63c69ea406,416,415,2,0,helmet
hard_hat_workers4370.png,train,c50df73a36bbd898513b0210385819ae185625c80d7861cdd1313ddad7021d26,416,415,2,0,helmet
hard_hat_workers4371.png,train,037881d1fb062bd81cc31eacb82d27c6a7fff463e2449354148e383d23acc7ed,416,415,0,5,no_helmet
hard_hat_workers4372.png,train,2c16e8c24219bff4ee9d0e42f14a8db4d60a42bf96b873fef2683d069dc3c103,416,416,4,0,helmet
hard_hat_workers4374.png,train,c615f32cf04b9d6ebfef6f2496b241d4d135b7b8b1e8248a645f6028ab9d9d6a,416,415,4,1,helmet+no_helmet
hard_hat_workers4376.png,train,7f3e9538370531fc4b00b35a38d4f33c20b3d397528be42c0c28807535f41660,416,415,10,0,helmet
hard_hat_workers4377.png,train,a6d4382e53369137a2e91761f21e57bba2db6011e8fbbe98811900229a5fcefb,416,416,1,0,helmet
hard_hat_workers4378.png,train,ca22968b088716d0d56140e8d00ac980cee38e4a43e6fffd42bf437a2e06a97a,416,415,4,0,helmet
hard_hat_workers4379.png,train,2603e51376df1c6c2d9cd33c37fe99403b871e8e8067217af6439309dba05198,416,416,4,0,helmet
hard_hat_workers438.png,train,e2759bfdf8bd9ffae2fb1e93cc5a01631e09686747f08128647881762840af3f,415,416,2,0,helmet
hard_hat_workers4380.png,train,2effb875be5570a4acb3d59855433ce0833705a6c022f27b075f1c2a958f729f,416,415,11,0,helmet
hard_hat_workers4383.png,train,e30ee7b6a74f008bb79b87061f166181d06940b2d4e530e7decb6c9c21e54a93,416,415,0,20,no_helmet
hard_hat_workers4384.png,train,9fe9aea40f3a1934a016625b8ba22c645cae18a731fbfd29c0c3c8b29620feff,416,416,1,0,helmet
hard_hat_workers4385.png,train,44f643f24033c577bb4666fc28d09adea6d866fa38fe2d8f25615e19af0f2047,416,416,10,0,helmet
hard_hat_workers4386.png,train,a3bf27149a088c32f0e0999d6eef2a0913a0ba83246ee070cbca670836866314,416,416,3,11,helmet+no_helmet
hard_hat_workers4387.png,train,4596cf0754be42cd74bdf51c01d8b4140332d607a73565489df923355cbb158b,416,415,1,0,helmet
hard_hat_workers4388.png,train,7cb175bb6372764b883c422fb5b1c31f2dca76320feacf525f98def46b569789,416,415,1,0,helmet
hard_hat_workers439.png,train,19c406fe738c072f6f5eb0641826a73806b9de5cd41084167b7ef56b783c2938,416,415,2,0,helmet
hard_hat_workers4390.png,train,daeab581dcad187f9c187a7ed818be4c6036247a3417c6755a8e2b0076ef2d05,416,416,3,0,helmet
hard_hat_workers4392.png,train,450b7dc35da1926a659d453b45fd100faa61262556b123d0c1ef5b6954431267,416,416,2,0,helmet
hard_hat_workers4393.png,train,97b322e1990a4f260351f2ad1d31e24b32608ddd6b80088196ff699bccb90d61,416,415,1,0,helmet
hard_hat_workers4394.png,train,46c461dd043691f5172ad5e1149a94c627b6805f30eeeba3bbe26782db59d0bf,416,416,1,0,helmet
hard_hat_workers4395.png,train,d8be23b17e927d062ebb595019c496ee7b25fd15391e64f244ac75f68e892c21,416,415,13,0,helmet
hard_hat_workers4396.png,train,53718229715846d01630bb5512d4f13db22e116d87241db842059309339b0eb7,416,415,2,0,helmet
hard_hat_workers4397.png,train,7e91118f9918eed3927a3c44eb32353ebb985075eba7e0bc7d76f195439b3a37,416,415,4,0,helmet
hard_hat_workers4398.png,train,dc4937513909bd38c75e66652fe7d3633af30faa69d4a999877ae928e047b460,416,415,5,0,helmet
hard_hat_workers4399.png,train,01621f31e08684c23d303bdcb929199e5c57553ad89fb262ac39f294a64b0225,416,415,3,0,helmet
hard_hat_workers44.png,train,77e0589f8573c840598c1088adc6a733babb132942eede83bd1a32825438568a,416,416,2,0,helmet
hard_hat_workers440.png,train,26d1a2464d818f6f6cc4ff5ad3f858fa7ceb2ae7a93e60fc3d36a5b5c1278f15,416,416,0,6,no_helmet
hard_hat_workers4401.png,train,bb572b3059b40951696e2d36f75fc57451e23df2a1f22561500437d6eb8596b3,416,415,0,4,no_helmet
hard_hat_workers4402.png,train,410849bf561d74809cee3e0311ff46b4d2a140bb2f2571b2412c7c09cdc500c1,416,415,2,0,helmet
hard_hat_workers4405.png,train,b2580db412f1edd8f9a42b35b9d9df1fc34f2c90838dfe9ca0791ae7f4c3ec38,416,415,3,0,helmet
hard_hat_workers4406.png,train,eeec7c402bab78a82df7bfb9b66401f78763576d8cfb06cd49e08733621d2e1b,416,415,2,0,helmet
hard_hat_workers4408.png,train,4fe7cac0cba0f75c8e2abb25aa1151b7242d206fcbdfb01f9978171891d70409,415,415,3,0,helmet
hard_hat_workers4409.png,train,430718b33ecdd4991ba73b21a258a3abc3d1db98be769fdc3d420b54f4fb676f,416,416,4,1,helmet+no_helmet
hard_hat_workers441.png,train,6a083044af52e618edb97cea8247491b3a3b02f9c2ad53e012cef24192baf4b8,416,415,6,0,helmet
hard_hat_workers4410.png,train,b0f0edaa2a9a9e2f49fa632402f5fb3fe44832560863d6218e0bb13db855d673,416,415,4,0,helmet
hard_hat_workers4412.png,train,87f48db0b3768d1cd2243b263152c44987bf8c1f5b098ac386553a2d09d9296e,416,415,8,0,helmet
hard_hat_workers4414.png,train,0ef586c48694e836bbf61ee60da2e28750e3bad132e02330b1c8434e269ec59a,416,416,7,0,helmet
hard_hat_workers4415.png,train,da76de4f3da60c112002fca2fb3ce3a9decadbef3301884afad49be13f8a700e,416,415,1,0,helmet
hard_hat_workers4416.png,train,dc697a10957a67f7d7a8cf8087808cc0897d0e7d77ed896f62dcb502a273bf3f,416,415,3,0,helmet
hard_hat_workers4417.png,train,e3d536b419b6533f8acfd68e2d1e97acf367d4781163cd97cb9085444ed4a1c5,416,416,1,0,helmet
hard_hat_workers4418.png,train,f5e954e5dcfc329a373a690bc4d4d1adb5298073ac50540326c1ddb2fc04bfa1,415,416,1,0,helmet
hard_hat_workers442.png,train,225b2f495fbe059fb87f658fb0d24b8644c3c102e6332a5fdfb77e09b073b16c,416,416,1,0,helmet
hard_hat_workers4420.png,train,f6039f31cef32ef9b993f78e6932187634925ff6f20cbbe63650de3c7901d4f0,416,416,11,0,helmet
hard_hat_workers4421.png,train,469fb0c1e738d9f5df365db5dd48909c5525237a714eac6b0399cf69f51c1b9a,416,416,2,0,helmet
hard_hat_workers4422.png,train,332e5357fcbd5eb8919a71a5f494085ce934ef4b0e18f091c57b9ecc17253438,416,415,0,9,no_helmet
hard_hat_workers4423.png,train,7b100c00f4b1bfc5222f2423255e92f7cfbea32f979e461dfaab5247da117704,416,416,2,0,helmet
hard_hat_workers4425.png,train,38a5b493a3bde272de1a0bee4f09d65a173a84b47a7636665906a76c98533f9e,416,415,1,0,helmet
hard_hat_workers4427.png,train,a438cbfc445413b6caa87d02b5a030bdbfdb75f02524deb539791bb08d885005,416,415,2,0,helmet
hard_hat_workers4428.png,train,f10cae827510fe37611be722ccb45a5e9531bda079b80205d71fc32ad1571803,415,416,2,0,helmet
hard_hat_workers4429.png,train,5c75c3810e8a40948c4dbe17095ffdd17fcee8116e388359fbf4cb5993e276cd,416,416,0,14,no_helmet
hard_hat_workers443.png,train,c7f2a46bad2f6e635dff47f7b1caf05efd04df99223bbb2a02a3eecaafae5bd5,416,415,6,0,helmet
hard_hat_workers4430.png,train,437a52d2eec5492365bdb57e059a40c7cb082f389a24c0238ef236cf01af93b1,416,416,0,18,no_helmet
hard_hat_workers4431.png,train,d70ae68ee63617c12073ae1de433d1c5362aeb94b10157bf69823921234aa067,415,416,8,0,helmet
hard_hat_workers4432.png,train,9446f65682c694c3a5cd6b26ff35011abe05564167890bdcff48cb9c52dc183e,416,415,3,0,helmet
hard_hat_workers4433.png,train,a50eb0019e0239ba4c793dd04a07bd6cb1e3db903f49fcc71df7a5b2c3ef50b7,416,415,5,0,helmet
hard_hat_workers4434.png,train,60b179c9e70951d3d48fae90f7d20b8378466ebd58ddc109162ede5f27bdd1a1,416,416,1,0,helmet
hard_hat_workers4435.png,train,011b77d46a78dd55ce22ab587e77732b1ecbdbb6b70931a1a387d141d840a5da,416,415,8,0,helmet
hard_hat_workers4436.png,train,92e088c0001b78684535db73b62e3a19fe4a7b8a26ffac513489bbbc4d675e0b,416,416,10,0,helmet
hard_hat_workers4438.png,train,8bb57171aa5adb64d6e0ae8fda2792e8dc7c4e4da905f7fc149d361ae66ba06f,416,415,6,0,helmet
hard_hat_workers444.png,train,7111d1b47687132dd240067981b420102de5c119909f044000cf8e97ea16f142,416,416,2,0,helmet
hard_hat_workers4440.png,train,b5354fb3a6883a718e4d70c0c9e5c589f0fb0f258fa551041149f8378a6459f0,416,415,0,15,no_helmet
hard_hat_workers4441.png,train,ff8a443b39ce78a10873dd69337da8a010b5f6bc273be9f9c87c687d6a6225b8,416,415,5,0,helmet
hard_hat_workers4442.png,train,1e4d46fdb76f1d33c011ec0c78e747afb569a01de346d05a553f3b05792cd009,416,415,6,0,helmet
hard_hat_workers4443.png,train,d5b8e7fae2506acd0c0176045dfbc69adb6b6d9353a0db780aba843ab45b5d6b,416,416,6,0,helmet
hard_hat_workers4445.png,train,a6b01de765ca3df7f8ddda91c4b9d2cc81229299ed4c4ca88aaca72d921481b0,416,415,5,0,helmet
hard_hat_workers4446.png,train,d9123026c06ae2da27d14dde52e286975564d59dcca563f904186083019bf176,416,415,4,0,helmet
hard_hat_workers4447.png,train,239e42f7be5761b31e085916b7e78a8ca1966733c283ded1730f8a563d52ee6a,416,415,2,0,helmet
hard_hat_workers4448.png,train,a8d8346f3a7070aa281ec765d76c388eb732b965ead901a4c215524acc129854,416,416,2,0,helmet
hard_hat_workers4449.png,train,37d7858d3d107b2e3e350b5154545f858b2cdc068e103a2d5d5d6d1aad5189c1,416,416,4,0,helmet
hard_hat_workers445.png,train,fa4741d202104a1fe8abbb6cac7ac617290acbd9eed9268c571b800d597ffcfa,416,415,2,0,helmet
hard_hat_workers4451.png,train,259a5abc266a1fd786c8861663873cc9491ff06db72f7a1077affd7e304c2235,416,415,4,0,helmet
hard_hat_workers4452.png,train,be4d48a34eb6092e43b04aeaff9fd82cecfc9de43c9486304965a1bf8187aee5,416,415,2,0,helmet
hard_hat_workers4453.png,train,5a19a637d7b539a790b45b10d383025ffd0c611d26f07a2e3578f1e37d1c37d9,416,415,4,0,helmet
hard_hat_workers4455.png,train,53719e7ea323cd791d41c19e5bd3f19250a58bc7728196ceceee15c9eab96276,416,416,5,0,helmet
hard_hat_workers4457.png,train,2f8ab83be9a929fbc8b84b12cace8ccda487dc8d0ca506f65409f1f90a1a686c,416,416,0,7,no_helmet
hard_hat_workers4458.png,train,43d5c7c4f8be3174f9b0195978559080c4ee4f891f5c488b75539288b6721abe,416,416,0,13,no_helmet
hard_hat_workers4459.png,train,25285cc721ac7db64ee9c37944bf6db1d82c92bb1ffcfeb70faa66d2276792a5,416,416,6,0,helmet
hard_hat_workers446.png,train,9f9a2d7d725e4bbcf0c10f48f7fcc069c7a9d59d1f4f6a819c1b128a5b7a8adb,416,415,5,0,helmet
hard_hat_workers4460.png,train,92283253e4c10c07eb6d21de83aa3a35aac6257d77e1f95c0a31396ed0093d9e,416,416,4,0,helmet
hard_hat_workers4461.png,train,76218ab3970902eae42117e24db93750732a847d43580cf4a02e86f9c587d8a4,416,416,1,0,helmet
hard_hat_workers4462.png,train,127186b724bf13de41322d73bc8b264e71cfc85b54b6c2d5709270003c1e5adc,416,415,3,0,helmet
hard_hat_workers4463.png,train,e826d9b1c5b476c4fe5ac572c47ba994fa7eaf7a05891300ba5a80e144a77b9b,416,416,1,0,helmet
hard_hat_workers4464.png,train,eb46f632bdacec01c70f8af16644fb6ccccb1179d2f49c98d72497367ccccb2c,416,416,5,0,helmet
hard_hat_workers4465.png,train,ee9069c443167c85afa93edb3c9c1290839c1d7cf515dda57f465fc93c558928,416,415,2,0,helmet
hard_hat_workers4467.png,train,ccab167959f4005cec5960d3f67a0094d91ef6c443a2769e10197b240f50e4d8,416,415,2,0,helmet
hard_hat_workers4470.png,train,665e3bd2fc4abddb1440bfc9b1c7ad318e9886fd72ca3305b19ca9b96718cdc6,415,416,4,0,helmet
hard_hat_workers4471.png,train,d0dcf80591f2675d09e112f674838a2e7e939835d334684b5b90e653ae65c776,416,415,3,0,helmet
hard_hat_workers4473.png,train,dac3a387258ab2a864cd0591a25f3297dfa4790ca887e62ff575e9b29c545fcb,416,416,2,0,helmet
hard_hat_workers4475.png,train,65b4ebf2183c6dff32b194144027ce99af128abbbc53d207306f1d5bc08f80f3,416,415,8,2,helmet+no_helmet
hard_hat_workers4477.png,train,5da30348c42d9e4ce4cb21756d4f24ba592adac5d2ceb39226032745ee30433d,416,416,2,0,helmet
hard_hat_workers4478.png,train,9f82447d7beb3f46432b65e68d5a2adc47fbff572804d6e56998d14ee2c94114,416,416,0,8,no_helmet
hard_hat_workers4479.png,train,d70d848d052b0e02d8fd12d3e975513bfd366706f0b0939d28b0a40a0925fddd,416,415,2,0,helmet
hard_hat_workers448.png,train,a0f36c314643942b2d072b3c4b4382196d8da204e0e787019226d50df43ebd80,416,415,7,0,helmet
hard_hat_workers4480.png,train,afae6fbceb7a2302fb5619a9a5a3394307e3f3c7f488c6c92a7859f3f57d0f90,416,415,4,0,helmet
hard_hat_workers4481.png,train,2b4fd9ece563a40fa989a8074e770d71e2822a1f2697cc71d8867f42cb50e7c0,416,416,5,2,helmet+no_helmet
hard_hat_workers4482.png,train,59d9c1fdd2451de3e3fe39588d61cf930b2fdc00f5d938a86d68d35fe2d06d93,416,416,3,0,helmet
hard_hat_workers4483.png,train,212e722b2236ff1fb2c0284af86fe6cd0042dbf92ddf14d2796d30027475622d,416,415,6,0,helmet
hard_hat_workers4484.png,train,bb474b6eb51af2246eeddb4d1d6e7051ccca6b6b37cbb812d487789dd933ee3d,416,415,4,0,helmet
hard_hat_workers4485.png,train,21b94cb9799d026e93033e0e2705b9854b076b3730c78287395bdd007e17af75,416,415,1,0,helmet
hard_hat_workers4487.png,train,7a4e562ab0d4156812d6674b96a34de11201e47d43b24e4145b5c3334c788ef2,416,415,2,0,helmet
hard_hat_workers4489.png,train,6938333fcc839a35db82936b4e1d6fed756a33ec8abad7d605fa1c3b75b58dbf,416,415,4,0,helmet
hard_hat_workers4490.png,train,516273abf0c0872c14ac197982a7a4cd9f870471b5aa158cea370de6b6057727,416,416,10,0,helmet
hard_hat_workers4491.png,train,0d65e295f88353a0038b37b72a324591e956217e54c1cdce67cffdc6ba42b8bb,416,416,2,0,helmet
hard_hat_workers4492.png,train,33dd01be7e7a3b705f21484f5009994d15e9d0f4fb1e54a408fa2dcd24c6c317,416,415,3,0,helmet
hard_hat_workers4493.png,train,1e35338711157ae12644f82b5aab4f2fe8acc2f4de6bed408f729edcfb6443dd,416,415,10,1,helmet+no_helmet
hard_hat_workers4494.png,train,1d97bd59588359c2d00fcfe1cfddc00d665681dbcdf8068e7f68c35882a9b2d3,416,415,10,0,helmet
hard_hat_workers4495.png,train,aa91545c05a0eef547c31fb5747d13b9047b9d256c751695de4271bf4efd8a57,416,415,6,0,helmet
hard_hat_workers4497.png,train,96f84776d5d16f9469e1f546c82cc537efce480f1a87131d0d7cb93a402130e0,416,416,3,0,helmet
hard_hat_workers4498.png,train,a150f215337f13637c395ca7880a282a0a4374a603531b4349d1fef8e1add83d,416,415,2,0,helmet
hard_hat_workers4499.png,train,1e9d2e816fe6073769651c824503ff240de71eed0359c286820c622a0e4e9365,416,416,4,0,helmet
hard_hat_workers45.png,train,f301bb3ca8f697c31de7ad4a7d168d2a10f777fab5b1856419d257d67f2328a5,416,416,6,2,helmet+no_helmet
hard_hat_workers450.png,train,95b94c12103eef143c361ce35a99204c9b23943caef0e09d3e7d3cf1a5eab4a9,416,416,6,0,helmet
hard_hat_workers4500.png,train,77ff00e6a250205af38566c2fdb9b51631b205ba800df3f14f54558538bc96fe,416,416,0,12,no_helmet
hard_hat_workers4502.png,train,c7e94365ac63dec59c847a3d253c59bce9f3613edb29f13c4a18814022cd2900,416,416,3,0,helmet
hard_hat_workers4503.png,train,0eb2a74f5d507ea56e986659a7ee45f1717eb1b607427a1b1f50a9c21986dc02,415,416,1,0,helmet
hard_hat_workers4504.png,train,99ee92789eeeb226ada3737eb2c90bc148d5747c236816850e13ad169aed1283,416,415,1,0,helmet
hard_hat_workers4505.png,train,e190875e22964c0f498981a8d04a9a9d194f02a2cb131314c6944766945d4c5e,416,416,2,0,helmet
hard_hat_workers4506.png,train,b7d2b5ce303cec26f25ebea269b98b60929e25b47f580c9eb55a2f12cd0ddbde,416,416,9,0,helmet
hard_hat_workers4507.png,train,3398d4bbb6052f9f4250a432a68e27d81b2561c2fce5c7eee217e9c17b502b71,416,416,3,0,helmet
hard_hat_workers4508.png,train,21aa7157860b0635fd18f3988b2edec9195a55c51d203c2d440795154655915d,416,416,1,0,helmet
hard_hat_workers4509.png,train,366a9f2adc4735080efdba82b20531bc1b5c8266072ebf477851b0c30d309ea5,416,415,2,0,helmet
hard_hat_workers451.png,train,5657dabef9b442bec5ec80dc9c3c87b4b3d70c52faba0eb8b0a28a71563b89cc,416,415,12,0,helmet
hard_hat_workers4510.png,train,1a5a1d900d7cd6240d72b12f8f94d8cf5840e32addd02562f9e4e1320aba2d29,416,415,11,0,helmet
hard_hat_workers4511.png,train,90c0d87aa20732fc593314467faafd4845f8d43accc2809ba75d268d61ac528a,416,416,4,0,helmet
hard_hat_workers4512.png,train,bad4aa694ea237d23695ad7a4a696e0cbbe82fd71158c37b70814bad42ccf480,416,415,1,0,helmet
hard_hat_workers4513.png,train,4d28df62e03b30b5591417adbae992bed83ab744d52ed3aa46e644915084f445,415,416,2,0,helmet
hard_hat_workers4514.png,train,2f0ccfefd993b924ffe2937d5f36ad9a49b998557477d57174e17ffe47e8833b,416,416,4,0,helmet
hard_hat_workers4515.png,train,db6101d6adc0e6e5bd67aefec712721f63c7502af23bf57ee3a030ae9e4a90b4,416,415,1,0,helmet
hard_hat_workers4517.png,train,daf40e09a6bb369047bef198d05e18a128d42af08b6dc3d9c0a042c1f91510fd,416,416,2,0,helmet
hard_hat_workers4518.png,train,6ad8b5f4d2118437d60db59e0ba22bba12e5156e29d29e64a97ce26d0c18e1bf,416,415,1,0,helmet
hard_hat_workers4519.png,train,bec351bc16b2b7ba653018c62b11224276601a282dd7cb1d83b6e9a55a64b259,416,416,2,0,helmet
hard_hat_workers452.png,train,af4e8c717cfdc567657723f3df4f4c8423d3e1dcce5f541f226aa0f1fce31599,416,415,2,0,helmet
hard_hat_workers4520.png,train,3b217e913b48441089b576f1c1063764e4491b9f0b801323318ac8b643adc0f0,416,416,1,0,helmet
hard_hat_workers4521.png,train,2016f453ad9586b44a61be38f8111c2283418ce77d4fd4f9614d0247f18ba0f9,416,415,7,0,helmet
hard_hat_workers4522.png,train,f3a861026a828fdcee1356a6b9c4b37d15d3091d9d8d64369cde2ed249df15a1,416,415,2,0,helmet
hard_hat_workers4523.png,train,e99f38f34d1bb6cfd461ccc0f8aca86ee1dafabcb194ecaca3521a7aee1e9ad3,416,415,2,9,helmet+no_helmet
hard_hat_workers4524.png,train,bba2c4d7909fa8bb739e683e3c2f84f38ff99d62d9bbfec5d217851140a39e76,415,416,3,0,helmet
hard_hat_workers4525.png,train,818357885f7d428e4261219ed73c6d702955e8f43a619f910fe9b69af4e73697,416,415,2,0,helmet
hard_hat_workers4526.png,train,c05027768d0598fbd02c41b907eb4a30bb2940620be4304506b6ea5214b41139,416,416,2,0,helmet
hard_hat_workers4527.png,train,3a03a5fbb7a1ad7e792cb054ea203a19115c961287f715762b15d23bd5dff7fb,416,415,4,0,helmet
hard_hat_workers4528.png,train,c7456330aeef4860fdf05c6af9f583c9d2dfa6d8c207f9275627582efc4370f8,416,416,7,0,helmet
hard_hat_workers4529.png,train,a7db1c63b598c75579e09f344207982d9846b59ebf85d96e6f34455101dc073b,416,416,1,0,helmet
hard_hat_workers453.png,train,c0b0a87bb62048eab51954da66377d9c6790f9930ec593248aff747c3ada87f7,416,415,6,0,helmet
hard_hat_workers4530.png,train,b9dae542e0af656af004e6f21e1fe30ba90d53e8d03720d0e9603052c2d0b8f0,416,415,7,0,helmet
hard_hat_workers4531.png,train,9521e708a04fdad31dfcf802e03f860fee9135a64551bae3364620474f4fa652,416,416,2,0,helmet
hard_hat_workers4532.png,train,81e65bcf5e1dd17ff6fb7a621a8d8e0bb1f7110662d851708548ad5610b80c5e,416,416,3,0,helmet
hard_hat_workers4533.png,train,3a74966c7f6a580a800ebef090c0dfc22abf1f34689c61a88a75e2a3b5b6b63c,416,415,0,12,no_helmet
hard_hat_workers4534.png,train,0efbced184757216faf65d2c3ce3a1af0eacebe5c0c463a767db407937e6208a,416,415,12,0,helmet
hard_hat_workers4535.png,train,382058518057c3714d48075c565adfd29abaab53125899fa1feb67fe1cc9b906,416,415,1,0,helmet
hard_hat_workers4536.png,train,3434a56ebcf936ab759fa4fbc3d4a45974e3d4e9b080981d953ca73781354ce4,416,415,5,0,helmet
hard_hat_workers4537.png,train,87ecd0fb083c79af45e920214442446663cb631b2b31bf624ebd39ec6c9ec4b2,416,415,4,0,helmet
hard_hat_workers4538.png,train,cf72418d1f1eae93e90c05c6b4fffcb5f2ad3a1b9eae346cba4376c700924c73,416,415,0,9,no_helmet
hard_hat_workers4539.png,train,5d1734036296bc8775d95d4aeb75aa848f1d0c144e1d2854aefb1e62fd306ea6,415,416,2,0,helmet
hard_hat_workers454.png,train,fedaaaf1a7bdd03d7ea1ade0262b3ee4c03e88e89839220961fbdb58de61e585,415,416,3,0,helmet
hard_hat_workers4540.png,train,67099125f0213cc539d3ad702b808c34a9e8f889c534f1888865842d29faa70b,416,416,3,0,helmet
hard_hat_workers4541.png,train,ea0f3f9cf8f9ceced51bba82185cb542d581018e2594e4b6e2f1c7b4485ba249,416,416,2,0,helmet
hard_hat_workers4542.png,train,7093c158ff76cb94db52da93d9bc076f3a89b7f4de992b62761419d005c76afa,416,416,2,0,helmet
hard_hat_workers4543.png,train,d1768c6c9b3d6fd6d1589df31f21568ce67159f67b248218ebb79c4a77bcf017,416,415,2,0,helmet
hard_hat_workers4546.png,train,d5719a14b24415b9b6c9eec71ee09aca7786373fdcc1f77f987a6c0a15c599c8,416,416,5,0,helmet
hard_hat_workers4548.png,train,bb25c19b73a49217ef033936dc1fcc0606e0a79f89eedc84982b23571e34d120,415,416,2,0,helmet
hard_hat_workers4549.png,train,acbd135b28d16470354c43600b8bdc3aa19356a19e919f4888a4800cf3b1f9e8,416,416,2,0,helmet
hard_hat_workers455.png,train,6ef701feec2b2520181f516bb296b6070e4a481057d19fac057d8726d8d219e2,416,415,1,0,helmet
hard_hat_workers4550.png,train,6cd776b61af1246ec1b862d54624b91d424e765248e438aa727fa7ff2622e555,416,416,6,0,helmet
hard_hat_workers4551.png,train,19db8eaf4c366c582d1dd8dbdaf86c59c6dd44ccb0a1518198fbc92c63b46cd8,416,415,0,10,no_helmet
hard_hat_workers4552.png,train,2890433744fbbb59b196bec954a31c32fc547449fa72408be228921a1b23bd52,416,415,2,0,helmet
hard_hat_workers4553.png,train,58fcb3a7720e73ab933136cb484ec9739b4666f5035a510ef22364faab9a3355,416,415,2,0,helmet
hard_hat_workers4554.png,train,6a83d4664544676eb0afdad8e68daddd827bff26efa0f52f70719f6417ada914,416,415,2,0,helmet
hard_hat_workers4555.png,train,66fb6b29dbd8d4fad07e38e2fe0ba623b0d760e7d599168f9c9d5f6947a1b52d,416,415,7,1,helmet+no_helmet
hard_hat_workers4556.png,train,ca2457f0b7d597eb387314a555be593d3a6b01e127dedd70f1ea1051080c41c7,416,416,1,0,helmet
hard_hat_workers4559.png,train,f2b398a44c620363aa888f6b45e67ae248638dec3bdaca2b3a2fc1108610068b,416,415,4,0,helmet
hard_hat_workers456.png,train,d3b16738bd571d98cb55557935674c62049056f6c07a58d6a6b0e0bc23169998,415,416,7,1,helmet+no_helmet
hard_hat_workers4560.png,train,3424095c6cafff22c74145650e00a0ea2ccf1e2f98426c5aee222300daa056b2,416,416,7,6,helmet+no_helmet
hard_hat_workers4562.png,train,fccdfa8ec658ddd677d335d276c51bae7aecb480cf7ab706653f4528485118da,416,415,2,0,helmet
hard_hat_workers4565.png,train,727cee6d74abceb32256a66bcd2612472acdeb03738d1bd99230fcff700b2f45,416,415,20,0,helmet
hard_hat_workers4566.png,train,bd437139825528678d3740799a6a4444a094d1353276d8b1daf64ca473b49306,416,416,4,0,helmet
hard_hat_workers4568.png,train,f62a26c9da18e163ccf5c6df1241a8f0236fd5ec7fe54305ad1b99d5e4847d51,416,416,1,0,helmet
hard_hat_workers4569.png,train,5863087f85c07da433fc2934598c37592a2804f7985e67e2a15260eb93decc88,416,415,3,0,helmet
hard_hat_workers457.png,train,871826b14dc45929964596a70af45820441b22e6ac7e826903efb6840141f3c1,416,416,5,0,helmet
hard_hat_workers4570.png,train,624664ad3d0c27f4657e78b8c7796cda8c6250c0e3952fc96be8c44044b261d6,416,416,0,8,no_helmet
hard_hat_workers4571.png,train,e6c1744470484005e7c987c1f4cdf6a358e46bdc36a7762ba422fa5ff33f70db,416,416,4,0,helmet
hard_hat_workers4572.png,train,ba902e0ec3f792df451a1c8f7e9a731cba078d45865a16d888174e57db44a88f,416,415,1,3,helmet+no_helmet
hard_hat_workers4573.png,train,da257b0d69c7dcdcd5904e1ae78290521f9d5aa93076270d0353d19be62360c6,416,415,6,0,helmet
hard_hat_workers4574.png,train,0969ca99bd0fa8edea31c7914b70ee98a9a600e090b1731c744ffbcf3c99b8ed,416,416,5,0,helmet
hard_hat_workers4575.png,train,c2e25ad4a96fd18bb8557892ee2d48d09f3f8567d94224b2556debb4d24adbd6,416,415,4,0,helmet
hard_hat_workers4577.png,train,289f835a8a8a0194ee86e7c4ec2be13f8aa043c6a63ca7e2129a53537b0929e6,416,416,1,0,helmet
hard_hat_workers4578.png,train,eeb6ab3f2ef842e157ede20e294b7e830303cf1b5bc779de596e6082f7e926d4,416,415,2,0,helmet
hard_hat_workers4579.png,train,7f119d4d7962bde415143f46d921c745b859fe623928b5bfbbcd0a7bf56702c2,416,415,6,2,helmet+no_helmet
hard_hat_workers4580.png,train,20bed6d50fda21d3dbdf896e3dc8780d927632b425909410fbdf71a654c1d7e5,416,415,9,0,helmet
hard_hat_workers4583.png,train,865831bc1a513034403a0a81fbaa4cf78875bef2603b1ada4c92071e3820bfe1,416,416,2,0,helmet
hard_hat_workers4584.png,train,52a3d1531fa4a968f2cbb09c74ee55537f328da7c2d479a2ae36e777745a0ec7,416,416,2,0,helmet
hard_hat_workers4585.png,train,db037b83f15de20450497b262290090d75727ffe67cf409cbf4b8ce667718266,416,415,0,8,no_helmet
hard_hat_workers4587.png,train,a87290778eaf4c73fdef08dd5b0764b423293785f5b7065df7a82508eba70b00,416,416,1,0,helmet
hard_hat_workers4588.png,train,f0436fbf847f1600a0961113ab5742832f243b66244d892e2b853262d010d94d,416,416,8,0,helmet
hard_hat_workers4589.png,train,b051041c7f9842f9302dc94c5fbb59023847b34de6bd79466fcf55ea03ef68bd,416,416,2,0,helmet
hard_hat_workers459.png,train,d6ab9268d07a3d27dd02101d64cf063250e1d97dc308f797ed18bb5ad964148d,416,416,7,9,helmet+no_helmet
hard_hat_workers4590.png,train,497c63f1265c440d148e7071e84b4338d8a1501729017060b606fdddb634a5ef,416,415,0,9,no_helmet
hard_hat_workers4591.png,train,5c67037add72d590248c053b67e6cc353fb5ee3867d59f67072631d19badc4f2,415,416,1,0,helmet
hard_hat_workers4592.png,train,f83d48581951feb0fe402532846ee177a8d59914c03cc1b7873d120a80503bbf,416,416,4,0,helmet
hard_hat_workers4593.png,train,88f347c5ecb89733a91736435922878fbe348329ef4ad47e4dddd9bd075f5e13,416,416,5,1,helmet+no_helmet
hard_hat_workers4594.png,train,1b610f2890bc0bc5004c696ba585c32f03301cc5e8979b907f871ea921f6a67d,416,415,2,0,helmet
hard_hat_workers4595.png,train,06c6fbea66972054e4642eccd87473295df6d0035eddb755664cc7e329f82358,416,415,2,0,helmet
hard_hat_workers4596.png,train,cfaa7d4cd0086f9a79a13db88b514140a09a1618bc0d97d66f71b3c760be33a4,415,416,2,19,helmet+no_helmet
hard_hat_workers4597.png,train,2b9eb40ef36bcd13be8522e628d8f3e3f68885dc38e4c7bd5495772051c8bcc9,416,416,2,0,helmet
hard_hat_workers4598.png,train,13bf5f4c9931a46ab06a95bb220455ebe7f35714948dbc5eb200b28e7dc51098,416,416,0,6,no_helmet
hard_hat_workers4599.png,train,5febdc73f0fc6f9f029b8b8d43b03dc560cb7e93bd21f05ddfb6b3de0550f8f2,416,416,5,0,helmet
hard_hat_workers46.png,train,04d49ba493d26631ca97fed99c0f30b641899f3660c2e254f5acbf29c63d05d7,416,415,2,0,helmet
hard_hat_workers460.png,train,45c48c07144c9e88aa3a3a620194d4d9d353ecc22eb41069cb4da06dab2641c2,416,415,0,6,no_helmet
hard_hat_workers4600.png,train,11c1149daaf440ac1cf61e01cf5589a7802a067f764cdf993116da1b61ceea38,416,416,8,0,helmet
hard_hat_workers4602.png,train,ed14e6a25672c32bc11ce485aeb0b50d9d2ba8461f4dfd365fd6ae1d57fd00b6,415,416,1,0,helmet
hard_hat_workers4603.png,train,83803dcd2975c3b35c9407ee40e859a415ce60973cbd789b7ab11c716eb77b04,416,416,9,0,helmet
hard_hat_workers4604.png,train,e95b7cde2cfb39f0a9e199425684c1bbe34d87c7ace931f1e161c1a92179a836,416,416,4,0,helmet
hard_hat_workers4605.png,train,a92160625a8b11089c1ce6601385a1687df22efe7786868b3cd85b4170193e58,416,415,6,0,helmet
hard_hat_workers4606.png,train,8890fed2c265b8a1c98a22afafc605d1e1287b9fbeb67d997295782418505aa5,416,415,1,0,helmet
hard_hat_workers4607.png,train,b0eb23bc389d2ed7449e420cacacb3aefbb736482ae55a7292acd495f04752de,416,415,4,4,helmet+no_helmet
hard_hat_workers4608.png,train,31448b4e4ec813d47cb58e338cdb9f50f80e77516c49c77c34eef6d6eae8a2fb,416,416,2,2,helmet+no_helmet
hard_hat_workers4609.png,train,fdc3823e0e13a5f457fe787dff0e905326a328884cb72f4063e0a257e4324cb2,416,415,1,0,helmet
hard_hat_workers461.png,train,63a872f0fbaee069ff7cd9e760271b095ef7fb20099078a70226662ef801dfa5,416,416,4,0,helmet
hard_hat_workers4610.png,train,5f6768a320eb7d15cf18884cec52252a46310a168bebe3a7cd91fffbffd375fb,416,415,9,0,helmet
hard_hat_workers4611.png,train,1a46a5678b2de00b2dc437860ad5bf3946a317552b46652c4d82c9470515afaf,416,415,3,0,helmet
hard_hat_workers4612.png,train,9abe09cb40c8faf6b0023cffa8d024d9cebd769d2c56ef28bbb9698851e41a52,416,416,1,1,helmet+no_helmet
hard_hat_workers4613.png,train,0a69488e35d15fe5850006a5a53c045d9ec67a5f178ca5446c48cf914b901c56,416,415,1,0,helmet
hard_hat_workers4614.png,train,c2d6b253890afc631c4879a13ee7f11d05bc2ca9ab9000de7730bd57e6bd94f0,416,415,8,0,helmet
hard_hat_workers4615.png,train,1921959d0e2dcf4dec9d8a8a410baf61c1880df1666e6ec6d66369dda2d3a7a4,416,415,3,0,helmet
hard_hat_workers4617.png,train,79c6fb68a73018f8341ff226a11765f89828bdc77fcd59e8fddb3b4899b5db3e,416,415,0,25,no_helmet
hard_hat_workers4618.png,train,36d9d0f98a8c8e1798ef82ba0fa5fde8d6e0d3c1725622bf338e1cb71736a443,416,415,4,0,helmet
hard_hat_workers4619.png,train,67f05e77a8a99b4434972927c4de6c18ce36e4ef54442f6528a022131a5fd8d9,416,415,7,0,helmet
hard_hat_workers462.png,train,f358f97aaac5c57e78dc38128afe5a9e1a70ce844683018059e0cf27ddadbde5,416,415,3,0,helmet
hard_hat_workers4620.png,train,36d77d8725edffaff0521b6ddc5feef4c2c3cb7969060110cb9453ed9be51351,416,415,3,0,helmet
hard_hat_workers4623.png,train,89cc0475d6fcd03975f6d8e010136a2ef3df3a131cc9e51d252bfbe2c6194ecd,416,416,0,8,no_helmet
hard_hat_workers4625.png,train,c8e61fb74f99e4190353da1008988e18cc3105ae5aba57d9c36d5ace06f28dd1,416,415,0,10,no_helmet
hard_hat_workers4626.png,train,ec25aaeb323e129451201072021f15f2bad22168b2a0cab7c19acdfe7bf12f30,416,416,10,0,helmet
hard_hat_workers4627.png,train,e76c097586531b44b8511dbdb04ffb5e22fb87dc1fee4793a8069e47b5f29534,416,416,3,0,helmet
hard_hat_workers4628.png,train,79c77b32bed30fae58d6a6275314b64e258413d3f2ce4b046ae0979a3d55f446,416,416,1,0,helmet
hard_hat_workers4629.png,train,c73cfb8289a8ede4c3dfff2e9f2484ad004b0fb1a4969ee69a6cb4928e2d2f15,416,415,0,30,no_helmet
hard_hat_workers463.png,train,c502502218aa6e45cb0c8445272819768e5a185f1223a6fb0b4f24c8d648ac23,416,415,3,0,helmet
hard_hat_workers4630.png,train,3b6961ee0e0ca805b5b5b5014e97affe95d5f326cbcadc6049a961441ae22a6a,416,415,4,0,helmet
hard_hat_workers4633.png,train,2191dd9e55da82752814c2a6cfc7bf44dadd3f58e351141fcfa7f23844042f5c,416,416,2,0,helmet
hard_hat_workers4635.png,train,90379022632685bdfe7905b77e3968351f650b6b717a5acca67bb9615ab9097d,415,416,1,0,helmet
hard_hat_workers4636.png,train,b980cd757eccfa8eab3ce2f406142332d3bf51bf17b65e7a6985f6e84752bc6c,416,415,2,0,helmet
hard_hat_workers4637.png,train,35f325bd5fe7a7b3b32476336d4468e24127c2749ef7d4f71d60de331da0ae58,416,415,0,5,no_helmet
hard_hat_workers4638.png,train,9dff56a3a93acedb9e712d195e6b1a8dc678fd4afa9f9cddc6b54e73ce85e764,416,416,2,0,helmet
hard_hat_workers4640.png,train,e999ed3e2a5e05d9d571f7b2806af7a7fc1577d03b595138b1b9cb8b9a0bc65c,416,416,2,0,helmet
hard_hat_workers4641.png,train,e5eacfc6fdb2a013c16ddb24bf7aa63519b099aff530ea9399e04036cbdf5025,416,416,11,3,helmet+no_helmet
hard_hat_workers4642.png,train,712a31a68c556101f4142e04b6260e5ec79cce33e4257d13e5018ff7caea8c11,416,416,1,0,helmet
hard_hat_workers4644.png,train,878b954c9c2843519aaa2ed3149b7bdd69e3575afbd284c6bdf5f2920cc52563,416,416,2,0,helmet
hard_hat_workers4646.png,train,2d269187c8289d53f46d82fe488421fff0d9397bf218679caa5c10e8b1d02c59,416,415,1,8,helmet+no_helmet
hard_hat_workers4647.png,train,4a43a5fa3fe051802f3483ed5a9437330123b05f8c99226b10ba08c3b6368da9,416,415,4,0,helmet
hard_hat_workers4649.png,train,70b15a69ac1b7f699b9c8b4dec54ec61b12551a3fd17c8ef29822b0fe70a7308,416,415,2,0,helmet
hard_hat_workers465.png,train,856a7993b14f984b11d34eeed06e1922aee8749178c56dd8b5dde49209a49f74,416,415,2,0,helmet
hard_hat_workers4651.png,train,7962e2c6c863d58d22726ffb2e14c3b7f22aeeaab4a96399bfa7a1551692d3e9,416,415,0,14,no_helmet
hard_hat_workers4652.png,train,10f7136a5ef7e6448aa64c96b54ed251d20e01e773f6d5009012318f522cb089,416,416,10,0,helmet
hard_hat_workers4653.png,train,d7f2fa99d31f7f66b800492a7d45e173856132ab10a78341fd9db28871af318c,416,415,2,0,helmet
hard_hat_workers4654.png,train,721179b633de5a6d5e2f103536fd5accf1898069f414eb003829ec63a47a59e8,416,415,6,0,helmet
hard_hat_workers4655.png,train,9b779a81e7ec6942219f663d6f9cb3938b5cc74203c247faebe3ea483bb4cc30,416,416,8,0,helmet
hard_hat_workers4656.png,train,b6d1ac5ffc1f54351a7a48bf6d2bdbfda618a04f53d3c30d4e97d671fc6f4a5e,416,415,0,8,no_helmet
hard_hat_workers4657.png,train,dd257f75d07114cdc48da71faf6b57ab141f253d565643a6c30012db5f2cdd06,416,415,6,0,helmet
hard_hat_workers4659.png,train,75941128bc0ff4764bc7232f223e2d9fe8588b58b93d8fb52b93b831a2fccf25,416,415,4,0,helmet
hard_hat_workers466.png,train,274006299f521aebb412080b4edd6272996506768fa3526c13221b94db365f68,416,416,10,0,helmet
hard_hat_workers4660.png,train,0b3d0369e2c099d1f4bfcf306cd9db23629a17e884fbafb8e501c4a878759809,416,415,3,0,helmet
hard_hat_workers4661.png,train,259f451a56e786fa6d73c1f93f28d5c3153a9c8a44f1fdb38d2088190fd88c2d,416,415,3,2,helmet+no_helmet
hard_hat_workers4663.png,train,1dd03eaa058bfb36e28dfbe6df953d78a59ec89cd863491ec04b27fc1183c33a,416,415,2,0,helmet
hard_hat_workers4664.png,train,f9a274c8a70c925ba8629b7dc91c699edd1dedc61f70f8c1fc83338bbcb1bf5d,416,416,6,0,helmet
hard_hat_workers4665.png,train,c162d807a06320f9da740f8f4e875257fb0143b22fd180e4d67e8b948f73ba63,416,416,0,5,no_helmet
hard_hat_workers4666.png,train,c80d42e09d8142a7c694dbbefca76ed2a9ea69506cecfd80a2106161b9fbb25a,416,416,5,0,helmet
hard_hat_workers4667.png,train,197cbe3f03362978e3b0ab965dab27a01457abbc78cde0f8a4ea6f0dd882ffa4,416,416,2,0,helmet
hard_hat_workers4668.png,train,1d948204c52b4a5a17c2a0f157a6d3aa0cefc249f7e8de201a7e4abe1bc2eadd,416,416,6,0,helmet
hard_hat_workers4669.png,train,95cf29d7bb94fa425acfbf13272286474d23cc61b9ac119bbcc4169d08019134,416,416,6,0,helmet
hard_hat_workers467.png,train,02ca8df50fb03891dc79824244f1aabcdcf5c99f1450ef7f8e7b2060472050a0,416,416,18,0,helmet
hard_hat_workers4670.png,train,cfc5946a70f98e3aa32c026e2677f4c7a9e7548a38f51300dc93fd915469759d,416,416,3,0,helmet
hard_hat_workers4671.png,train,290f4732529906663afc99cac08cb0e89b8421af19d09353fe58720026f48504,416,416,2,0,helmet
hard_hat_workers4672.png,train,bb767f50ecfc6b9e43fe63c0305b9abaa3befdc31d2a9b325d69b8bc36b5a7df,416,416,4,0,helmet
hard_hat_workers4673.png,train,40490a9e541a0c7ea1afa634d9f61130845ecf58f6750894cf6877b84c42d792,416,415,4,7,helmet+no_helmet
hard_hat_workers4674.png,train,543c4fe0c8d2e9843bd64d5e27dfc45e281373d7c4fb9fbacc1a16401ffdccf9,416,416,4,0,helmet
hard_hat_workers4675.png,train,25e4d189ea4e8888794ca0f55353873e9e6058598ad31208972437ea1c6c63c2,416,416,2,0,helmet
hard_hat_workers4676.png,train,fdf33ab8061b663165f8ff20e185064afb67ffbd1ac37d69bc80a19b7532ba54,416,416,2,0,helmet
hard_hat_workers4677.png,train,8a872d77d0b89a03a2adeaa4d0fc0bd4e6b7cf5b4f558c361d066e365c60077e,416,416,11,1,helmet+no_helmet
hard_hat_workers468.png,train,c6eb8d28d4128054f1f2284b93c6704f3488551553ea9d309b28c50f759df6a4,416,415,9,0,helmet
hard_hat_workers4680.png,train,284356bfcae7077006b9a3fe452d5a2da5f8d6aed28e020651193ee696678bc9,416,415,2,0,helmet
hard_hat_workers4681.png,train,4804b4de683d9ccf1dbc4e65f8024362e40873466aded787f4da5812d21e8343,415,416,2,0,helmet
hard_hat_workers4682.png,train,ea6884e57f76c51c8b9efead5d6fd6546a262d9ba439e7fc9d8e2c62df33806d,416,416,1,0,helmet
hard_hat_workers4683.png,train,9ad91d0a00c68adf8a3da0544492c9b6abce0975713cb52827acaad159a33a22,416,415,4,0,helmet
hard_hat_workers4684.png,train,a326d65af0740d8114776ed9b476aaa7168065942bc28e0193923ca6c771c20d,416,416,3,0,helmet
hard_hat_workers4685.png,train,68d414aa4b81c2dd3850dcaad684d15ac6dff3a6468edb76756d841acdaadad4,416,415,1,0,helmet
hard_hat_workers4686.png,train,bf12f07183c157fc348484dabecd623822e2328099b395210be2b78d5ab88258,416,416,2,0,helmet
hard_hat_workers4689.png,train,6b98e139e76d0a51d499c3de4863116bbf0d844b795ed571513f8d3349886b36,416,416,1,0,helmet
hard_hat_workers469.png,train,8f456b54abace643ff530b7440402c468d17d98e2aeb62d78d3b2b9e2ba55d44,416,416,0,6,no_helmet
hard_hat_workers4690.png,train,c9afc78ee73466db382baae528b318ea55953f147807f4e911b13ed30788268b,416,415,1,0,helmet
hard_hat_workers4692.png,train,aa6bc55e534480983b5ae6b1377cf99f1e5a8bfd120c0a22109435308ecf8134,416,416,6,0,helmet
hard_hat_workers4693.png,train,f924bdb4154507aa7d088135fb85334d59a74367a1863eb2d2f889c299f4b445,415,416,1,0,helmet
hard_hat_workers4694.png,train,48113dfa9d7fca72f8514f088bb3aedda036622aa7f7a98cc6fced43cd80b01a,416,415,2,0,helmet
hard_hat_workers4695.png,train,addd8a6e890586e8750d80288664830e960fcc3981020c6536c4abc773ef46d6,416,416,2,0,helmet
hard_hat_workers4696.png,train,198d4fffb56689402bac27ac70868afdb9be2d5dce5e7162d645d6372e70d308,416,416,2,8,helmet+no_helmet
hard_hat_workers4697.png,train,6b91afdec85311e7b5f0371e5316aef5cd839e07fad8365ca81c4a862759a048,416,415,2,0,helmet
hard_hat_workers4698.png,train,5d3aeec863c1a99f203d9ed0593be12e6465755f4145edbca919d128966fa493,416,415,4,0,helmet
hard_hat_workers4699.png,train,e50ba8e330a7cabef0ab787bc343b1310f2cfed72cc36fa05a8711a4fdf19d9f,416,416,7,0,helmet
hard_hat_workers47.png,train,2ce2bf65372b1f2b29a21251d86053ac43ff02794e97a7e7015739f61ce50ab0,416,415,2,0,helmet
hard_hat_workers470.png,train,a4d82f940de6333db09da048f063e4d72952fe1f1d929c3604c7eec406fca2c1,416,415,7,0,helmet
hard_hat_workers4700.png,train,6e8b8b416d9940f35c076c5fcb149541894cfb58f220550af28e9f1b333510d6,416,416,2,0,helmet
hard_hat_workers4701.png,train,413e26eb1d506e79e7fabd1f5d29219f4dfb227ed1211f7667a00da1e629a3f3,416,416,5,0,helmet
hard_hat_workers4702.png,train,dcec03a423e7f377135dd8078e2f489c66d0ad19381d888f9951fa66fb54813e,416,415,2,0,helmet
hard_hat_workers4703.png,train,5126905582a88d92f16dabdeb90f1f859661d5b95ef568eeafc13e02f4547f9c,416,416,3,1,helmet+no_helmet
hard_hat_workers4704.png,train,7c8dc483176b8e6523ecb40acca80d37e1150f70bccbc811e6b2620ca15345e2,416,415,3,0,helmet
hard_hat_workers4705.png,train,a92674f7f081e43eaef1da41fbc174025105551721f5fe24dec67ee2d924b58f,416,415,6,0,helmet
hard_hat_workers4706.png,train,3d024dbf22f55a0955b950ad06ea70bb91032d0a253ea2912710ab264af8fede,416,415,3,0,helmet
hard_hat_workers4708.png,train,11bd26e8337008ae5499e99267b41b9dd423929c2c0634ff0e4e4c99f79d62b9,415,416,2,0,helmet
hard_hat_workers4709.png,train,9fb050105923029416d0d79dcde65b86c89884c1e2b2ee385a5c12c8909bba80,416,415,0,4,no_helmet
hard_hat_workers471.png,train,8b0c56311dea4c625ff3f82e1749673dd29da053ec06aea1fb94a73fa9be4c81,416,416,2,0,helmet
hard_hat_workers4711.png,train,7f03495ce7c096bcbd41555ed1aff3ae80c4a08a6c6cb62dd226a940b16e0322,416,416,5,0,helmet
hard_hat_workers4712.png,train,c1a5c725d28d3d2d58955f9fe4bfcf207b19492f787951f58c43470634b18457,416,415,2,0,helmet
hard_hat_workers4713.png,train,eb11132f360b59653771f8b1b7d5db342eec50897785fa3143ae1aea2645ca8b,416,415,2,0,helmet
hard_hat_workers4716.png,train,5194b25ab84e991214f488aeb8857d7b704c34420a9dba9de7a89ef9715554b6,416,415,2,0,helmet
hard_hat_workers4717.png,train,180c5a09c448831b7c2b1f77a8add59763deda713f8e66937b367404ad24e037,416,415,7,0,helmet
hard_hat_workers4718.png,train,8b9e56a3b327dbf448dd41eb81c590809d78f62578333186944487e85019a4fa,416,415,1,0,helmet
hard_hat_workers472.png,train,c070e481c126ec027470816cece20883747bcc46c261c3b90b9e0d21f706c403,416,415,4,0,helmet
hard_hat_workers4721.png,train,9d37c740bbb5fd4ffdfe11f3bda84e441a9c0ab2d104b96a8bf69eb76f33a27f,416,415,9,0,helmet
hard_hat_workers4722.png,train,e78702e29d8475ed360b081ab5dcc78a9980ede84cdf5a4683726a2b0e6e33f1,416,415,4,0,helmet
hard_hat_workers4723.png,train,a55ba71cfaf8bbc4536a5ead22f162d05c8e0788dc22abd3d2efe7304442a638,416,415,4,0,helmet
hard_hat_workers4724.png,train,98f1bc669892c28b4b68de921a0be5b05f54149edd111498274c969741ebb623,415,416,1,0,helmet
hard_hat_workers4725.png,train,66a15b482e52aa1668524023d0dcbbaa09522632817baafd2e234a2bd057f5b5,415,416,2,0,helmet
hard_hat_workers4726.png,train,00cb4b160505de5970371b598c15970142df5713f8bf437a49d5683005fa64e9,416,415,2,0,helmet
hard_hat_workers4727.png,train,308378b2750646e36270f5ca41d0937fa2fb423e1e515cccde8b6e9256e0db6f,416,416,3,0,helmet
hard_hat_workers4728.png,train,7b5335c33f85db3ecc478fdd3607c2afe271d73f9ce2b9cecab6a4a634c8a9bd,416,415,3,0,helmet
hard_hat_workers4729.png,train,7e7236de44847c4053aac28e8e5e71b613c9ec4f51ca8a73ece525b24a1e44d5,416,416,3,0,helmet
hard_hat_workers473.png,train,613830f833b93d2e10fe14d494f1e444f003853ee10d1bc05b06b6c1d2eb4bf9,416,415,4,0,helmet
hard_hat_workers4730.png,train,31f3209d8a2880f9f59157c3d549e2b5f3b34fef9834b982cc91f271b5abfe57,416,415,1,0,helmet
hard_hat_workers4732.png,train,f934d29f2ee65a89b3ba683a19b85f11f08221dc1b072a61e5da6d39d50891af,416,415,14,10,helmet+no_helmet
hard_hat_workers4733.png,train,b79df86050ba11c762805bc30b43cfa56051a3a13e1d73fd7634f0508569b6e0,416,415,7,3,helmet+no_helmet
hard_hat_workers4735.png,train,a3ceb453b0cd0655123205b32362b5015c167c7e1c7a51a10e6b6629522148b1,416,415,3,0,helmet
hard_hat_workers4736.png,train,fe03e2b16ce7798e9d2648c42c7803a7c9e7f6c7ec6cda1d138a4b8b51eeb3b7,416,415,13,0,helmet
hard_hat_workers4737.png,train,f38844956927df5687d12b6daabd68296e8b036542279eb588f83ee3c2a003ab,416,415,8,0,helmet
hard_hat_workers4738.png,train,c6e5f147584793abae2f6a7d1914cd156eb7bd43922c06e817326fee5de8dc58,416,415,1,0,helmet
hard_hat_workers4739.png,train,c178c2f6f56ea51b555c1edf6d47ba49e78c94ab397cb114562c82f0ce339053,416,415,8,0,helmet
hard_hat_workers474.png,train,80602187e9756a9b337918e662acd659fe46aa2da11d21704a8e807b9bd13696,416,415,1,0,helmet
hard_hat_workers4741.png,train,ae4d28d2606cee316b7677c2711f40b250a6e435ffa20667836dbf4e20f9e84d,416,415,2,0,helmet
hard_hat_workers4742.png,train,21eb001b3a0f0f695a4f4f2d463c074c78f547b34c0d7c31aa681a1d919a7205,416,415,2,0,helmet
hard_hat_workers4743.png,train,33a8c3131998916a5a2a2451c1a79fd9f01574701a7e0f27e904ee4c76acf960,416,415,4,0,helmet
hard_hat_workers4744.png,train,1fa14a93e8488d06416174c67f1e3998eeb46c85189d0c9d5c8beff92b7bf265,416,415,3,0,helmet
hard_hat_workers4745.png,train,f961d335c6a7b2edd73461ff9debd38c7adbfe03373875d61e4426528301a160,415,416,1,0,helmet
hard_hat_workers4748.png,train,3ddfd4c6f1c92ff32726056e17add718fb20356b7c5868a0b654b1c204104753,415,416,2,0,helmet
hard_hat_workers4749.png,train,dc50b5935305a370a7ce3c5d51c1a3a73937f8e983b4ff34dbb6301154f991ed,416,415,4,0,helmet
hard_hat_workers475.png,train,1d76da5eeb30912089a1dfd0571a93187b1a1203d970f6ee76b2539441dd315d,416,415,6,0,helmet
hard_hat_workers4750.png,train,6ab65278df03c37f558ee8d4e9458f73d001272dfd6ae558f0b7758f918dfca7,416,415,4,0,helmet
hard_hat_workers4751.png,train,0f40767ff50f9c86f1786396cbd43dc31304b6ff618abdd3f47bee80b4c5da28,416,416,10,0,helmet
hard_hat_workers4752.png,train,69af9fa119cd085edea6a1b08c28c0e3c72ad5951f1eb560a2a0469a415d7862,416,415,3,0,helmet
hard_hat_workers4753.png,train,f13bf187769f61ba3c87a34c27a0e404b3ac2c514409eed74c44f6a9cfff8c05,416,415,0,7,no_helmet
hard_hat_workers4756.png,train,ffcd04727a916a00abb03646860c6a1b2d11acf39ef6c1d1c916f120f322c6aa,416,415,3,6,helmet+no_helmet
hard_hat_workers4757.png,train,a573c4d6f20373fe5bfa7a92858fbdb82125b11eae0f1b20b457cac350fabab2,416,416,1,0,helmet
hard_hat_workers4758.png,train,1c3e32f4681754000e836ae292021f52e73b8d76621888bef40fdd8c54793d06,416,415,5,0,helmet
hard_hat_workers4759.png,train,e148e8818bfcd243c84ed7f2eeffd10cdab21aba44d63eb4438721d573cc77c1,416,415,1,0,helmet
hard_hat_workers476.png,train,2f58f9221803cf29c6f94f163e84230421372dfbc595e8a824cf236829619dde,416,415,4,0,helmet
hard_hat_workers4760.png,train,a913fd22217849091fd087289e0b0e50e7798fdf429eecdf0645158ad8953c3f,416,416,3,0,helmet
hard_hat_workers4762.png,train,31458bfd3e06e803df48a73f58e0dbad64fa7dced5dcca027d426247285f5094,416,415,1,0,helmet
hard_hat_workers4764.png,train,121bbe699b2c389681bafb2333bbcb91bfad1c910413d496f9a350535a0c6a35,416,415,1,0,helmet
hard_hat_workers4765.png,train,9a6d23bd5d05cbfda62787d5661bc7d9f282100a624ae761cdfa0320e1b26ab8,416,416,3,0,helmet
hard_hat_workers4766.png,train,73c1e93089b4ffe6d1aa20b7c25c78138f264290dc57795377aef48d1bea201f,416,416,5,0,helmet
hard_hat_workers4768.png,train,f6495b09c0a21b440925b3685728d14ce98e980190fa74a979e9e8808a6d8600,416,416,9,0,helmet
hard_hat_workers4769.png,train,407fdc1a6490915114c173e5838b0b784e815d25d94f8bef3a86ddf7fe1cdf19,416,416,5,0,helmet
hard_hat_workers477.png,train,261ff9855115a1aeb4c5c3c0aa1f5af3e05429462f53b75b4e81b75d754cba8a,415,416,4,0,helmet
hard_hat_workers4770.png,train,dc4d4bc789c7ae5d2e6d23cecf5355c34c0368d0b4a07e6ed5848ffcff2a5780,416,416,4,2,helmet+no_helmet
hard_hat_workers4771.png,train,ca09bcb6d0420bc75458b1080dda1d6c4613588b0d4e9754da02943a30130f9a,416,416,3,0,helmet
hard_hat_workers4774.png,train,2e18db76e9e0c69f9f7a374b4b5bf9437e468f42cf5229c80fb1d1975cbf54ac,416,415,2,0,helmet
hard_hat_workers4778.png,train,d222de619844fdadbc0be6584a1ee41beee51534eb136403a5458cea3e2987da,416,415,0,27,no_helmet
hard_hat_workers4780.png,train,99664381f79134114d2a15e7213329effc1fbced034e59deb5868ce3d9a02bed,416,415,1,0,helmet
hard_hat_workers4781.png,train,09a4183069fc8c0024cea6af1c8300aed05d089cfb3e5f280acfc8b2bd0dff1b,416,415,5,0,helmet
hard_hat_workers4782.png,train,8ea0111fe3ca9874f7132475db57225b43e77743d8cbf2f4f21d33526d71b5a6,416,415,3,0,helmet
hard_hat_workers4783.png,train,b80b5affefa882df726ec99f8f1e0f76547963ccbbdddb3358a4088a4e0088c5,416,415,1,15,helmet+no_helmet
hard_hat_workers4784.png,train,f8de8b8e353ef7033393b2a1b7a86cbb0e2e4f447ee43a68fdeb9c35fb02c9d0,416,415,2,0,helmet
hard_hat_workers4785.png,train,99846714e2aee4951506d8835ab60c08ac6e52b430430345de23545d5c0f8ad0,416,416,2,0,helmet
hard_hat_workers4788.png,train,dd2555b507f11410a5122e6bfc4a5cad1bd5c445837fd526d0f914205f110fb3,416,416,3,0,helmet
hard_hat_workers4789.png,train,5dc2841a6235846a13f3d25e288a1399de2f95096fb616255c6499e8282a5980,416,415,2,0,helmet
hard_hat_workers479.png,train,2e6f57ad7baf4d4ce73a91db813b1db3d45bcd7417e612c472b9b96609289b7c,416,416,8,2,helmet+no_helmet
hard_hat_workers4790.png,train,57dc6a387f612287ddc6fa4a8a14b4f95618ef0d665b21dfe4fb23b84d0a6cbb,415,416,3,0,helmet
hard_hat_workers4791.png,train,5241614cc4fbdf1d198254f8ddd380e85207ddf2562f11850e4ba0c74c384b8f,416,415,1,0,helmet
hard_hat_workers4792.png,train,31ec7ce6bdfb132f1c0e58b5592a9865c837c47b09364e47b24a85cbbd03afe1,416,415,4,0,helmet
hard_hat_workers4793.png,train,d9066be72cde9b1f3e2c58a4c85cf19ca134d39c0fd75b9dc11ae7911eff2007,416,416,2,11,helmet+no_helmet
hard_hat_workers4794.png,train,8525c2ed2c11e4c74435c5991cd9ba77a68902d385de29910c21de870efbb856,416,416,2,0,helmet
hard_hat_workers4796.png,train,0fd956f542929ccbca766928db51450a101cdd2450896fea04185905e4a69c73,416,415,5,0,helmet
hard_hat_workers4797.png,train,50f7e2d12c1094c8cf07dfd8a1130d172e7a87aed29ca83b8c61b89b00a59433,416,415,0,16,no_helmet
hard_hat_workers4798.png,train,7357f79b1340763b7832980ecb98667988a693c9a69d3487919c59faf4427917,416,415,4,10,helmet+no_helmet
hard_hat_workers4799.png,train,776c51c395dbdb9b57cf97aaabc03d687e7535ed8c86c2e2cefbd17a333f9b94,416,416,2,0,helmet
hard_hat_workers48.png,train,33eba09cf388a3af8e71b026d09f762a4237692e4fc40193dfe2eed38dc9e804,416,416,9,0,helmet
hard_hat_workers4800.png,train,ce3dca2ab0481f0807fd0e108c9ccc5692d9b9027c4a75d0f9f9fd77c35acfc1,416,416,4,0,helmet
hard_hat_workers4802.png,train,2c2e23d6be8f250853784aafe6f6af211ceaf3ca7bf5b738b8179289c68bf2e3,416,415,2,0,helmet
hard_hat_workers4804.png,train,4bd41ea3c0fe34703b7ba2aea4bdfb3d87a020631f7fccdd61ce6a9b6bc9a225,416,416,12,0,helmet
hard_hat_workers4805.png,train,16d033e544bebbae4775c204cf5070ca3d06260a7c1209fedd637013c6e247be,416,415,2,0,helmet
hard_hat_workers4806.png,train,8eba8e4b46801188b2c254f575e7e66d95b2427e7f87bb2a21159bb0061292ee,416,416,4,4,helmet+no_helmet
hard_hat_workers4807.png,train,41a7366552e92ba92725f3944127df41dfc76fd0d4fc9bb7368b87ea5750d6b6,416,415,7,0,helmet
hard_hat_workers4808.png,train,1f94d1f3842150923716415744b653aa4c66af2f1bdb2fd10d35a67006a76672,416,416,4,5,helmet+no_helmet
hard_hat_workers4809.png,train,2f16aac13037fe65e2de5ca1738c4d2216541c354cb9363c5d655562bf6c8d3a,416,415,8,0,helmet
hard_hat_workers481.png,train,051f7315dcb3fa07a9d3bbc5566859e793e5b332406daf83051f43bed6b804b6,416,415,3,7,helmet+no_helmet
hard_hat_workers4810.png,train,6a846a58ff859b159def003bdafa9fac72878fe45a2a1a69e2a60caf708f5413,416,416,1,0,helmet
hard_hat_workers4812.png,train,8cfd6cdcc0a56f64f1748cbb91e17f3d52ab480e7fd07b883c850e635b0b6373,416,415,7,0,helmet
hard_hat_workers4813.png,train,d403efb7426084c0352683f586f8c2df3bf531e05644246dd4368b7be942dad0,416,416,6,2,helmet+no_helmet
hard_hat_workers4815.png,train,2ee433629660815a89a422b4998456422989d1811edbe8739935afa827eae9b8,416,416,2,0,helmet
hard_hat_workers4816.png,train,a18bbadea65bee95cb653d5c0833971d20f58452139f307e045e86a669d3cd36,416,416,2,0,helmet
hard_hat_workers4817.png,train,a95a97f3ae8fbc65719b5dd4d3dc2ad13d1b1834cceebed15590a39c4bc6bd2a,416,416,6,0,helmet
hard_hat_workers4819.png,train,e4bead9a6daf6607d028e8ba1f95d593beb7610a007a2d505b09ee76e4d35b6a,416,415,3,0,helmet
hard_hat_workers482.png,train,3a0fd02e5a0467982a11955d447e938b320b519adb92ddd574b5daebb0915f66,416,415,1,0,helmet
hard_hat_workers4820.png,train,f984b70c06ca456ff48e7c8aa7d58398d8e4e502184467fdcea479018cd25afb,416,415,5,0,helmet
hard_hat_workers4821.png,train,9177aa494b184032a1cba5d3f1e8787d6bc63ae35ded1eb92eba21cc7c1ba78e,416,416,4,0,helmet
hard_hat_workers4822.png,train,4263b90380e2cb18fbeb2f9d37e35a40657da926af1d44126f5d7b7a498f9cc5,416,415,2,6,helmet+no_helmet
hard_hat_workers4824.png,train,61aedc14c5afc726f09e6db14e31b4839222838a97333c0a089ad2a84ff80ada,416,415,3,0,helmet
hard_hat_workers4825.png,train,7f6d3f36ae51e25dc21199f99e4b13991579f7804c58426303412bcc1e46f976,416,416,1,0,helmet
hard_hat_workers4826.png,train,fadfc77c81b44e4d162a13c0b9b0094e15c0abfb38bb8a8f6787fbc0a2f139cf,416,415,8,0,helmet
hard_hat_workers4827.png,train,283d540bf793a801c5f717b3de010ee9dd38f74954da6041bef29d85d39e3b65,416,415,2,0,helmet
hard_hat_workers4828.png,train,487ba275f2c3d598865eeeecda1a42a63925aad638be1d03e1a30a8411f7acd3,416,415,2,0,helmet
hard_hat_workers4829.png,train,d603d543b7c7a75c9eb39ca23966783c4c07bf3ab435f895e856a18a55dfc899,416,415,7,0,helmet
hard_hat_workers483.png,train,7f9d0f1e5e01631ddf18bd75a0523fb07525e4e2936fc3c511d0bbcb4c0b84d4,416,416,1,0,helmet
hard_hat_workers4831.png,train,713e31ac72dfc265126125d2414242b330651489f815ac16fe2e7e393a51b6da,416,416,1,0,helmet
hard_hat_workers4832.png,train,7143b70b8625bc846c215ac0f53793805eb863b82bf6dc370bb14d94831ae865,416,415,5,0,helmet
hard_hat_workers4833.png,train,8d1970d27dcd4810907e772b5bf5cf778a9f644dd30b81fdf0ce6f841ae93352,416,416,3,0,helmet
hard_hat_workers4834.png,train,5da4c99a8f5fdad9870d588efafba916717b14d97e3981682bba0f1ee8c7d919,416,415,3,0,helmet
hard_hat_workers4836.png,train,6390322134ec2b549686671c43d4caf755de988132210dacc64ca58b6d88704a,415,416,3,0,helmet
hard_hat_workers4837.png,train,79b1a18c88952a5abe6b2591de940604fcfd416a24aa5152ddb847050fe3cef8,415,416,1,0,helmet
hard_hat_workers4838.png,train,db1b3328df4ae36f90735dd67892d42f37e15dba9bd497eae31b5ddecdb819a5,416,416,6,1,helmet+no_helmet
hard_hat_workers4839.png,train,09990903c8434aea149196e52fc6abf62469dba231734d0d7d60bae688e3a157,416,415,7,0,helmet
hard_hat_workers484.png,train,81e63bb49c5c04212242c390d40517f635240279e4cf9e8383f977716e267b9c,416,415,2,0,helmet
hard_hat_workers4840.png,train,3c85cf25b335878a33f429baa8b0997cadadf79949880858943cf28920eaccf3,416,416,2,0,helmet
hard_hat_workers4841.png,train,aa0d5c542252de2bb2b4d7b54f8186f5927f802009d1288f8d13440dd1700550,416,415,6,0,helmet
hard_hat_workers4842.png,train,8a3d0b11f6407e0669cce6dee0012632772319bb02d7f4ba21ff039f3416d7d9,416,416,0,9,no_helmet
hard_hat_workers4843.png,train,a2de988340ae039e066398a6100ceb51ab8725841f1b46e7ebfb2a331592e6bf,416,416,2,0,helmet
hard_hat_workers4844.png,train,8bc8effc3c59e3e2c2e9b503992c11f18c6cba2fa90adfa7c1baff4bba0065a7,416,415,2,0,helmet
hard_hat_workers4845.png,train,49528a3e2878e4bab5cad13c1e101ab401554f5d3756ede5e3de04808c40bcc8,415,415,2,0,helmet
hard_hat_workers4846.png,train,aa28433e2b13a18e382916be263e74b821dbead0c3c057257bd2ff5c5d89a2ff,416,415,5,0,helmet
hard_hat_workers4847.png,train,978feb9db98d478baf058a9661fdf55c625b24ea936a5821e72fcecec95609ce,416,416,1,0,helmet
hard_hat_workers4849.png,train,badec34b556fdde818c89ab9682d4373766f09a88d8a6f6ca748f361e02c083e,416,416,0,9,no_helmet
hard_hat_workers485.png,train,84005f33f3c0b2fed132444149152753e34c2258afbf072344d65b18477c0056,415,415,5,0,helmet
hard_hat_workers4850.png,train,abf6789b7bb9440fe0e75fb04f3c3002469f77b380152cd5a3fd79c4c7a35a3f,416,416,3,0,helmet
hard_hat_workers4852.png,train,9eb7dd59ffa664b4693e7301b9d8976c74071e97002f8b652dfc4110d80e5dc1,416,416,2,0,helmet
hard_hat_workers4853.png,train,1d2e55ad637b307c1e354a25228ce273b5694484450af7fe742adf6fa699f36c,416,416,3,0,helmet
hard_hat_workers4854.png,train,2af4dcf20062e587e9b983832563e871527dd619f548cd7b60286372408c00b1,416,415,5,0,helmet
hard_hat_workers4856.png,train,d8b73f67d2b731248e3203f26e64e09c2e64dcd0c743b2f8e87503617d164ce1,416,416,6,0,helmet
hard_hat_workers4857.png,train,99a445c0701994a7156746cb3f0273c81cb80b1a806b2c62417240d7646de886,416,416,3,1,helmet+no_helmet
hard_hat_workers4858.png,train,84a41d044567ef8094c63a4bb2ea9d427d79cbb5951115d1756b460f43400eed,416,416,2,0,helmet
hard_hat_workers4860.png,train,51cea8aa36d04c13aa196618cfc81c9bc98fdf5993fcd718ccd4c7dcd643b01e,416,416,2,0,helmet
hard_hat_workers4863.png,train,34beae61b6c2e0314c0dec14288a3025cb16bb56fb66e63a23b2e8124237432b,416,416,1,0,helmet
hard_hat_workers4864.png,train,1dbd96f2502d78da2e764f8f60173ca83e9d21862f0b5beb8d7b3e995f748400,416,416,0,2,no_helmet
hard_hat_workers4865.png,train,db337807c7c97f69de449e7f39332fafa5596ffe133e0f0fffe078dad6c7cb50,416,415,3,0,helmet
hard_hat_workers4867.png,train,0b452552f46ffaa81e963d6bab55fb32b530e2a03ee68286accaca17276aa67e,416,416,0,4,no_helmet
hard_hat_workers4869.png,train,6bf7c0dda82b636212aaf92ff9db6da984313505e59cf4614adf60e6e962d477,416,415,3,0,helmet
hard_hat_workers487.png,train,4198c92394c6a22ac27af7d37909ea491c118add92f3f997a7eb410fc0a494b8,415,416,3,0,helmet
hard_hat_workers4870.png,train,19b30a8e47d6a02c8a14da765a4593f9143e7cc492d7fffe8fea9d27344edc48,416,416,6,0,helmet
hard_hat_workers4871.png,train,2ef11ec05689f77b0d5188be3f7de7d695deb95f9e687f6959bc9a56abcf2588,416,416,6,0,helmet
hard_hat_workers4872.png,train,ea4b4360ab3558bc5e6f647526da7919342bc1805cfb8a1d78a894f2af56a323,416,416,2,0,helmet
hard_hat_workers4873.png,train,648e40cdb6a822f587c37029810c293cb1f25112bab1b81d735807c329360d4c,416,416,0,10,no_helmet
hard_hat_workers4875.png,train,530ea98643e7497a273c18710b85590936401dd17757b28f166ab459d877063e,416,415,2,0,helmet
hard_hat_workers4876.png,train,5292a269c55caf0f119f782d89c320f6dd1a5279679fa879ba70aa5925fe8fe0,416,415,3,0,helmet
hard_hat_workers4878.png,train,1db7bb448836b07682ae7e27131ed8ec52dbd86659b3c8517c34b0654b0ace54,416,415,7,0,helmet
hard_hat_workers4879.png,train,e98994a30ea7d159a64d671006267666a3357b9b0a6a63510c00f95cb2db68e2,416,416,2,2,helmet+no_helmet
hard_hat_workers4880.png,train,854f8862b56536292f950f59401bc90129fc85ef314bae94839647164f86a35a,416,416,10,0,helmet
hard_hat_workers4881.png,train,fbc77ae824256a09a06273dcdbaf17a5e71308ef20ec72fea6a81b37b820fe3b,415,416,2,0,helmet
hard_hat_workers4882.png,train,8189be35a3193bf7c14c742d389a0f6730fdd8155bac1969dae80c2ce42b1d84,416,415,6,0,helmet
hard_hat_workers4884.png,train,8e224801fd185d78ea8836d081bf6e07a3e87049cf3ed06db9f367162ee333c1,416,415,2,0,helmet
hard_hat_workers4885.png,train,cb995faf90439452079d68f27e51309b088af62cf0966c350a23bdcc0d9f3e2e,415,416,1,0,helmet
hard_hat_workers4886.png,train,ca92acf3cfef4e979f814bf65eb9aaaad11e0417fb21d11b61381d8fa70f2e51,416,415,2,0,helmet
hard_hat_workers4888.png,train,d2c286f0d8c2120a1358646a3d134357ab4e10bf3a4f56683e255642ecf38050,415,416,2,0,helmet
hard_hat_workers4889.png,train,2e4382b6c6abd763417037760828c24667540cb529e15f45d00978429a889317,415,416,1,0,helmet
hard_hat_workers489.png,train,6b299df1e573b59098ec95f052c144042103a8127b415e91dafd3ec24666fb02,416,415,1,7,helmet+no_helmet
hard_hat_workers4890.png,train,f15380f45f88ac85a3cc62c3c0dc304b22330e14df69573ae61933e247fd6119,416,416,8,0,helmet
hard_hat_workers4891.png,train,a45a152b4a8b3aa4b7d764015a39652006580c9e979f2641f42ae00a14575d51,416,415,1,0,helmet
hard_hat_workers4892.png,train,8e5b640b2a093dad7c12d87237a9829593ea561b511e72b1badfbe8e14dcecab,416,416,5,0,helmet
hard_hat_workers4894.png,train,8a48b851ef247c94bb3688a1e09f51830d919526140312bde98e63fb4ac670cd,416,416,4,0,helmet
hard_hat_workers4896.png,train,6b97d6f27e20542b653e8a387719c26f05502ce53755f86a00e76727ab5e71b7,416,415,2,0,helmet
hard_hat_workers4897.png,train,16d7bff106f5df2b10d9c4c77e487d3e5cef6c823450ba5a672a2bbccb98c469,416,416,1,0,helmet
hard_hat_workers4898.png,train,f598b8f3f4df581e20d56048b8f7f6fdb1de818fdcf2895eb52609d53bbfcee3,416,416,4,0,helmet
hard_hat_workers4899.png,train,52bdad9c233d36f3bdfaa99e8cc82373dce1a9b653b2925c3760cfecdb7b7748,416,415,6,0,helmet
hard_hat_workers490.png,train,796ed8221533f511bcc02debc6e5b872b397f506ac0e683529601259ad2ac610,416,416,8,26,helmet+no_helmet
hard_hat_workers4900.png,train,3b5b23124a6050249f922ac42750be1bcc6fb0c9cf1d9a56ca93d246c67fd8b6,416,415,11,0,helmet
hard_hat_workers4903.png,train,23dda900b7a4e3febc26ac2aaa82d617b877b54a2a7dbb91dd98d327bbefdf5c,416,415,4,0,helmet
hard_hat_workers4904.png,train,f713a2f7548dac9ee60ac870d70c3175ac58aeb0b5cdae4837427f8ace26d74d,416,416,10,0,helmet
hard_hat_workers4906.png,train,ff419c6b08b8a3c5f415e0dddcec90585d0947919a573d32d1190b350a62f936,416,416,1,0,helmet
hard_hat_workers4907.png,train,beb14cc09b2b38385c2a18d6dc83f4f9aa2cacf8fa8ebd2ef3048c01f326103e,415,416,3,0,helmet
hard_hat_workers4908.png,train,72cf58006bf3cbda5a91e4df3fb9e468725be54bde2cd13958104244c70fc85b,416,415,3,0,helmet
hard_hat_workers4910.png,train,ce2ad67e507d3e23500a78cae44b5ffb9bf545c7da360147ddac819f6c82b78d,416,415,9,0,helmet
hard_hat_workers4911.png,train,5dee9ee7049275e104efe042f070f6d1b81699f44c5ff48c9be4ed6a8bef34a5,416,415,5,0,helmet
hard_hat_workers4912.png,train,bef90dce9a4f2af81de12fefdeefd178821815930e12d1ff86ddaa4ba34b42ce,415,416,4,0,helmet
hard_hat_workers4913.png,train,0dcc744155186f02c0358ddd7f50537878dc498ca340256c93afafba3f46049d,416,416,7,0,helmet
hard_hat_workers4914.png,train,bf12cb2e4a3904bf6436f31c0a07a6ae1e08fc3d6c6260aa852a7ea07aa2e5d6,416,416,13,0,helmet
hard_hat_workers4915.png,train,73346711aa41f88574a8eea6a3b591ae008b8718e7e808e5143280595ff68793,416,415,8,3,helmet+no_helmet
hard_hat_workers4916.png,train,1b1e74d9081cd03f0e0124c26c1a1f9a0b9b69f1323dc9276683b8ed9547541d,416,416,13,0,helmet
hard_hat_workers4917.png,train,14d333189f6b87f8468a6c6b6b18c2fcb882409a4b8ca72e870501940bb921aa,416,415,3,0,helmet
hard_hat_workers4918.png,train,645661ffeef09495711102ffc369a26cb416341ae1ef630f0ff37593245eebed,416,416,6,1,helmet+no_helmet
hard_hat_workers4919.png,train,4803e18db61e4ca114b4be47fd31cee7f92c911868a012558d4c3722d1d110ad,416,415,4,0,helmet
hard_hat_workers492.png,train,6e81b568f4199224a4e9b68186b157a94d8a45b31289539d8968101d05c027e5,416,415,1,0,helmet
hard_hat_workers4920.png,train,92f1d93815b64c92ab5df1f49a61d85845f25d5e6346e7f5003faf1fc02572e5,416,416,2,0,helmet
hard_hat_workers4922.png,train,19bd143e2599775356a3adef07a886fbf2a1fc5174ac9030db38e2da0c14d6b1,416,415,9,0,helmet
hard_hat_workers4923.png,train,17b43082ec3a86dad2e694e89023d2e734104a2665888908d475197a07b623d1,416,416,4,1,helmet+no_helmet
hard_hat_workers4924.png,train,6c0942f5b15d3d4f4662f8cc552a4b4c24a05618d3d5eb482073f5230a1ecaa8,416,415,10,2,helmet+no_helmet
hard_hat_workers4925.png,train,4fef922ef52fc51e68fbe2bcf5a13fd677e1ce6feab08a2fb672d0f2fa77b233,416,416,1,0,helmet
hard_hat_workers4926.png,train,f81ccc1037586f0101f0fd1227dd7dd536ee382ca287989cce91db2875c4aafa,415,416,11,0,helmet
hard_hat_workers4927.png,train,381f89397906a6c449f437f30eb49a81a373c1a662eb41a4f236e5745c59e4c4,416,416,4,0,helmet
hard_hat_workers4928.png,train,e4cfcf630452701d0b6a2090cbb25d07ad862796c5d8ed474084f1914a9d6364,416,415,8,0,helmet
hard_hat_workers4929.png,train,c77d91698bff07ba7f1dfbeba9f89f157b5b510e56f54e028514b1a2356f2368,416,416,2,0,helmet
hard_hat_workers493.png,train,5e713e0025429f91ea34b6f6a8da8a740cd72968a612ecdca06d3f70bd7a5974,416,415,7,0,helmet
hard_hat_workers4930.png,train,b4c2cc84c462d04b24469e5854096cab18b6a5cf6a049afaf2aea96bc0b8f05a,416,415,1,0,helmet
hard_hat_workers4931.png,train,819cd2b05488f881f7cb424fcd5c35870d40f14f3f01082e0f3829ed5a2add9c,416,416,3,0,helmet
hard_hat_workers4932.png,train,762bef237b9a13516cd3eff59e4ca396e514570d749a469a8066a74a7aef3013,416,415,7,1,helmet+no_helmet
hard_hat_workers4933.png,train,6677d931ee50c48c8820b7d4663de1df3c4c1611254986725b61e9329a5a7d82,416,416,2,0,helmet
hard_hat_workers4934.png,train,f07e38efa1b648a0396d6f9c69968bd5a28f8508954e9dd91bedbeb9590d87af,416,416,6,0,helmet
hard_hat_workers4936.png,train,facec3ef93301e446f186d8ce6506765991c3e1fb87bda4a000f02a7ad91ac8d,416,415,1,0,helmet
hard_hat_workers4937.png,train,0449c1b3ec340c3c030c5aba6bbe814e447328e5484f044f96d46d7042390cea,416,415,0,8,no_helmet
hard_hat_workers4938.png,train,95780fcb5a7f635eedb47b4946fdf8f8b5ec5fff10ab49dc05909ef612c78770,416,416,5,0,helmet
hard_hat_workers4939.png,train,b82b10af70777d8d9cd60c4cfd69c64fa254a5639bb2f7dfc6643122facafc01,416,416,0,2,no_helmet
hard_hat_workers494.png,train,bc7cbc7f76cd5f740332a1e5955a47a8b173467670f9336b29ddd48b14e8075e,416,416,1,0,helmet
hard_hat_workers4940.png,train,7118452d9714c576a00e3d24f08d5bb10e4b35a91bf84a4a8cfac77f98250588,416,416,1,1,helmet+no_helmet
hard_hat_workers4941.png,train,aca5c49d28aaa97208efa61bdd69a1cc6eeb90bc16e7e496b3b50e5c0db5a860,416,416,1,0,helmet
hard_hat_workers4942.png,train,859fcadc6c8a8e93d0e58fca5b374ebd84df7a864a61bf0fb066fb889c4e2992,416,416,13,0,helmet
hard_hat_workers4943.png,train,4de5fa95df0f386e995b1e7edd611b30b86fb29001055e863b3028192da175d8,416,416,2,0,helmet
hard_hat_workers4945.png,train,cf3a6c6271b52fd07ef8d4189fde4af7c420e22738f82287c8c6b6285932f816,415,415,2,0,helmet
hard_hat_workers4946.png,train,04bd9c7458c55dca3dce93868c363f1b46314d891ab88348c5f0993490f60ba0,416,416,2,0,helmet
hard_hat_workers4947.png,train,b6100a8e1d16ba034a108df7af5c7c185842aff912480cb8df8a6f9d82c77c8b,416,415,6,0,helmet
hard_hat_workers4949.png,train,8278d018995c4b24fc4b92eafbe805afb00ab715842911db0e470bf2630de433,416,416,6,0,helmet
hard_hat_workers495.png,train,d0dca87fa16f71da57831111e9de5d1b9ccb02fcb5e88c02d01ccbc58eecf85a,416,416,6,0,helmet
hard_hat_workers4950.png,train,4ddf2e60c3a59e67866db023022a268f80d6b9060a5835e8d4d1396639d25977,416,416,2,0,helmet
hard_hat_workers4951.png,train,35cc883bd2f035910a38a42c053d533ce8b7f5d2c75359e899a30553132fba0f,416,416,0,8,no_helmet
hard_hat_workers4952.png,train,bf63c1970658a38d3fd4fb253313fee212ddbc05fa74950bb2e57dca007a13c8,416,416,1,1,helmet+no_helmet
hard_hat_workers4953.png,train,ef76f775ea229fd25846e653011357a491267242ce70b22e46a0b7e046126ae4,416,415,6,0,helmet
hard_hat_workers4954.png,train,4f4c5fd7f88e39b9561a8b7c6a31c63d1d815a7b092cb43afbde8a1c8c619dde,416,416,2,0,helmet
hard_hat_workers4956.png,train,f7ce3c1197cc64e23d89f968fe2e6ab5ab3914e6105420f0168ba19e0f966c56,416,415,4,0,helmet
hard_hat_workers4958.png,train,29dfdb3ac8a3f3426f5818ee7e4fb1d37d30bd9ca135be1ab915381e80f34d00,416,415,3,0,helmet
hard_hat_workers4959.png,train,5db37f46e339e21c5c032e7be09998a249e7d363ee921b6e9d1ab2efb1f680b6,416,416,18,0,helmet
hard_hat_workers496.png,train,3c9d793d23e4c4816dc20a22059a35c89fb6557a2f1073566a3ab136527eab0a,416,415,7,0,helmet
hard_hat_workers4960.png,train,1b5efd9a478121ea78c44c8cdac334587071bb895aebbc2c91d15a024b09cf99,416,416,1,0,helmet
hard_hat_workers4961.png,train,a8a83a40a6c11b6c5a4eb2d25cd2ee861dd0df73f5b1e5040f162353f278b42f,416,416,0,7,no_helmet
hard_hat_workers4963.png,train,fc0e9e89b621c121bedb8e12f4464ddb4c7f22fc6b6ba434cabd7d6c92ff50eb,416,415,0,8,no_helmet
hard_hat_workers4964.png,train,ccf8207151185f929c3cecffb6156fefb244c3298e154ded30067809c57d824f,416,415,5,0,helmet
hard_hat_workers4965.png,train,be118413674b555550bd55c8e25bb0e95066d89dedc18190b2ced8ef176ab389,416,415,12,0,helmet
hard_hat_workers4966.png,train,9f941516b948d9e83fbdd8e0472dc1c18dfb9082dfa823c45f233367460444a8,416,415,1,0,helmet
hard_hat_workers4968.png,train,f9e298d704964c724e4ebf3005a7c28e656aac9291f3fa3f4dc89a9cfcae612b,416,416,15,0,helmet
hard_hat_workers4969.png,train,3660dcc7b2d1902285740b4c8b1cd5733d677cbcb803ba9fda05486ee193318c,416,416,0,3,no_helmet
hard_hat_workers497.png,train,f189045f595a842d0a5bc31cd10371d9bd3cdb840281df17562dfe63b276eeeb,416,415,0,1,no_helmet
hard_hat_workers4970.png,train,d001423d3d7c8a93c9db40acefffde3bb1925a28d967f853eda8041501745d6f,416,415,5,0,helmet
hard_hat_workers4971.png,train,24ed802af52479d28ffc1ccba56ef67e4af580b972156d3444e92eb7ce79d72a,416,415,5,0,helmet
hard_hat_workers4972.png,train,366b333520ae0659821dea0f5ff6a94d900ae64634d13992c01a2fe6c65f75f4,416,415,7,0,helmet
hard_hat_workers4973.png,train,2e101f63dee87c0cbc8cbf12bc592fa4ffe8bac7dffd02e38e5fe7176557c7d7,416,416,4,0,helmet
hard_hat_workers4974.png,train,0cff2ce6c4a44034dbfdd280fa1ba948f1ef6c26fa5683f1a792c66f29f08bef,416,415,5,0,helmet
hard_hat_workers4975.png,train,175a63ecfa6f9ec5fb24687b63c11f7dd6a6e6a796fb55307fe4917f69dbe6b2,416,415,1,0,helmet
hard_hat_workers4977.png,train,687edb36ac773d58090693a5043a1fc475b0e53a8c8c40997be8ec72b542ca10,416,415,5,0,helmet
hard_hat_workers4978.png,train,7a0364b5e9fdd9395f3c7221fdfe4294624745cc98e70664e4e2ab499c1fca46,416,415,1,0,helmet
hard_hat_workers4979.png,train,23be9be4d16efc26458e4b47a9a1e70d36d808e975dd8bbd3d1d06ca7f9c5541,416,416,2,0,helmet
hard_hat_workers498.png,train,fd843a6cca6b3aa96c60271b55d272c39118c29b90b22f145fe83156f535ccde,416,415,2,0,helmet
hard_hat_workers4980.png,train,b6e135be053fdd064e16383b52905575abce87a302590e50be70847f0de1ce5c,416,415,6,0,helmet
hard_hat_workers4981.png,train,f4c407fd44e0568c94dd2b7d68f44f8cc61a4ed06af73d12a7f04ac59a3689c9,416,416,1,0,helmet
hard_hat_workers4982.png,train,3f59e356b7b96aa0c6849bcd27e1023936b5af499af736e5b1003d97e4fa0d53,415,415,5,0,helmet
hard_hat_workers4983.png,train,99ad625693648cf6b20d17e82b62c9e683beab326e5dbbb847d301244558b1cf,416,415,3,2,helmet+no_helmet
hard_hat_workers4984.png,train,eb856eba82d0676ce7b9001d95d2764c0f537beb6b88edf2a429810a459c15b3,416,415,4,0,helmet
hard_hat_workers4985.png,train,3a767d7845125815a682ab488bb799d0db561902becb20e539f801ccb5a9f8e1,416,415,3,0,helmet
hard_hat_workers4987.png,train,31df008e3f27adbde3770bb34f620bdd04ae89ebc1369947d7eb9b1ba7b13e27,416,415,6,0,helmet
hard_hat_workers4988.png,train,bc19f7d52bad236c89bc838fa292c828ac9103fcbdd057ef28104b0945111bc4,416,416,10,0,helmet
hard_hat_workers4989.png,train,7336ca8fa6c63ae4d555099d570474af82b733c05a1b1d100a09a272e0883e27,416,415,1,0,helmet
hard_hat_workers4990.png,train,d13cc2ce75153f5d2f03e30894bef655bdbd962a5c98d6885fd5ad3b0e2b82a1,416,416,1,0,helmet
hard_hat_workers4991.png,train,dac39fdd1fb8f583e06a760defa7509dc29c861bbe722aa40c3db761e17f0dff,416,416,5,0,helmet
hard_hat_workers4992.png,train,8505bb0914aea4bbc956a1270752a5f5a820b6575c5bf69e0e717803cf0ba5c4,416,415,2,0,helmet
hard_hat_workers4993.png,train,b2a5a2ce66a286f3f7e2ba90b96340ae5d96d15146ce26c4d72eb9f7a1a33763,416,415,2,0,helmet
hard_hat_workers4994.png,train,86fa40f9a8e4e9a113ee227bdaa27926048fc2731e22bcb6ab696a355f29b03c,416,415,4,0,helmet
hard_hat_workers4995.png,train,51ffad8a0af38ce11bbea5604236dc14ac100f1c0bbd553d7f8b011b00a1f407,416,415,1,0,helmet
hard_hat_workers4996.png,train,b57cfeed41c867bfed0b9722381b12ecaa1197fb25776c3e90ff5e70e5a58cfa,416,416,4,0,helmet
hard_hat_workers4997.png,train,cab226dbae984eaa67a894c060c128ed9692d71390b138fa9c5ebc1b77e969b9,416,416,6,0,helmet
hard_hat_workers4998.png,train,ac6869e8a4736fa3a11f62d2d02d878488be40a8ce02460fcdaa24007ab3da74,416,415,2,0,helmet
hard_hat_workers4999.png,train,6b425ff4e313a618acc1c3b59cd928864c339a54cef77a8c67b490f8cab73ea0,416,416,1,0,helmet
hard_hat_workers50.png,train,fbf04151ce3a17cc0bd5449261805be14377ec4157513b172464866a741911d8,416,416,1,0,helmet
hard_hat_workers500.png,train,426df9fe3478e1b1c425e0a0749517f860d291a67edbcbcbbea51a23aed2f7c3,416,416,1,0,helmet
hard_hat_workers501.png,train,f79bbb9172eca32cb384e8a2a8ee971974e721b8115384560644f9a4b805b683,416,415,3,0,helmet
hard_hat_workers502.png,train,2df2d2f815ced34bec5490b37a9902815928aa2122479aa635a2667656399771,416,416,6,0,helmet
hard_hat_workers503.png,train,93c8c1f2816a9ead6cdcb45614ad140902ded66fa9b6471699cee9008b27fa73,416,415,1,0,helmet
hard_hat_workers505.png,train,468146a887aebbb070b7d677cecedbea9d92900a7aed1c0c7aa45b3c420e267b,416,416,10,0,helmet
hard_hat_workers507.png,train,ef9ce45b32fa1c4ac2e17e7533d1d6380b9261b2ca5866baddd898c07b0610f6,416,415,1,0,helmet
hard_hat_workers509.png,train,a56489b66084ad16076eccdcb408d68c266bd70e18572df01933958114abbc7c,416,415,8,0,helmet
hard_hat_workers51.png,train,0327af53b6561b3b3dc0b70da317eb23b697cde0fd915663efd2fb91c2612aac,416,415,4,0,helmet
hard_hat_workers511.png,train,aa90a8486afff0c93836a0a6cd91b79a672406722f3bebfaa8ee947ba5da488f,416,415,3,0,helmet
hard_hat_workers512.png,train,47d4c6af5e7ded859b1519b7ce5c94afe7fe31e8021761f048462fff465c2477,415,416,3,0,helmet
hard_hat_workers513.png,train,7db1032c892f30667375d60fff566cf11b17f56f4e488a45f9b4d49c5e7f961f,416,416,4,0,helmet
hard_hat_workers514.png,train,439c0aac7de3cbfa72d8bc9dd8c49f856dc007333cc17213d5f7537e722fe1cc,416,416,10,10,helmet+no_helmet
hard_hat_workers515.png,train,2065b4dbf5a376b72c0c33fc2883d22652be3db7a2b0f507c282374ed3240704,416,415,1,0,helmet
hard_hat_workers516.png,train,3b46b3d3de74c7dbbb8c507fa08ec4039f67fc49385d13c0942dbf885360fc7a,416,415,2,0,helmet
hard_hat_workers517.png,train,58b029df5aeb643aa18a15bf79441e2ee8d0ac29696cdbaf427eeb5e34c8e37d,416,416,3,0,helmet
hard_hat_workers518.png,train,8bb4c023253bb601dccc356003d4acf6e3aab8c6e03f0231f07fc953a3465795,416,415,3,0,helmet
hard_hat_workers519.png,train,d800cc8bb9e7cb767cee4599a12bf38a952f3fc2e200ceec1e207e7ae7ff250c,416,415,6,0,helmet
hard_hat_workers52.png,train,18b40607139e4df7ef8c03faf1ede561228c4c76b537398f9a40b22e5e63c9a1,416,416,31,0,helmet
hard_hat_workers520.png,train,b6ef459c686090e28616a4c3e7e2746a37665c32efdd7bc6e4403ce746ef10c5,416,415,3,0,helmet
hard_hat_workers521.png,train,35bdfead30d81c5477c8f449c6dd28a91f3da3d53e06c564f5eeead4727e3a50,416,416,4,0,helmet
hard_hat_workers523.png,train,6191c35bf88466c8df929a87ae985f3f64615617979ea887ece23c490b1e9c8f,416,416,4,0,helmet
hard_hat_workers524.png,train,6dd029d776a95853c9cd3f51ae525c998913cecfa3730655ce16c220a7fd51c4,416,415,1,0,helmet
hard_hat_workers525.png,train,de5d0bf20b92d2127617ac79e6ea551554042a2e52629fdb47251ef868fcfee7,416,416,3,0,helmet
hard_hat_workers526.png,train,8d14d00167549b510f68eb1451c80c1362bb757d8121d2046424044da086958b,416,416,4,2,helmet+no_helmet
hard_hat_workers527.png,train,fffcc56e4fecf835517128eebdd1b809c905f4a61a9e50c24d3b21a0a0cdd6a5,415,416,4,1,helmet+no_helmet
hard_hat_workers528.png,train,7ff06e96a507fbb1bd66d6993c943c58f277ebb0bec098429ffedcf00efc20ce,416,415,6,7,helmet+no_helmet
hard_hat_workers529.png,train,a8b9b4b763b7cbe0cec2f63ae57fcf3f25d3c98a99e46e069bfc3e98011213d0,416,415,4,0,helmet
hard_hat_workers53.png,train,30028022e5bf01115f755fd933111b436685e9a571a0b601b5d64a26d30ec89b,416,415,0,8,no_helmet
hard_hat_workers531.png,train,908b61528916956e5680d510e3f24367eba7e8cdaef5652f54ebfea40c573fbe,416,416,4,0,helmet
hard_hat_workers532.png,train,aba896aca961308b6b457d9528a0c07912554f621beb75791fedbd9ab0ec97da,416,416,1,0,helmet
hard_hat_workers533.png,train,868b8730dab06310b35ea26f15d68ec9b91d057d7c3d67b6f56b8e06290e64d4,416,416,2,0,helmet
hard_hat_workers534.png,train,dde1542b2bf17c3a742c78467f3c00c00e391bb8eabf7c32b048b23e5ed102e2,416,416,3,0,helmet
hard_hat_workers535.png,train,776e62abc55320d9a415f62eb53faf2fa96372b38e659eee7bb94c0c9af2bd4f,416,416,1,0,helmet
hard_hat_workers538.png,train,edb3768f5f5e41d0510a2a2591434859479788c776b679958d0b0a007d725baa,416,416,3,0,helmet
hard_hat_workers539.png,train,81a36d279992476e6e19605140682bb85ba272b0815f15bdf3a3e02cb56ed4d8,416,415,2,0,helmet
hard_hat_workers540.png,train,a40b9bf5e4ce1e089c76676642cdd8c93f44d1f8f6894ab8440ac5d66452e995,416,415,4,0,helmet
hard_hat_workers542.png,train,db4b500b51726772e098ed642f7b35ada9b495644eb4ccee62c7f75f0c252d6c,416,416,6,0,helmet
hard_hat_workers543.png,train,262c7f3fbc63e4a7ccc37f8827be7b37dd3a4e03adf28a7a3efc30af77a8104c,416,416,1,0,helmet
hard_hat_workers544.png,train,fe16b9ce4072ec8d00c8a945bcf046de266c35ff2001373659ff78f2d2336baf,416,415,5,5,helmet+no_helmet
hard_hat_workers545.png,train,af02ec249f914b67db2b6ae7bec66085b944cf82a02a5d7ef9b4a85ab49ed001,416,415,12,0,helmet
hard_hat_workers546.png,train,0b4c9e370ab6460ca390f0a2895ab2a4c53d4c13cec4718306d00d0e70b6f3cb,415,416,1,0,helmet
hard_hat_workers547.png,train,15b14f7cb58e8dd6b0c39cd26c33e5f01bcc79606deb6453e7156ae65c68a498,415,416,2,0,helmet
hard_hat_workers548.png,train,dc469fa86cd4574d6745a4bffb9f137be38afcbb8da1b2ee38c9a9f385f2c377,416,415,2,0,helmet
hard_hat_workers550.png,train,02fb03f08c2bb878fa13b032a99da542fa7099d2e4546c5328c09732ec780053,415,415,2,0,helmet
hard_hat_workers551.png,train,bfca4b1f0e1896ceae6bcae09d8b3adaabcc1ea150c520f8cc27f4c22cc9f115,416,416,1,0,helmet
hard_hat_workers552.png,train,369ced69ea42408c893e45b4b2731c568b9c09ce55415b6bd55286cde8513992,416,416,7,1,helmet+no_helmet
hard_hat_workers553.png,train,35ba384d511fb988c64ac4b7d30a843470b460a82a030f344443c664d4eaa445,415,416,5,0,helmet
hard_hat_workers554.png,train,7a267d8590e03519cf1c32bf303be4726ad9dc20a4d2dc281de747114b3b6afb,416,416,1,0,helmet
hard_hat_workers556.png,train,fda9938aeca1f870867ead6ec193de7ed8ed02c2783449a20d664c37565c7c1d,416,415,2,0,helmet
hard_hat_workers557.png,train,519fe9ab2d5da75651c6ab3014e20c692b1d80e7ff261e1484f959e577da88d2,416,415,10,0,helmet
hard_hat_workers559.png,train,e789cb4aa222c4a54a4d624db896c66b71cf3fa21eb36fd499a07d8ab59f690c,416,416,3,0,helmet
hard_hat_workers56.png,train,1ccea7fe20543ba22b5da4d101474b2ffb0596aa460cb29b578d4bae8fcfc0a8,416,416,2,0,helmet
hard_hat_workers560.png,train,26fcf60cae70afda091a8329d20869d9347b1ff4b4c729eff3096dd1a177e6bd,416,415,4,0,helmet
hard_hat_workers561.png,train,1ebb59dc450cceb3b597e9aa7ef5c52c5ba9a194ea030d638ec0eba00b7cb701,416,415,0,9,no_helmet
hard_hat_workers562.png,train,4f665b4a6208f4b8edb27bea1c22efec5be94ac8ef53cfc1df7425f1aa18aa1b,416,416,3,0,helmet
hard_hat_workers563.png,train,43a3703b765d06ec2a373ec04805a6edc8e3d24f3a8f05b05d4743bf0f1b7d5c,416,415,1,0,helmet
hard_hat_workers564.png,train,7ae5cce6c73f7ddf47100d7c212d0aee053d577102dc79cece080c69d3d4c2f7,416,415,0,20,no_helmet
hard_hat_workers565.png,train,374f3881f8afbf2da3503d61313a88cd5a3eda3a54c0c987a0cb786663be2227,416,416,8,4,helmet+no_helmet
hard_hat_workers566.png,train,f0a566f21fa9befdd60f6c4dc33f25a4cfd2ae3be8697ed4e03554bb25edaae3,416,415,2,0,helmet
hard_hat_workers567.png,train,46f5b0efdd5f6782b0df4def3c6411bb8fa4fa09747564d24ef98b72b9fc0180,416,415,2,0,helmet
hard_hat_workers568.png,train,0502ffffb89e5b1795333b056f91b41cfec024c30cd870691206d20a4455d003,415,416,2,0,helmet
hard_hat_workers569.png,train,0383f4252febeaf5a87796e95d4d9258d7fbabe9850300203133430fbf89f2b6,416,415,2,0,helmet
hard_hat_workers57.png,train,73c0e153b7d791b07282ee15038f7e46bb3f58e4db8bfe244e5abf18e3d500d6,416,416,8,0,helmet
hard_hat_workers570.png,train,0451c31b0456891b5bddc4dfb5fee9ff9ba99ba989f6f751cae92a8ea49dab1e,416,416,4,6,helmet+no_helmet
hard_hat_workers571.png,train,31506387098eabe9be5bffd083dc9d9006328cb430e797e3ae9f626fbac6ef94,416,416,5,0,helmet
hard_hat_workers572.png,train,088bb38065e145331fc2df8c38d3416abee1a9ae28330f71f89df06de1ad8daa,416,415,2,0,helmet
hard_hat_workers573.png,train,bcac9260968baaff829b52cb625290bfb2255ddfa55ff540933bce62fb2ae287,416,416,1,0,helmet
hard_hat_workers574.png,train,1df9710ca84862797fb3ef2b2648e736ab7ee3c275ac842c4f5ba31dc4f2ae00,416,415,0,4,no_helmet
hard_hat_workers575.png,train,aeb58491644cc8385f14b2ae26d3ec703bf185135324cb31421d5d417c418b6e,416,416,3,0,helmet
hard_hat_workers577.png,train,e30b58c81aeb31c30b63de118dfc4e858973f86176f280b0e4f3225c85d00d3d,416,416,2,0,helmet
hard_hat_workers578.png,train,6c86f136af961c48c1d7d3c63c286ed59d96b7db49b61b4bed7e7bd577c090a5,416,416,4,0,helmet
hard_hat_workers579.png,train,51daf78d3dad0ed0cffdec6054e6e3399329e4931aab1beb3934b4f66b9cb8c2,416,416,0,7,no_helmet
hard_hat_workers580.png,train,a0a5effc3c6ae3b1df62d1861b43558144a46b490d59a3582295a143b72b29b9,416,416,0,5,no_helmet
hard_hat_workers581.png,train,e0476685f9349500769bf4570c3d2732394ecb390baae4ceb6764348fd16ec3c,416,415,2,0,helmet
hard_hat_workers582.png,train,15cfc286106b7efba8d94bce7c81de500dbf0c405d3839e4efb51889d904e705,416,416,2,0,helmet
hard_hat_workers583.png,train,bbf569d2a518cdcee4552dd9e4d3315188de98b82fb276da1d80f554f9cae143,416,415,5,0,helmet
hard_hat_workers584.png,train,6d6824acc6698e05d7afc3ce0a87ccf69d497aec12a09fada956862544849f35,416,416,6,0,helmet
hard_hat_workers586.png,train,1f88d1f50909321e3f3ef0635bb76775f2ea1ce50bed22c89ea152f4cb94a0be,415,415,1,0,helmet
hard_hat_workers587.png,train,240861121986f940bd8092aa07c75d8284c0a7267e50032221f957bb448c8c77,416,416,7,0,helmet
hard_hat_workers589.png,train,076f9bc73c3462e88d1fc62876a9a0b85132277d74281a5aa15ee236d808a29f,416,415,4,0,helmet
hard_hat_workers59.png,train,39720436ff9f870139ae7fdf8aea7b505fd50abdada547e19cbe629711a5f547,416,415,1,0,helmet
hard_hat_workers591.png,train,6a3568149d6bc505c52c76f5998331d07d2f55f8064eeb65bfe2025f70b764e2,416,416,8,2,helmet+no_helmet
hard_hat_workers592.png,train,d8fa35cf9fc4f7fd6ae135e9a65c7d75dc7a72acae4a09116e1818c9e6e6b2b4,416,416,4,1,helmet+no_helmet
hard_hat_workers593.png,train,9fb28cb12c2e0463cda61089ea097aee533622ce99b1ac20235f2d515016d294,416,416,7,8,helmet+no_helmet
hard_hat_workers594.png,train,cd2756c489a11c0d57ce2b74e58fcbc3ea9bb3c43577dca110e2cc48c8c7c2ec,416,415,3,0,helmet
hard_hat_workers595.png,train,5aa1f88fc8febc886706f60ffbcea4d9529caec29a0f16304add9cfe9a80a847,416,415,10,0,helmet
hard_hat_workers596.png,train,ce5bf508cf6f2b212ce3a9bce9c851c56da65adf594f2040b785df662bb73c91,416,415,9,0,helmet
hard_hat_workers597.png,train,80f177c733273d58eff7cc091efbd376748dc24d520a3bba5dd1ecc264067d58,415,416,8,0,helmet
hard_hat_workers60.png,train,52bc7725c9fa6d1524cab60c18d32994c1c5d8bd1351dbba6280e2ca377387af,416,416,3,0,helmet
hard_hat_workers600.png,train,c827cc0aa69a41bceadaef8fcf6e3b25b1be07cd2cea5b593a2520fef6fd6a71,416,416,1,0,helmet
hard_hat_workers601.png,train,702ced96cdd5ff3c2324153ffa8b89252101a592f0c89da684cdd8992034096c,416,415,4,0,helmet
hard_hat_workers602.png,train,8a9109419b32921278d97c297d2dc34830194ae92b07e69a3e43b787ccaab229,416,416,4,0,helmet
hard_hat_workers603.png,train,74219664f6a6952591f82622fb643cbabab0b044c23ccea568507e474f1f49fa,416,415,4,0,helmet
hard_hat_workers604.png,train,252d10e097a13ea4f0095fa3c047e7d6d939c2472269db751f32d52137ac4e7e,416,416,4,0,helmet
hard_hat_workers605.png,train,c295dd798df8e4c7377153883c0fa9c6da03a8c292ea01b7131dc2aff539b925,416,415,4,0,helmet
hard_hat_workers606.png,train,2e84a5a1ab3c6329398acbbc63e7da0e0c66cd548efda146be08ddfc083eef10,416,415,0,13,no_helmet
hard_hat_workers607.png,train,0316d8f2da3ea744775adb3acf6deaf3bd5937cafe29b70f7e570797104c089d,416,415,4,2,helmet+no_helmet
hard_hat_workers609.png,train,e3f2b68e48791e4e10efde4cebac89cb63a6574ff72bd175f0a06443e34919d7,416,415,4,4,helmet+no_helmet
hard_hat_workers61.png,train,c0cd4b307e9d29b4d1c050c79c970ba529ff3605dffe86f14d8ba0bbfe0db1c1,416,415,8,0,helmet
hard_hat_workers610.png,train,3eff347b7bb0ea65548aed3e0618e592a8a4f0f9ca6e0c17d5605ea990e66f03,416,416,3,0,helmet
hard_hat_workers611.png,train,ee841abce141ee30774ab9f55e0f0cc48b9b16e7b35a245e77c3e4436bdd52f3,415,416,1,0,helmet
hard_hat_workers612.png,train,1960de19f305de1fedc6ba599159ba8fe8b7c437fbd8e5a8721a847bc8e0f62c,416,415,3,0,helmet
hard_hat_workers613.png,train,c51cee29c587c2b1a17d4957b3554a016576c2f06ce6d64998331fa4a2a0ffdf,416,416,0,10,no_helmet
hard_hat_workers614.png,train,bf1e7eade3fe3819128fdc22b274f69ae406583f5c2002d69d7b520feaafe540,415,416,2,0,helmet
hard_hat_workers615.png,train,55dac438a8c72cf31de8616e8e6dddf853650a3828e70848a3cd4157779dae40,416,416,1,0,helmet
hard_hat_workers617.png,train,4caea6abd846ad47bc4453de8b5fa94e88f283eb26581ddefe41e4d0a7098e0c,416,416,12,1,helmet+no_helmet
hard_hat_workers618.png,train,13ce7c2458bea78c98f18a593bf9413927d9bc0f4ccca5c7f6b3478730b72f68,416,416,3,0,helmet
hard_hat_workers62.png,train,b791d13a16935b1cb5cd4dd859c6addae2c8bd6e46df52772079abd9d79810a5,415,416,1,0,helmet
hard_hat_workers620.png,train,d0a02fe26a487363c4fc22d3f5eb3920c1289398917cb9aad415d4b039e12462,416,416,6,0,helmet
hard_hat_workers621.png,train,8210ca0c1c1c436fae2da916b0cfd830ef62b4b4cd18b1582c90476e80b21435,416,415,4,0,helmet
hard_hat_workers622.png,train,c71e3ee490e2507b1aedf08d212da35e876042030e7c202002145fa0f0beecc7,415,416,1,0,helmet
hard_hat_workers623.png,train,5f93de677c71ea90f4fedabb3b53075c8335321faf44afb7c553f472afbf2881,415,416,1,0,helmet
hard_hat_workers624.png,train,4f017e7f0fc24d8f7f6362c98b28ff16b95ed8d00153802b8a3869e1bc4b7da6,416,416,5,4,helmet+no_helmet
hard_hat_workers626.png,train,911529e0bd2f172c628cfd728c3ebf941275ae96a6e5e9c3742750992187c341,415,415,3,0,helmet
hard_hat_workers627.png,train,23f43609e56bba7141dd5b6997d9a6a798ca47de30b211042496a07de2e7a13b,416,415,6,0,helmet
hard_hat_workers628.png,train,6b9ce7db73782000edbcade211c6d1de850690a63eb6a4784329046a926b8e76,416,415,3,0,helmet
hard_hat_workers629.png,train,c9fd6901b8080b7eb544b52c0b5dd41c09a39f99fc9e8bba983cee98aa37bf8c,416,416,3,0,helmet
hard_hat_workers63.png,train,7529b99429fe3cfd8ac88032da05a1503757c86aa53ce15873968d5f26ef787a,416,416,3,0,helmet
hard_hat_workers630.png,train,71b35e89c856f8c2d65e00b7000a5a45f088ccc795b2427ba39f1514bcbb3631,416,416,1,0,helmet
hard_hat_workers631.png,train,00af5ce9de33ebf458ac77358c9f79bb01e39dfc4a950d3e9413b86fe677190f,416,415,4,0,helmet
hard_hat_workers632.png,train,aa5e15eed4f76fee38a20bf7d6bede0fb9306890fa4bbf48fae5b74320b9e9eb,416,416,5,0,helmet
hard_hat_workers633.png,train,53d6a27360877d51315ba534256a5891e1127a51e647c1558457cfc4f1dd564f,416,416,2,6,helmet+no_helmet
hard_hat_workers635.png,train,5d250caee804904706064d2a4060cd2d0d8bd9b104c11f5d7334e4e4d82afc51,416,416,3,0,helmet
hard_hat_workers636.png,train,810f016848eccc845d6bb7f739ab5400243eda510593a05bde3d1464be8e8666,416,415,2,0,helmet
hard_hat_workers637.png,train,b8d30f2dfec708903131c5be5e55a6c98d471a35366a01370d3428747b38dcdc,416,415,5,0,helmet
hard_hat_workers638.png,train,5fdbcd95b33984d7cc56eb4e8a669690c60b34a99a8a4286fa56bf810d1defdd,416,415,2,0,helmet
hard_hat_workers639.png,train,78c1f3cee73be0661863d85bb9c0141609f379b5f168aa9c90287ab41e01dfab,416,415,2,0,helmet
hard_hat_workers64.png,train,ffb093721d87457a208e718e5c27cfc7e9dc9eacab0e17ebeda9b5f63c47ecb4,416,415,2,0,helmet
hard_hat_workers640.png,train,ef13ceaca9c8ef51facdcab4f2df98fa526e4f0db850d740a3e92d519c24c019,416,416,0,9,no_helmet
hard_hat_workers641.png,train,0b6f516b053199ef9891c6b5a06c10247a41d1527c69d6ec4629716116364521,416,416,1,0,helmet
hard_hat_workers642.png,train,510c8203510677b027b8c063de5788d80e162b72bf4d4d63327f295fb2bb3dc6,416,416,2,0,helmet
hard_hat_workers643.png,train,19e44e1b32d9b406731c4cc530f34a4bd3e5f6bc324bcf15d46bae37900c4d32,416,416,1,0,helmet
hard_hat_workers644.png,train,304c1f5ba1b541e9b5bd5f4eb913201ac7cf9b3d000739de3afb9ea1745629e0,416,415,3,0,helmet
hard_hat_workers645.png,train,5fea3ded3c3b3f88d05825f09fb653788b1c03d56484a812791aa68d97dcdf56,416,415,2,0,helmet
hard_hat_workers646.png,train,eadcf0fe74a96722298f4af7fa0613163a2fe9e22d08948a6e26db243aaa9f73,416,415,4,0,helmet
hard_hat_workers647.png,train,4d72599b9c0b01ede723ce7e0a0f086bb58b9ede30a20eb056dd65c4e378c8ab,416,416,1,0,helmet
hard_hat_workers648.png,train,8c3ae53c6e055aa729f960495170013798726bd6d3ab18d7474d05d8bc5fabeb,416,415,4,1,helmet+no_helmet
hard_hat_workers649.png,train,3d7289cd8dcbbb9196e3d943f843565c4d2b3f12660b2a2bf200af1efb5b08e8,416,416,8,0,helmet
hard_hat_workers65.png,train,ff0ba4618096fc1864d5412fed206b44b942d3061f06d5d608e0367525008aa2,416,415,4,0,helmet
hard_hat_workers650.png,train,cde4b761a001a3b3fdc7d186362dad3e34f5c43d163d0bf3de651177af22495c,416,416,9,0,helmet
hard_hat_workers651.png,train,430e26a8730a1038d8ff18519f2b2d594ab0fdb39050015122ce462cb7512555,416,416,2,0,helmet
hard_hat_workers652.png,train,8143d41d10d02d71e90147cfb422de07d6917eed95698ca28bd1c651cde13eff,416,415,2,0,helmet
hard_hat_workers654.png,train,9687093ece7ca994ba0edc666af60e3587545d7d708928afc469f71e28006d0b,416,416,1,0,helmet
hard_hat_workers655.png,train,300b1e975e1321eb8bb022f7f24eeca7c7ce9a6176eb5f0fa1d32f57c6e5495b,416,415,17,0,helmet
hard_hat_workers656.png,train,2ade9a5a9a378d4b7fa37787c24877f3ed9b490c4fd9ee804b643fe25ed84db2,416,415,7,0,helmet
hard_hat_workers657.png,train,9fdfe7caf27652627973b453b6406338d2f3c136382cf2ffb392ad3f4e168fee,416,416,1,0,helmet
hard_hat_workers658.png,train,e9d4b54746e1b8d3e3bf0b872a1d5155f19f316671719d59dcbeceaeecf0b5c0,416,416,0,5,no_helmet
hard_hat_workers659.png,train,6857af3d0b65bf96dfb19e4500d89d964f072672dde7a61c43af3f86a53cdde0,416,415,2,0,helmet
hard_hat_workers660.png,train,c7e3689963b7e1126ea746a9f703a2e317c4bf4555db18d850990e79fdab6ab1,416,415,1,0,helmet
hard_hat_workers661.png,train,603291df762bade0c22f8f79a84d56af720e8aeae179f578770d63952633213d,416,416,9,0,helmet
hard_hat_workers662.png,train,caf75f547976feaea09d7afc68044de90519ff7d1ce5aeac2caa9a878fb32ec1,416,415,4,0,helmet
hard_hat_workers663.png,train,4d203c68991618cd2a1608680804d08275814b872142a2886781a44b8055c657,416,415,4,0,helmet
hard_hat_workers664.png,train,11847f904d16032bd3e12171b3f0783523a9a7908771d77856458e271d069569,416,415,1,0,helmet
hard_hat_workers667.png,train,505c14877d1f45a580a100f00c946172a2dfef3b4e0d618c861e7d45e3712d7b,416,416,3,0,helmet
hard_hat_workers668.png,train,3d241168b2fd05676034bf2d0184a65440a63db522d373667365122677f41ae3,416,415,2,0,helmet
hard_hat_workers67.png,train,c352598b59dfffffb998432bfe2ac5876fa4820cd5ea8161250b6a6f96823405,416,416,1,0,helmet
hard_hat_workers671.png,train,fa374c32abdad472426a84a5feedee345128c98f87477fc3529a2cbd60c76a64,416,416,0,2,no_helmet
hard_hat_workers672.png,train,b4dd9f519543c8a802691fa0a553e188710fbbea3059e22f8a4061c158b3363a,416,416,1,0,helmet
hard_hat_workers673.png,train,232b2cd842cfaa23bef22d83fa772c42c1249d540fc679e4c8b6dbc6d99ab930,416,415,4,0,helmet
hard_hat_workers675.png,train,d0c2caca30e7a82c893fd3d26ddbfe4e45c2165bf9b97214ab1c327426b0773d,416,416,3,0,helmet
hard_hat_workers676.png,train,1d2487c82daafc080a30a9a149ef7460ce176050d19075b9a70663043cd90420,416,415,2,6,helmet+no_helmet
hard_hat_workers677.png,train,df4d815a0a397ae0e722ad2386b88b83da5895c8fc8a98722ccbcd44167bf258,416,416,4,0,helmet
hard_hat_workers678.png,train,1ccfdd49d1eb29d823fcc93307e757fecf8d6d4c251a517a5607dcf911339dd5,416,416,3,0,helmet
hard_hat_workers679.png,train,600fd62abc96d50709e329ca18956e393a8ffcffc660435b7000762c74cd59d1,416,415,1,0,helmet
hard_hat_workers68.png,train,968240a3931a8b9a5288ff289b568b2dc1d1984974e0c25678e90af044662f94,416,416,2,0,helmet
hard_hat_workers680.png,train,30891f491b9d1402f4707361b01569629c6123722e28f4cab175db7cdd491564,416,415,3,0,helmet
hard_hat_workers681.png,train,9b49e645a27fd920c4900c1d5dd00f9167d325d25ab75e5033d3a2e7ebaa052c,416,415,5,0,helmet
hard_hat_workers682.png,train,ce69f5aa51e938982c0a74aced1cf6c8e18d3d4daef89714b5c126a8fd3216c8,416,415,2,0,helmet
hard_hat_workers683.png,train,af72db38b12579d3031864b1e765c8f79b6d360844daa47b397727829646ca37,416,416,2,0,helmet
hard_hat_workers685.png,train,4ec223c35e3992dc43cf11d25db4642864dff592f288139e9b30b17c6524abbe,416,415,0,8,no_helmet
hard_hat_workers686.png,train,3985a90486289c2a47b297b8911c63329ce1b741b2ef34e9c20167a40771ce7e,416,415,5,0,helmet
hard_hat_workers688.png,train,7b02c8fb74dc709efe193117ed3f785173eaf2a211cdd2e281ce6d2731bd642f,416,415,2,0,helmet
hard_hat_workers689.png,train,8c103f3a2e315c82a015aa1a5c785a66762aacb2ab305a8d285c6dc3877bf973,416,416,4,0,helmet
hard_hat_workers69.png,train,4ab75d45fd54927591fa21487b955234b0040ace5244dd3cad619a1f627592a5,416,416,0,12,no_helmet
hard_hat_workers690.png,train,1647b4330026fd1dfc35719ad07c4da83736f08fd3c0fa804e00c4588c3f36e8,416,415,0,14,no_helmet
hard_hat_workers691.png,train,e0e8849753cad2d6eff2f2f802e87ec53436f36c5897843021df180f939d716a,416,415,4,1,helmet+no_helmet
hard_hat_workers692.png,train,94dd0af1c419c98cbbbe4797fd280a3479040efd7b6c3e776ce3a025c538fa64,416,415,12,0,helmet
hard_hat_workers693.png,train,386487c9b53aaaffacb02e1e3845693bdb1e0f7adc3a1b03eb8b6e5ccec582b8,416,415,1,10,helmet+no_helmet
hard_hat_workers694.png,train,ebfb4ea26c1875f31b80d4e4a0ae5e099ec1a4d8fcb2a70127b51f760a5bdd36,416,415,6,0,helmet
hard_hat_workers695.png,train,ead27b6ff8abbbe2614726b411fdaf75c2dc9af9dd2572d0ae6eddc723484b09,416,416,1,0,helmet
hard_hat_workers697.png,train,5bd9a6cf0506e79a3a85717e63b94f8ab8d70012a60b3c4e333af6f681de1bd4,416,415,5,0,helmet
hard_hat_workers698.png,train,93ffbdfb1a9b8390eeb6b879a1bdbee1d279ade4047a85e6b1dd48b5da20e36b,416,415,1,0,helmet
hard_hat_workers699.png,train,b198105e1a9ef7bf77ebb07ebdd8cce36b7fdd651574e073f9dca77ba2f5da08,416,416,3,0,helmet
hard_hat_workers7.png,train,15d7f8f2ac0d27d94adadb5847b289480bcf52f99b9acc48b191047618482456,416,415,3,0,helmet
hard_hat_workers70.png,train,e16cba572e7d8089ccab5b485e014c3f8886ac05962d0cf8f81662eb30be22b4,416,416,0,3,no_helmet
hard_hat_workers700.png,train,2d317889bdb6a56833a3f4bed44d6c8ec0dd49c481937b02ed0a965ffcdc8120,416,415,3,0,helmet
hard_hat_workers701.png,train,7219284edfa1560b45b6b7412ca8241a706b3a594c1201363391f3b3836f69d6,415,416,5,0,helmet
hard_hat_workers702.png,train,baac5838d9cc4cd45885a6eb7a288dab087ab7ff0b7fca7be38d5691d2400e1f,416,415,2,0,helmet
hard_hat_workers703.png,train,a1bf76edd5a62b64115a1ef576d7c848bea81b442ce9e75c1664542aed7e1061,416,415,2,0,helmet
hard_hat_workers704.png,train,8d382ced14a42a0c7e388adaaab84eaa492c4c44314223e10c685061cf3f6444,416,416,1,0,helmet
hard_hat_workers705.png,train,c435539c584ec982f89e8d133d254b05ead9cbe4c845fcacf14d3d935770e04c,416,416,10,0,helmet
hard_hat_workers706.png,train,f3d36bf720d54f86c11901f21996040b2f3bd98d6d8fb10bce9a9ca33c4c3a9e,416,416,8,0,helmet
hard_hat_workers707.png,train,c655bd59684b9d323c2126092e3c08cc1fd84cf5ba9b98b0731d3a30c0fa81d7,416,416,2,0,helmet
hard_hat_workers708.png,train,f3c1f39a54ecebda827839adbb3a5224f4386248029bfa89fe5d61fecc40541c,416,416,2,0,helmet
hard_hat_workers709.png,train,28d2acd0bb9790a17a0d755867c4b802302dbf707d9ae49e3dbd573c2e6d4ec1,416,415,1,0,helmet
hard_hat_workers71.png,train,d168a9e000842c32186f023832dc73d50133de54089146e4098dc6028065f15b,416,416,8,0,helmet
hard_hat_workers710.png,train,3fff7a999b853db8c25715aaea2f2fadc9462c7348bfb554aec44f629455050c,416,415,13,0,helmet
hard_hat_workers711.png,train,a1911d0655d6c73fd625d4aa3913990f311d8f8c3c308135f3e5a86e6b86cf4d,416,415,1,0,helmet
hard_hat_workers715.png,train,59fd008ab6e4df270dfd59ec40ba5c50bd800bd331ce5772602702fc597c00c0,416,416,0,6,no_helmet
hard_hat_workers716.png,train,136845c214a3207089af81c5a5c842b00686618dbe4c2953154cee507b6f4c91,416,415,2,0,helmet
hard_hat_workers717.png,train,96f3d595469744ae85dd09affab424e740a237835bf2fee5a6c521068b87e8aa,416,416,2,0,helmet
hard_hat_workers718.png,train,92bc5805ad262ade3fb91268878c1e81d98b3fdadf0324e76f419a8904ddd10c,416,415,16,0,helmet
hard_hat_workers719.png,train,4fc30924f8ae70a44f571822e4deab07805458fafbf85c02e6264aab160ad2b4,416,416,3,0,helmet
hard_hat_workers720.png,train,f563b6b63eae67d8bfb89593430fdd79855b388cba8a40a09036db8defcacffb,416,415,4,0,helmet
hard_hat_workers721.png,train,06f1c8e067eb6186f96f8b2af64564fd274efd3e60e4d9ac9b3c9a451d0de183,416,416,9,0,helmet
hard_hat_workers722.png,train,1e7e5a3097ef47074e356da4a5ae4a57a12258f224f60e8d7311a19209e47f05,416,415,1,0,helmet
hard_hat_workers723.png,train,2795046c37fa694016e9c1625cde6b6e9fbafb8d8ddd8f74fcd442629e08bcb4,416,415,0,6,no_helmet
hard_hat_workers724.png,train,7080793bde67c0c44da9fa4c8de0b1b5eab88c7d2a36995ab3d449a80e539208,416,415,4,5,helmet+no_helmet
hard_hat_workers726.png,train,ed0dab535351ad8eac99cd9c668336736dc5b26aa4120fc7468548527497f480,415,416,7,0,helmet
hard_hat_workers727.png,train,211d26f2b45bde411aaa41efd67a4889e0c23218c2916eca41e93732c691d198,416,416,11,0,helmet
hard_hat_workers728.png,train,31038d4a0f8c75268da5330d3232fbb0a5018c7979ac60f32c49fc86bfde8fe7,416,415,3,0,helmet
hard_hat_workers729.png,train,70270680a5974171ba6ac7e299b37b0d7e4c69c2e75023c4ebc92e24e094b6ec,416,415,4,0,helmet
hard_hat_workers73.png,train,21c5aa5f8dea188b8fdebf7fe1accc59e843d8d38266df1a28915d78958a409f,416,416,14,0,helmet
hard_hat_workers730.png,train,5951d59a1acf6b966da9395aef7a668769e8047367fc6befbd3cae6efd0fd30f,416,415,7,0,helmet
hard_hat_workers731.png,train,4d7b77a050581ee34b58a444b86f7702e884b1e810d9a24548a3eb843684ba5c,416,415,5,0,helmet
hard_hat_workers733.png,train,a67b68289460038e90691a4f2e6c0dc6a9a3240c78919b7fdd52417203c853cc,416,415,1,0,helmet
hard_hat_workers735.png,train,fdc7b5c0db03914ea5a04f07cd6a0c95405fc14a49470ec7be2ca345a1d726fc,416,416,3,0,helmet
hard_hat_workers736.png,train,d3dfa9b1c1d418c24ee0f1458a430057652212ea0d49ae3ebdb22287f583d853,416,416,3,0,helmet
hard_hat_workers737.png,train,afd56417ea8a24ba46935b911c274222cb7b9f86ea5fbc4637e73706861e0514,416,416,4,0,helmet
hard_hat_workers739.png,train,5bee677a52a329a2fcae82c99f07a5f8de958c7e4c1927f711376844f511ada4,416,416,13,0,helmet
hard_hat_workers74.png,train,2c299d02a7d2cd6cb11df57265359fa2f4a6a15fccb962e0be221509b491be44,416,416,7,2,helmet+no_helmet
hard_hat_workers740.png,train,b1d301d26133abe2b0f1fa0db56c02cc0f9dc276dbe703afe4e7687b6eae8df7,416,415,3,0,helmet
hard_hat_workers741.png,train,071914068f0341a5e9000376d9ba74127b947782afbda333acced77df511f859,416,416,9,0,helmet
hard_hat_workers742.png,train,59ab6ac6fde9f7538bc2e7b29f8f6c92a8a2973a0f476b54cf46ff7bc673bab8,416,415,0,12,no_helmet
hard_hat_workers743.png,train,ff575c9918a3b104963674a47eaa5b9a698d11a8038c8faed989149cbb761c4d,416,415,3,0,helmet
hard_hat_workers744.png,train,6a9ee03fc62652eae35751c2c7032f389e0b1d0822273a4bcad770e07ce1bee5,416,415,1,0,helmet
hard_hat_workers745.png,train,29f31ab051694a088588f3bb6ffc29657a708ebc75ed5151287e775da1b817d5,416,415,0,9,no_helmet
hard_hat_workers746.png,train,939602263c2b7b4dc1060cf5eec40e86cf6f38e82b8ed8ccdcbecdedd0a8a934,416,416,1,0,helmet
hard_hat_workers747.png,train,4c0b6f3ead3cbe745865411704d0131c38ddd40e2085a714c8409ba299ac86dc,416,415,8,0,helmet
hard_hat_workers748.png,train,debb118a76b2f3be315c0da36ccce30b0f58fb65509adfc46e840528210af72e,416,416,2,0,helmet
hard_hat_workers749.png,train,6661059e05c20b8b919992ff81c4a37670e797d3e402f8d061a9a2974c07fb95,416,415,2,0,helmet
hard_hat_workers75.png,train,345bb13228ad1ee1e9a1af7fbd8f313c0c6c5c9b716706a096cbb79f979094d5,416,415,4,1,helmet+no_helmet
hard_hat_workers751.png,train,976f423f92a41bc30f3b42f46c836b0c93d1bc005a9f2f6bf25a54f832dd2b97,416,416,8,0,helmet
hard_hat_workers752.png,train,9237f10daf8616a100ce6af80e224154ed6c89b5146ad15d813b1f108a22167c,415,416,25,0,helmet
hard_hat_workers753.png,train,aa5943c968d6dbfff31b5647bb528ca87132c5ef5ac6e1399b2d7cff5d046901,416,415,3,0,helmet
hard_hat_workers755.png,train,28c18563136918a73429902c96c7ea180afe521646a73bdddc4a4345dc0942bd,415,416,1,0,helmet
hard_hat_workers756.png,train,2dfaa16716da5bb51e77649808a8bda1dcbf438705783ac12cac39d76502c3a2,416,416,2,0,helmet
hard_hat_workers758.png,train,d1c7511be6e2c16867c19caed00f6cd47c482a270aff21bf75fdfa88e1259e85,416,415,8,0,helmet
hard_hat_workers759.png,train,1c36214a449507d10dd45fdb4fd41bfa2f792ba668b5f6f12be2e74ad17ffdae,416,416,5,0,helmet
hard_hat_workers76.png,train,e6a0c68d4f6ed9c7ffe6366bb4e588245a7b0df854292331902ca09ce80136c4,416,415,4,0,helmet
hard_hat_workers760.png,train,0eda93e79fc30449fcea1d58962e8bb7907d95ffa7385ab41e14157d6dcc965a,416,416,4,0,helmet
hard_hat_workers761.png,train,c6d5473ab5ab3040c8e0f0ba8a7014259c476eee7adb8ad34ed71a9c8deaeffa,416,416,1,0,helmet
hard_hat_workers762.png,train,a5cb74717463d02cc4c4ced786ce2d77ff94b97e4b8a986cd5019eb87b8a205a,415,416,5,0,helmet
hard_hat_workers763.png,train,6f0574fdff4e0fdcfe9a611d4170f73650e9e23b9775378eccf2d75ef70833ea,416,416,2,0,helmet
hard_hat_workers764.png,train,20cfecb4ed7d92359821638b5ffa9bd8dccefc8070986b9029fd515badb059a9,416,415,3,0,helmet
hard_hat_workers765.png,train,453a082d90a3d10ea2299c477c7c87aa248e06766126c509c624c5ff95af19e3,416,415,2,0,helmet
hard_hat_workers767.png,train,fe89340b5d7e559649452cc285463107ca4b3a2487a369387b68c05f04a8da08,415,416,1,0,helmet
hard_hat_workers768.png,train,a3e0d464f9c4d2461c5457e1862401ec49839875e67edcc35c83a620fbe1aa56,416,415,5,9,helmet+no_helmet
hard_hat_workers769.png,train,3b059041449ad3923e2e69d3fb3e5ac05c664cfadd0eee7ab9a43c1adb3258fe,416,415,4,0,helmet
hard_hat_workers770.png,train,b3ccadb899e7c3eabcda598231a8a8161d1b48971aa4d10cf8755a6d1d1aef2f,416,416,3,0,helmet
hard_hat_workers771.png,train,2632ecccc22f89d85fa37314f4260a0c1f7488c20aaf5cdec273cedf0636a98c,415,416,1,0,helmet
hard_hat_workers772.png,train,0bde2d5eec2e17d2150192972eddb1df9e5aa42c394c5350429f22048f8e3e61,416,416,11,0,helmet
hard_hat_workers773.png,train,cfd32d6c1d4b6320671e51154b6698d215739240c41cafcd80e8da61232309db,416,415,1,0,helmet
hard_hat_workers774.png,train,09f031936cce6a0e5a6a00f2c2fa00761a12b6c2e2ccf365f8b8399c5fecf6c3,416,415,5,0,helmet
hard_hat_workers775.png,train,db118af1efdf6d366471f05af37376fc7d287948a1db568837274e6a65fed6b1,416,415,15,0,helmet
hard_hat_workers777.png,train,140d12c87aa9a044f5ab07c722b104f9ed80fb3b7b36cada3a7cc766fe335863,416,416,2,0,helmet
hard_hat_workers778.png,train,703ca51c300c05f28817c3c0e1d3c705e83fc6e9dd0141f4cb43129d02684092,416,415,3,0,helmet
hard_hat_workers779.png,train,f089c551398bdf052513b99fb3c0fedf602e775e4601e9cc13304cc1643e6337,416,415,14,0,helmet
hard_hat_workers78.png,train,65d8745271fa792906e674960c91601f101045b816546052ca0791c0159c13a8,416,415,14,0,helmet
hard_hat_workers780.png,train,d81700b8e61d86ff6bb0ccc6d1462fe36ca06cadb01d7d5d856d12cbc23de534,416,416,4,0,helmet
hard_hat_workers781.png,train,b43705b997ac4e02a347ac6cb02e96801c2f9264295fa70980dfd4a7dcdbea52,416,415,1,0,helmet
hard_hat_workers782.png,train,99491017b8d59dd245749698174aa20bd8f6626b07be54cf2d776e4a1a087fbe,416,416,1,0,helmet
hard_hat_workers783.png,train,c4a9126d2d60748325a8fbe917a3f7e7c61b315bf6528f8aa2574c80c6de1175,416,416,1,0,helmet
hard_hat_workers784.png,train,abf1dda024f25894394c499816204fc100d113092cfaade731c1c572ea66fb05,416,416,2,0,helmet
hard_hat_workers785.png,train,d67a922e17e5638b02fd3002772dfda6a59c5198e2c1d492af01d355a3decb55,416,415,5,0,helmet
hard_hat_workers786.png,train,3d48a9e34a3dc622e4f776b3ebd8cf65b40771be016724be196c94905f8b6a43,416,415,5,0,helmet
hard_hat_workers788.png,train,9c1738ff7ea2c0b65bc63ab2e065f404a448e6981656b50f587de7f3f5297b53,416,415,6,0,helmet
hard_hat_workers789.png,train,90e55e75fbfb13b4f2986b27a7e4741a05523f458930139a1a26e852559b631f,416,416,6,0,helmet
hard_hat_workers790.png,train,213df81118e081f720122c14859504d91441ee94ad782614e4404dd0e5d8fe33,416,416,4,4,helmet+no_helmet
hard_hat_workers791.png,train,c23b4f9b04f77d46787df87d0a0312f0f1c5ed6ba7789d0877e7798888e119da,416,416,0,9,no_helmet
hard_hat_workers792.png,train,4fde056bb33deed41c234a588dc70ebe617a602582875026727047366ab1e873,416,416,4,0,helmet
hard_hat_workers793.png,train,89a02baff80fb5d2f5f76b8b31b07bc03c4f365ad7dc3ae4054dd701397dfd3a,415,416,3,0,helmet
hard_hat_workers794.png,train,4c946a5cf3f63d1edfeae15c0e2dcd3e1fa043031d8f32e07d25b96ddebc33b4,416,416,4,0,helmet
hard_hat_workers796.png,train,70663f906739f3d79006209d5b7c94078848b69c0146295f93919fc06fa7fcd3,416,415,4,0,helmet
hard_hat_workers799.png,train,d05d0ccb776b2217710f13de2fcce5f12b5538c7d9415dd339ccc54ca10cad54,416,416,4,0,helmet
hard_hat_workers8.png,train,46d704f9da252d631f7c2050157d9527a5ff7938bc7627ab238bdf77bd514042,416,415,0,7,no_helmet
hard_hat_workers80.png,train,5f89cfdefe4170120363fd5eb04b8cc0bf9ae8779609323b80e33b306b327746,416,415,1,0,helmet
hard_hat_workers801.png,train,d6f9d0f76a54c37686737b6c3d92c5e0f3eba760548258c55f5737fd825a2a41,416,416,8,0,helmet
hard_hat_workers802.png,train,4c091191b9e58501625c5ad08b1df8b3ccea4bd1d88c451af2f8ac60f83543b2,416,416,1,0,helmet
hard_hat_workers803.png,train,de8a1aefbb277d84d97c08ceaa720b52c2e05a9610990a83131980310e0a37d1,416,415,4,0,helmet
hard_hat_workers804.png,train,00fff76aa11a32de8809ddb46e4b7a1db16be5aa0786e3b0086d51fd76129e26,416,416,6,0,helmet
hard_hat_workers805.png,train,da0737123e05a1e7b6d60b3355c116fb2e83d16512d7541f2f91b0bcb69b2524,416,416,4,0,helmet
hard_hat_workers806.png,train,6656b0631c2d74d17ec1a0ac749bb4d898ffba60f15ef6698f2e1623387dba98,415,416,4,1,helmet+no_helmet
hard_hat_workers807.png,train,09b34436968059b4e3b9be831b71fb5310efc4fcc6e389ce216d9b70d7f05f7f,416,415,17,0,helmet
hard_hat_workers808.png,train,bd9acb4ea924353437a99a91ab97104f269ef5f1a9d20e0f127ab190b8556df8,415,416,1,0,helmet
hard_hat_workers81.png,train,b9a21f39e58656820e7ebe2e38f6731a4a42f126a1cfcd93f9fe5cbde3bd8c0b,416,416,7,0,helmet
hard_hat_workers810.png,train,303f9d04f7bab5633b71295d7d2255fec1c6789061be6f9bdb5ec40d186d6551,416,415,1,0,helmet
hard_hat_workers812.png,train,d0fe2ebbf9671117012ba50976bd218ca591c9d1eadffd3da83dc804f2afd9aa,416,415,2,0,helmet
hard_hat_workers813.png,train,b04f62401d355433693be0b31b3d5232bd84b0d2964c9e0d213ebdb3b28a88ef,416,415,2,0,helmet
hard_hat_workers814.png,train,ac16842a5fd9dcdffed384106169bfbe4a9ee70d2c877f25bb973acc5d11dcb6,416,415,0,8,no_helmet
hard_hat_workers818.png,train,650b666fb4d9f6afd3448f2808969f98d1a156e8ff14bcbc3f0070d53b6f5010,416,415,2,0,helmet
hard_hat_workers821.png,train,029d100078ab6dc22a935f76c9fb974abbc6bde1dfcf7caf5db5c3b02a316855,416,416,1,0,helmet
hard_hat_workers822.png,train,df8e0add95344b2f2ab12e9beda5db2f9ffcc8be8a3fead40ca9da341d028789,416,416,7,2,helmet+no_helmet
hard_hat_workers823.png,train,20666019570f9de804461dfdceb1bda74474c3afd0265cc00429ec701e256118,415,416,1,0,helmet
hard_hat_workers826.png,train,3d771046e6ad4235ae21e764d185f8e9c4454c55cbc85006ef99793ee2090b3c,416,415,2,0,helmet
hard_hat_workers828.png,train,8c7bc73f032fd4bc14374f493276b664b4765143dc24a131d17177914b77b4fe,416,415,2,0,helmet
hard_hat_workers829.png,train,92cf66082190cbf3af35bc7cd6ed9223b0a0d761892478a570de27272cec0280,416,416,4,0,helmet
hard_hat_workers83.png,train,f2f484686941399a1b69ab517a94b576027197f6c7368247fb257fe8fbda48be,416,416,1,0,helmet
hard_hat_workers830.png,train,7fbe018a7f2eb8409f1acd3bb12754c4b38a02a60e970b874fd5b8093a521fd4,416,416,6,4,helmet+no_helmet
hard_hat_workers831.png,train,149e90a8c46810a0bc969b3fa940c9a2799298fcfbd93062fc948d0bb49f7dde,416,415,14,0,helmet
hard_hat_workers832.png,train,d3f5815a105113c291b8d61464d12e549db41289dfcac00ad3f9ec392ee7d961,416,416,6,0,helmet
hard_hat_workers833.png,train,9d78b8b6894a0467a3a310b23dee5e894bd8ea722cec25d9b4f96767d0875cd4,415,416,3,0,helmet
hard_hat_workers834.png,train,b753b02446b3854e5685684982212190bc3549f6d07f8946e8cb8864d72c324c,416,416,5,0,helmet
hard_hat_workers835.png,train,e7839177d0051019b8b1d547a9d1235aacccf1a7db79096fdf7ade613db64578,416,415,4,0,helmet
hard_hat_workers837.png,train,43ef2c3512c5712a9100a88b514bd3d4e02dcba241e6faab4b272a5a99317fa3,416,416,2,0,helmet
hard_hat_workers838.png,train,0c35ffb8242230c7a3c96ce9204b94e489586e881abb9b03a3b8f6362698efd3,416,416,1,0,helmet
hard_hat_workers839.png,train,8adb10bd10b9c2b4df55ec7f7bbc12259b304b968527cf9ee8268cc79e129ca7,416,416,13,0,helmet
hard_hat_workers84.png,train,1d902a6a770659800141ed189728b4a739ece83f070d87b7fd6b151a2d3d0114,416,416,15,0,helmet
hard_hat_workers840.png,train,a21098a1732f72c3304f734e8ef6226012476a0be2e1e9d12b244512175f091a,416,415,4,0,helmet
hard_hat_workers843.png,train,f96e82763f5dc2910369f56502d2a97de12a33a42a6c326caf0e7019e70bb985,416,416,1,1,helmet+no_helmet
hard_hat_workers846.png,train,46d26588fda4c8a692ad9f604c68e6b0a5aaf6209f866cdab718f9c24f0fd41f,416,416,0,1,no_helmet
hard_hat_workers847.png,train,72fb32cf73ec67b4fc505c1371831ce957a95a6e16aa9f5112661b20f48e4402,416,416,2,0,helmet
hard_hat_workers848.png,train,5a4e50c3582e30cafb2a5ea653dcf7300ce0acdd43f822f11821aca48930d383,415,416,1,0,helmet
hard_hat_workers849.png,train,a94a5e04deb43c77b43de36d58328d3965377b132219d6fdc2b76d3fadd3e9cd,416,416,20,0,helmet
hard_hat_workers85.png,train,e938e82f119e3e2dd5ff65c8559b6b7bed5568a62aa348966acc0999dc8e41c2,416,415,8,0,helmet
hard_hat_workers850.png,train,11ddfd43087743670b540ffc9529e9900367d9284b1c2bc76aa2d5419a2a46da,416,416,1,0,helmet
hard_hat_workers852.png,train,a9ee02427a4ecda1673a5d3c4f23d5204aecc08f5b350be64a557704ecada06d,416,416,2,0,helmet
hard_hat_workers853.png,train,139244a300e592bd914a507d5888cdc1562cfc19337a07cc7c48c65f3a49346c,416,415,2,0,helmet
hard_hat_workers854.png,train,fc1c362a828d6b3316860dfd9bf63267474b283704f1aa3e13968b4ee8e51461,416,416,4,0,helmet
hard_hat_workers855.png,train,8401fa773ad9f74034a418295c75d7f0dd26f72b79fb080e4dadf777395af5a3,415,416,1,1,helmet+no_helmet
hard_hat_workers856.png,train,e05a4c9ceea89b81d9ee0ca551a6f74cf50ced61ca0fc9bfce596c78f59e614c,415,416,2,0,helmet
hard_hat_workers857.png,train,9c860c40af477171ef463b4998ee31c482ce18c40729c896e3c8bfbee6c65392,416,416,33,7,helmet+no_helmet
hard_hat_workers858.png,train,038958b4c46a675582ce00247f0e93160a392d0a6412e5aa3b3e5c632f1940c1,416,416,4,2,helmet+no_helmet
hard_hat_workers859.png,train,57862c1a8741d8ea58c3417ceb64b5fe8dcf3532db98a65c590549a6a27301d6,416,415,2,0,helmet
hard_hat_workers86.png,train,cca86e7da806b7a977dbf4ea67a81b8e99056fc4db2c5d65c8a949f64b7dab00,415,416,5,0,helmet
hard_hat_workers860.png,train,0ed26271305c16662933eb2127dd9224d83d8e136ece58fb9a6b37292b0c5422,416,415,1,4,helmet+no_helmet
hard_hat_workers862.png,train,f93a26ac006bcf50a4c0f8668f1d666e3dce836a299ce51e66cb0f8b9cf4808e,415,416,2,0,helmet
hard_hat_workers863.png,train,d07f0193feb0469f622d50d40fc53eaf65579684e3e5426c9b2d7ff026d87265,416,416,3,6,helmet+no_helmet
hard_hat_workers864.png,train,3eff01ca3226e095a508c8414f6e8a145ddd0105498f9008f2795b54963733f5,416,415,4,0,helmet
hard_hat_workers865.png,train,9a176bfa80ac801aeaee4721fa73a1dcfbe215aa99abaa20bcf42950c08122a1,416,415,2,0,helmet
hard_hat_workers867.png,train,697a92c291212a3f744a3e4c596276df0fd5b7ddd26d80f62244e8472fdd6b5d,416,415,4,0,helmet
hard_hat_workers869.png,train,e4b4a821adc1866facbd3db37eae6ba3643db600b02319da12a0c11bb7d1d944,416,416,4,0,helmet
hard_hat_workers87.png,train,d6cfb90b9e7a4ed934cbd401f3a81ed8ed64c6cd92135e5b6ead29c1bd28f8ef,416,416,3,0,helmet
hard_hat_workers870.png,train,8db9812088ce88d0a165fc592f2e103d238341612539a6a6d7fe23ae6642a3c9,416,416,2,0,helmet
hard_hat_workers873.png,train,1049ad3bc5f10db4a212669f305bc544079a8b0bd0dd853936d75b45d10d77f8,416,415,2,0,helmet
hard_hat_workers874.png,train,b47bb89933f9746b0516f650d8497c5d754c74d6fa4747b79c141b215259d581,416,416,2,0,helmet
hard_hat_workers875.png,train,2a365438a5257028cd301d45b9fd97b00b6b80aea22107b242ef45355e39fca6,416,415,4,0,helmet
hard_hat_workers876.png,train,e7320d2541dacfa0aecd9758dea9a8039551a538d0f92bd34b2c831fb1ce2cdb,416,416,3,0,helmet
hard_hat_workers877.png,train,dab16e8c1049051ad576219ce816e24bc3d48b999bef55f1c580a6bd6da1e314,416,415,8,2,helmet+no_helmet
hard_hat_workers878.png,train,2b0a007208c9177ee5f87fb3a81417ddf5bac2cc036874dc3b2bd5ec8ee51ec1,415,416,3,0,helmet
hard_hat_workers879.png,train,8f82f3d254a49a03a6f5d6210361ceff0a093ba8fd733fd8637f9c4e105a8b71,416,415,13,2,helmet+no_helmet
hard_hat_workers88.png,train,226501189c905cd73ef1b58093871a07747feaeacdd78b576a49b846d7389956,416,416,2,0,helmet
hard_hat_workers880.png,train,27ca26eb595391420657ab613a51400ac3131c68819f3408c09747c519fcf47c,416,415,4,0,helmet
hard_hat_workers881.png,train,abc35c72c344b49f815760e6793275deac18451befc796af8abeb7491914309a,416,416,2,0,helmet
hard_hat_workers882.png,train,10dd97643306a4f82f48c5287cc26e9100d829d0e44bb0d0bfb5a8e9295a599d,416,415,1,0,helmet
hard_hat_workers883.png,train,22d93e6ebbd671be327bdc7bcb0cda2a17690f712c9341278643aba672f321e2,416,416,4,0,helmet
hard_hat_workers884.png,train,b59c9c15e900bc437a9325e6b51db5cb856eb7406588d8cc24da0dae9172d3e8,416,416,26,0,helmet
hard_hat_workers885.png,train,d92925b4e1b55fea457d75b1379abc259648d01ff25fcec685990c7aad5b311a,416,415,2,0,helmet
hard_hat_workers886.png,train,c247b8ed96fd5c825692c6f1e412cbc875492d639628a508ff39a2ec79423dd6,416,415,2,0,helmet
hard_hat_workers887.png,train,7537f3298fc8c40f8c61beff54ffea7029184b6cc2b2ad6ca1a79d29522caa75,416,415,16,0,helmet
hard_hat_workers888.png,train,206611491afc5025cfd7c166bb07fdfc099199d3728c999c078b090cc93eddb6,416,415,5,0,helmet
hard_hat_workers89.png,train,79cd41e85016e583e49f63c4e2ab40676cde0442dbe941901ac7233aa994f5be,415,416,2,0,helmet
hard_hat_workers890.png,train,e81717b5b8b9e5703d2d42c1230892e580d83f7390d66020a3fd1f36b3c170fc,416,415,2,0,helmet
hard_hat_workers891.png,train,c618c2a7678c60761a1a2d21d6c12e1cb030fb1ca4e46e594a14a03a391fd125,416,416,5,0,helmet
hard_hat_workers892.png,train,c883ee3e668119a35e42769b858d2b532304d43daba972b94bf3b757f5b0df82,416,416,2,0,helmet
hard_hat_workers894.png,train,489d655821b97bc465efa54aa21611ee10a8695e7e5b7ae229b5f5e056edfd80,416,415,0,11,no_helmet
hard_hat_workers895.png,train,33efc449867f87016524fa743160e690502b71fd436ac35066d162fbcd153bfb,416,415,3,4,helmet+no_helmet
hard_hat_workers896.png,train,7276e89740ee60663a67214b2a64863b6af60e636881cfa7e50547822ee5dfcf,416,415,0,5,no_helmet
hard_hat_workers897.png,train,869fab3b3c1e275239299bcde59b2d1feedd84e88573958b8a86e933ea5a70b6,416,416,2,0,helmet
hard_hat_workers898.png,train,dbb73cb76a647aa43494a20fc76f58e6f5c5f7507f7a9ae66416db3b5c188f05,416,415,2,0,helmet
hard_hat_workers899.png,train,ac007809b20cc9c60174d9741e986d236d5d45eb8d534894fdaa9571d8cd9c10,416,416,2,0,helmet
hard_hat_workers90.png,train,2603db5f53c3f9e1e5e095fbd5c47682125b45ff89abecf9c0431f46ea92cd4a,416,415,9,0,helmet
hard_hat_workers902.png,train,4edeebc37c3607d8bc57818f4e583988676c6902822a3e57b50c6cec95ccedf6,416,416,5,0,helmet
hard_hat_workers904.png,train,65fc4a02dd3c284e83a7de8ea044e2dd7d11c8c343508932e12fcf6196b30814,416,416,2,0,helmet
hard_hat_workers905.png,train,97200ec24e54cc20f22bdc61d6a1ff46327c04d6e4c338358534b484e3dba933,416,415,0,17,no_helmet
hard_hat_workers906.png,train,05c4be18512da6dc0db20bc08a88a2adec90230b3351dfc0441e7ab41f6f37a4,416,415,1,0,helmet
hard_hat_workers908.png,train,da5f2819143acbab40dbeac8a7a65616cef8eff65a117c2f3e94a2401dea8058,416,416,8,0,helmet
hard_hat_workers91.png,train,dfe50e02efecd4c634fde4fab5f28d0c0c9b2c0fdb8bfed5552d5460bde1c156,416,416,7,0,helmet
hard_hat_workers910.png,train,52f4f0488048ad3e615f2c45764419cf3684608ecaa86baa63eebacbb15510ba,416,415,2,0,helmet
hard_hat_workers911.png,train,9bb1143447be91a1303dd1909dcaec97e73f9d8bb46993ee1e82e71b85a8c82f,416,415,3,0,helmet
hard_hat_workers912.png,train,02f6eb61b702503cc34cb0a2aee9b65d538139cbc3f2b852b1af204f99553a33,416,415,4,0,helmet
hard_hat_workers913.png,train,c320bfccf89dd8afa3a62d7a5a494d4f2fe06123acde8c66b25b129a374e7270,416,416,3,0,helmet
hard_hat_workers914.png,train,303bf06c4e5b6076f866277ba161e6189ec1f5066ae8dbee28972214bdfed0ab,416,416,3,0,helmet
hard_hat_workers915.png,train,0c13ae665cd33c72e49a69d943ccde7765af296b7615a123aad03d212e482cd4,416,415,3,0,helmet
hard_hat_workers916.png,train,85fcff0af7092e80a1a6ba39bbaa85e5ed1b57a0f0f9908e3f974db86466b644,416,415,2,0,helmet
hard_hat_workers918.png,train,5a2dc63939741eeb3d2bb9ca548700931eea92c71fe9a3f95d9f43601f0fc943,415,416,4,0,helmet
hard_hat_workers919.png,train,4b4e0dab2c6958a2f4b08ce60fe7435159a9fae3ffba4a1db6e0cbaff15e239a,416,415,2,0,helmet
hard_hat_workers92.png,train,57a182457d2ddb635c5d8d1dfacbf229bd76c2c6f3458d508cedfdefb91253f1,416,416,5,0,helmet
hard_hat_workers920.png,train,28c8a375066bdd8197f90e678a93f53faa6183749d91a3fb3e665073cc673efb,416,416,2,0,helmet
hard_hat_workers921.png,train,a78accb3b28b4b46f568e32faf0b2cbdecb9ef1aed88983c95dd4f6566c5fd67,416,416,9,0,helmet
hard_hat_workers922.png,train,5bb92a7c9a0576a41cbc394cf06b0db4ee6f48f10ad8723f6fd6e03ebb33fb5b,416,415,2,0,helmet
hard_hat_workers923.png,train,0b287a8ef6179c5e2ba8386091a717cb12379cc57b72fafde8ac682a094b3fa6,416,415,2,0,helmet
hard_hat_workers924.png,train,71c4e3396b3d9e88b03ef6ccc81d4725d8df8c2f4341ea6bddefb272effdcb86,415,416,3,0,helmet
hard_hat_workers925.png,train,06c54281d1d60af8b3d3883db681b3ef7a68e19cbc28241c42cf0391763046bd,416,415,3,4,helmet+no_helmet
hard_hat_workers928.png,train,243cf9255da7e2bf379cd7005ac62371580f3e6bb1994a4bf1c28cf1c9d0a5be,416,416,4,0,helmet
hard_hat_workers930.png,train,05bb73108a160cc9f4c156346ef0b5336c92f5586de2014195e2b6fd97cd8cea,416,415,2,0,helmet
hard_hat_workers931.png,train,ebdb8b095a98ca180371fbf9c5bec1e51d3bfff44b82146ce8dceb8da3a04b13,416,416,7,1,helmet+no_helmet
hard_hat_workers932.png,train,02d65a90a4ca6b93e101491b470637048902e17ad017418f2d6befb7fd3bdc6c,416,416,0,14,no_helmet
hard_hat_workers934.png,train,48b0b662e1c278f098c2ef4abe2d8035836c772296052463e68ac9552a29a8e0,416,416,8,0,helmet
hard_hat_workers935.png,train,297318ea79b733d0f7776378add22b7541e69e094250f68dc4b13b334d3c17f1,416,415,6,0,helmet
hard_hat_workers936.png,train,9abfbbd501d4b2bda525c1b6bd95a0b160d56add73db7138b3409df4f7e6fe7c,416,415,1,0,helmet
hard_hat_workers937.png,train,e5f70c3b4fbb435811a32a34991ececa32f077f697f926903eb4d678220176f0,416,415,2,0,helmet
hard_hat_workers938.png,train,2f78e46ac0d0e0380ccc1574be416561b0bd626d9e90ee3e2541b9cb58af2238,416,415,1,0,helmet
hard_hat_workers939.png,train,c2e8f099635ed77c00e2c4b5db5d3c5b6f590976a565ae39a70e6c41697c9224,416,415,0,13,no_helmet
hard_hat_workers94.png,train,dd3289dac16ba0e6cc56ec7ffe14acb3599044643b2315bc3595461a3895203b,416,415,1,0,helmet
hard_hat_workers940.png,train,ecf95635f1d356c512b7e31d4900178ae5a4b545ffd16151b8335750a36a3544,416,415,12,1,helmet+no_helmet
hard_hat_workers941.png,train,b789a567021b5023742c8a6a0f48e837c41810e281eee2efa4aca544dee37e29,416,416,1,0,helmet
hard_hat_workers942.png,train,6df0d018e74a297329c27a28cccddaa9e14dfea6177cc02e2f74069747df3b5b,416,416,4,0,helmet
hard_hat_workers945.png,train,43b08f312c1f20170a5bd99ee24cf0544c2506d1819af4b6d4e9be1095179f7c,416,416,2,0,helmet
hard_hat_workers946.png,train,b12667c6b3017205931dc2ae1e11c5f2f8d8131a321ca2cc62bcbf35e547753c,416,415,1,0,helmet
hard_hat_workers947.png,train,357a81beb19f3cb00641aee90b925834827afd4dddfb361d68cf77e193ff4781,416,415,1,0,helmet
hard_hat_workers95.png,train,fa3c294b7cc467dae26743a94dc15f15e946581257580fd69303c0fcc37f2e63,416,415,2,0,helmet
hard_hat_workers950.png,train,d97f824910260000d7a1196dff693ca39717374c96c255ca08ff25ccc8e37b93,415,416,2,0,helmet
hard_hat_workers951.png,train,7345e12e8f1c892355a1e2d7403d94ce77612a1766e5dadd13bcd7b57b7cb7ff,416,415,6,0,helmet
hard_hat_workers952.png,train,6c5a459edb880c6fa65704f02746eeafa4e6b0031c3e28ed40ff6901fd604da2,416,415,1,0,helmet
hard_hat_workers953.png,train,74070ce1bfea36d21b1541cd001089d9e26a5c420a9853452214480bc836f2cc,416,415,0,8,no_helmet
hard_hat_workers955.png,train,7352a0de59c4fcb47348e5e247c54e21692050d1f30451b16567d7e705dc880b,416,415,1,7,helmet+no_helmet
hard_hat_workers956.png,train,108043f9a5155042f5ac286c958ad8772091db0bbd0bc844626d00b182ab438a,416,415,6,0,helmet
hard_hat_workers957.png,train,c48841d31d2996273cd09d1dcba1280e1431740f588878e184d8813ac2cbda62,416,416,2,9,helmet+no_helmet
hard_hat_workers958.png,train,99660650b94a09e32659a43e3cefd14e25e8fd3f7e30d04272242d872b34704a,416,416,2,0,helmet
hard_hat_workers959.png,train,34ced0f940a90ff712d0fdcbd187fdc0247c5897d3aea3fd750da2a5584fe102,415,416,2,0,helmet
hard_hat_workers96.png,train,c82e9dba4959258781f60478afeaffc5d3c86b2f417f0f8e05d2354cf892fbce,416,416,2,0,helmet
hard_hat_workers960.png,train,97d7f021d033e36d1dafe7250a100bbbc90d99f7480dea1018d7045b66f2f9af,416,416,6,0,helmet
hard_hat_workers961.png,train,ac47ceb764ad50c30fe3e08c843a0dfaee92a2c068d91e332180563d40f7d981,416,415,8,0,helmet
hard_hat_workers962.png,train,6a3cdac5573c595a9a9ff0cf962132c17be6027c5250ae972717527bdca4a5bc,416,415,12,0,helmet
hard_hat_workers963.png,train,453e6794dd7c029662807be81493627828336686581091e5a0295cba395bd9d5,415,416,4,20,helmet+no_helmet
hard_hat_workers964.png,train,0a49a1a51933386136df99c021c9c8db3b53334a7c7d2e24e3494ae9bb8d9338,416,416,1,0,helmet
hard_hat_workers965.png,train,c07f6badae1efb40db33a4915268d6a9f12759d785b64ea8cd177af076387f10,416,415,1,0,helmet
hard_hat_workers967.png,train,9cae092015e97d596e2911da99af41a6202b156c777f909e0abeea93f92def3c,415,416,1,0,helmet
hard_hat_workers968.png,train,bd1b3167eb3e4c07963a3c897160b42f3811e08378ff9c440954d09a55afefc8,416,416,4,0,helmet
hard_hat_workers97.png,train,89732a1f092654ede1dace0b2acefbcf55517be967eb017b6fe064f12c04dcb5,416,416,7,0,helmet
hard_hat_workers971.png,train,1080056041c76b80ce09908761c3f12362495fd5b26f922357d225836424d8a0,415,416,3,0,helmet
hard_hat_workers972.png,train,84e0738b3bf1f85139cd151977cda1a37621337c36990218ed5c8da4ba6b3329,416,416,1,0,helmet
hard_hat_workers973.png,train,9a6598e6abcfc749363a847b2dd0e2e9a2e4788e9baeddf977a1fcaa5921ef46,416,416,3,6,helmet+no_helmet
hard_hat_workers974.png,train,8f2ea58e18269f0355bab6943c0647c821b210ba1676eb12488bbd77f9b737dd,416,416,2,0,helmet
hard_hat_workers975.png,train,2c3525d4b91a65a85c8923ff8e2f96a6d024ae5fa16cb60dbad9ae9049a64153,416,415,2,0,helmet
hard_hat_workers976.png,train,2b620e78d5499b9519402cec0afc68ea297b0c766fc536bfadb7bc7559786c6f,415,416,2,0,helmet
hard_hat_workers977.png,train,48d09160e160481cb0a278d73ed96902609538f78d2ce3a31bd7c98232dc2fd8,416,415,9,0,helmet
hard_hat_workers979.png,train,c1e5cc90d15ad9424c845ba2cfedac944743bab20b84ef2daa8347e156af206b,415,416,3,0,helmet
hard_hat_workers98.png,train,c5088561cc666b876cc7fad28059d180b9fc3bdaa973b19048b3bb21c6fa31aa,416,416,3,0,helmet
hard_hat_workers980.png,train,3190a2f30888f468c188de413ffa46ea64cd4e879b35181560359060067115b8,416,415,1,0,helmet
hard_hat_workers981.png,train,9ada2b90a77a9535384e87603f35aeb67934f83a40331338da6beab2109c55ff,416,415,3,0,helmet
hard_hat_workers982.png,train,3c3e96faded27970f784383da47f3a9fa57018658b3fa03f3536377e42cfbf00,416,416,5,0,helmet
hard_hat_workers983.png,train,47f2ba8d8601742d0fc09d61a09a98ef2d9ac8993f7fba302f32a4c7452cf848,416,416,3,0,helmet
hard_hat_workers984.png,train,e873ca73d812ea7ffec8a187006e8ef3be6587eabb91749d5aaf2e0799e2ed61,416,416,1,0,helmet
hard_hat_workers985.png,train,abcb3a5716845231887a8681543565692df62ffd139a673c3fba1509fe5643db,416,416,13,0,helmet
hard_hat_workers986.png,train,3e8edd643284541182cbae45d7727105f58b00b754694cf8c4eb2754503e54b6,416,415,2,0,helmet
hard_hat_workers988.png,train,01d7f992462c1b6da01a91b08a524a346912306d311e468a2e5af2c49f9a82b3,416,416,3,0,helmet
hard_hat_workers989.png,train,291f19f2b8b2754609e9faabd0813de0e8383305af9a03baf9d196763c9133f9,416,415,2,2,helmet+no_helmet
hard_hat_workers99.png,train,a426302c5f90f12ea8e97c34a771f490a701265c7f2d878ce67c2fadde2b7cec,416,415,1,0,helmet
hard_hat_workers990.png,train,d2f6992b1cb53f248876391e712792635882f94d51f87a0aea2714aacae28ad4,416,415,2,0,helmet
hard_hat_workers991.png,train,a99812179df51941f0fb308ba81de6d5e28d8417216f0c898f1b82fc71a2413d,416,416,2,0,helmet
hard_hat_workers993.png,train,c99f052146700ec1ab484b426dfe298b718ac2492993188bef0b3626b7637858,416,415,2,0,helmet
hard_hat_workers994.png,train,2917ac2949912a83497d7fe5902711cd7cd018017cd1b935845b7118ce944a15,416,415,4,0,helmet
hard_hat_workers995.png,train,2aa3ca4360648333e44056304861bc6294612cee878d0c8707a922b524d5e5a0,416,415,4,0,helmet
hard_hat_workers996.png,train,0766734129da3ebded2881ea2f673049d013a60592b25d43b708f86d0a5e61a7,416,416,1,0,helmet
hard_hat_workers997.png,train,995739ab19c85951ee45a5ce80eef6faa96b41e77bb91d8b9f76abecf92bac07,416,416,2,0,helmet
hard_hat_workers998.png,train,4895b67cea73d429819368e650a41cc2ed0cc4dd2577241f3e5c5ba9472c67bf,416,416,0,5,no_helmet
hard_hat_workers1.png,val,c502866e7e56feafc394624a51559cc846a828acbc8e01aaf5b540c71c999fb2,416,416,9,0,helmet
hard_hat_workers1009.png,val,f99ba665d1a9159513e48b877c93564812e6d13bf4e78fa131a7e47198f0b387,416,415,4,0,helmet
hard_hat_workers104.png,val,7daa2de7eaefaaa74b6a969c0500625f160525e9301868f2dac2f66e5314a980,416,416,0,5,no_helmet
hard_hat_workers1043.png,val,e2e16e0c1afbca3632eef904e3b7c4624946a38561a7917a119744d94dd69c84,416,416,4,0,helmet
hard_hat_workers105.png,val,db5c75dfe541ed8f393dc5977e0e3995ef1b655897dc97190574ae58659d5ca4,415,416,7,0,helmet
hard_hat_workers1068.png,val,d1a083c043c20c3d5f20870331a8a5554c110bd1414667c0cc77851ffd31061e,416,415,2,0,helmet
hard_hat_workers1074.png,val,62a3262af6768004f08f520889728e7052e235f369dc42b7ebc51f6ab487333b,416,415,5,0,helmet
hard_hat_workers1078.png,val,e6b4ec2b029a102b41066359940532e167cdebf3e0dc054e6eef671c4f0f8882,416,416,7,0,helmet
hard_hat_workers1080.png,val,ed43c35c58941466b6bb3a5442da3e06f3904306c13c8055d25083a12c2ca1be,416,416,5,10,helmet+no_helmet
hard_hat_workers1083.png,val,f7e650ea7bced8487e89cc1760ed5c3efa86635c63ce099147728b2d8315c349,416,415,1,0,helmet
hard_hat_workers1096.png,val,39dc88d8e3c32b5b45f16f8e701e980ef8bcafd0683b437a81421582eb87cfb9,415,416,2,0,helmet
hard_hat_workers1102.png,val,f859000f1a8f472ce2d52b588d5c0e5b76192b60e3fe9d61da52307fcbf4b78b,416,416,3,0,helmet
hard_hat_workers1142.png,val,e83cb6381300de313fc0a9b63ae960883d9eb78b95c20aa960359d6366b7fad3,415,416,4,0,helmet
hard_hat_workers115.png,val,d1d5e5caaab25c94bd64a64fbc5f6aa4ca23b6cf73fb9fa4cf91e2156e181041,416,416,1,0,helmet
hard_hat_workers1160.png,val,76f579ed14cc2deb13d31711417b91f5d108cdccb9a459aa193b463c4b9706a2,416,416,1,0,helmet
hard_hat_workers1166.png,val,ceb5590080081b631be86edecf03986d7c3d95c3090bf9116788a3166773acae,415,416,3,0,helmet
hard_hat_workers1167.png,val,207e16d990c93fdf301b7b98b1e165eb6b10c2d6abebb20bdd9b54e3ff6e1bce,416,415,4,0,helmet
hard_hat_workers1177.png,val,2fcaa5f64ceb663c7d395a5e6346ee46046b55a964296e3b65bdb776d4021ee0,416,415,0,6,no_helmet
hard_hat_workers1183.png,val,9694b3f960f0a019434e4aadbbf44d229983f8511e9e8528a956cbe90c61cbaf,416,416,4,0,helmet
hard_hat_workers1186.png,val,a627e0add6a771bdbfa77916b6f2579ffde46ae05affdd58d1c920840190d9e1,416,416,0,26,no_helmet
hard_hat_workers1197.png,val,8a14197333800455bf01b0810881a3fa73b6e519f913c78b4b934f82ad2a97fc,416,415,1,0,helmet
hard_hat_workers12.png,val,effee105c28378d0c68a201908f2f4e0e1d17d44e82f468048b66f1fa8ed1267,416,415,2,0,helmet
hard_hat_workers1203.png,val,cecd2e85ad042ed88b5868914003457790aa1f6f0d71e82a1bc4ccf7e470f8b4,416,415,0,2,no_helmet
hard_hat_workers1217.png,val,0db2e9eefb09bcc8861c6ce428af120fa8e5d08bcc7c245fd36ae98e435dfd1e,416,416,0,18,no_helmet
hard_hat_workers1218.png,val,236b7439168231e665ab5e74f9611ebb950dd27a19e23c9616107f9b86bc5e1d,416,415,4,3,helmet+no_helmet
hard_hat_workers1236.png,val,920366b9e88af35cac7cc4e0af4e1c842e892c2357b966edeb5acf6f7c40908f,416,416,1,0,helmet
hard_hat_workers1250.png,val,7b5dac27c7216281cdbbb8dde4e5e1c12434853ca437006fb7c248495d7684ab,416,415,2,0,helmet
hard_hat_workers1259.png,val,9873c1ba86c337b05c918f069c765fb0910fa10f14023a9f335ce0db9ce94c50,416,415,9,0,helmet
hard_hat_workers1280.png,val,fe684ab350de1ca6c1bb394618cf23af927e50669f55dbfa6ecebaec214140a1,416,415,6,0,helmet
hard_hat_workers1288.png,val,2136ccd94eeb70f6e72b863b81c033d40739b611dbca95c72997d061ab606c36,416,416,10,0,helmet
hard_hat_workers130.png,val,009966b1442b434b06fafa15e5c7f8ad9590166fff1d74bca8798c8fe3e997cf,416,415,7,0,helmet
hard_hat_workers131.png,val,07043b8b550347aeada1f213f97392a5585946a2cbea68574403bf12b9943bf8,416,415,10,0,helmet
hard_hat_workers1317.png,val,5c2c34d432f22bd5c99e9c7f24924f4399a1db0b780ee51fd11d9ff5e5dfd5a4,416,416,7,20,helmet+no_helmet
hard_hat_workers1322.png,val,213c83fbf972845566bec847f8ca118376b17e68e9f8fa48142057e3964356e1,416,416,4,0,helmet
hard_hat_workers1327.png,val,13295f0b2733c6306797bad81da63bb9e3dc9f87b14f07a4aa5cc9abb04db5e4,416,416,7,2,helmet+no_helmet
hard_hat_workers1337.png,val,505796101b0914540548584fc06c5940648e9ec91f1dcb99cf153b3c9b3e67bd,416,415,3,0,helmet
hard_hat_workers1351.png,val,5c9200a4e57e3180e69024502f5678e1ac6daad04695ee0f7730ba27ef9ed0c1,416,416,4,0,helmet
hard_hat_workers136.png,val,e51fd2791d3ae3b28d56ab6ad3e08f81c21c6d0c7fafb17cd847f50bcaae48f0,416,415,2,0,helmet
hard_hat_workers1370.png,val,ecd227dfbc98ec57d2fd5c6cc8e1f2b48097d5129c30011fab74de3bfd5dfed9,416,416,2,4,helmet+no_helmet
hard_hat_workers1380.png,val,896dbd742e0b3ca794ac5c8108b5c361b16f3088bb427048bb6e5e7b758d3b01,416,416,0,11,no_helmet
hard_hat_workers1393.png,val,fb7c0ee670f685238e9e6ac06b0e5403e204752604710218721b30d06c70b123,416,416,1,0,helmet
hard_hat_workers1401.png,val,377fd8b1663534e7d36329f5dbef6b8086d766efaa89bfff31c87988903b51a5,416,416,6,0,helmet
hard_hat_workers1406.png,val,fb14a52c801a507fb2303b9d3cee6a9ec7c8f8106f384e040708fdc2cdbfced1,416,415,3,0,helmet
hard_hat_workers1416.png,val,99be04d6386bb3a69f0804be3bcd35007ead71c2385ebc105ad6b5bd72db024d,416,416,6,0,helmet
hard_hat_workers1433.png,val,d694530d5ed72e78c199050503b1966c59b858d828c0a98b54077ee0559d97b8,416,415,3,0,helmet
hard_hat_workers1439.png,val,8386928947284ef9702278951e344e6f560296d8af0bae57fe71679466588bd1,416,415,1,0,helmet
hard_hat_workers1451.png,val,eba0ccfd857e6105bf82cd2bd8a12b0493255f2eb5cbf036cdc6de7e59759bc9,416,415,1,0,helmet
hard_hat_workers146.png,val,9cef9d42479fbcfc407f13220554cc24f844bbb5e4117de05dcda5d78ba5b0f2,416,416,1,0,helmet
hard_hat_workers1473.png,val,6b834ba028460a2dc2693552aa50375064203ee50014669728fd034cc3984aba,415,416,1,0,helmet
hard_hat_workers1499.png,val,1fd87bbfd82f0892ccf406733113f8342bb36d66ccf950d5e1f417b6caf3bc7e,416,416,10,0,helmet
hard_hat_workers1508.png,val,f06f21562f231587ff6d1b874b07815b9083f3918712746ff79748613221a38c,416,416,5,0,helmet
hard_hat_workers1514.png,val,3ae9615992efac1e4d0c5fa97000790d7ab709f5d3124306916dd35ff78af567,416,415,4,0,helmet
hard_hat_workers1523.png,val,8bc8934246b3058d6f4dc67075a9df792b501033a6e54abb993d16149e1e2ca1,416,415,0,7,no_helmet
hard_hat_workers1528.png,val,65069256ffba76af14c50216a1b50da6e549fd664fb342bb328bd4b24d18992e,416,415,2,0,helmet
hard_hat_workers158.png,val,3a8d3c496947306b82d00731f07212631c61a02a6c66ef4eb2809506d4b50bb7,416,415,6,0,helmet
hard_hat_workers1581.png,val,6a4f63c2b92356f3e72077d3909354e28b854aae73ea95e9d4872564e5887fd2,416,415,20,0,helmet
hard_hat_workers1585.png,val,3ae1248ba0865fbcb1b27df12ac2cc824dc7312b58c81046b0206b9a76a6e1a8,416,415,2,0,helmet
hard_hat_workers1586.png,val,b95981cb2edc721ccb75d40bdfb5ba427b975aa640fa793065cc920cf755596b,416,416,1,0,helmet
hard_hat_workers1594.png,val,43a7ca5f60f15d8a88ca2bf4c5a9ff441572ecf7387c15f412f9ea16982eac3f,416,415,3,0,helmet
hard_hat_workers1598.png,val,06f10663cb4ddaa6bc94c49756c3b193156986070a5198b9059edd2c3cbfc68f,416,415,12,0,helmet
hard_hat_workers1601.png,val,12cc52c8168bcc2f54c3f317dbaa89088f75a549ed951b2f7de06fbeb66846e6,416,416,6,0,helmet
hard_hat_workers1602.png,val,7be24cdd94a828957ec6af92c1bc6e21de522aecd5b1f0da1fa849cc77a05a15,416,415,2,0,helmet
hard_hat_workers1607.png,val,9a60266ce473fe6197cd7bbc8526359768ea1baffa230f3b7632607fbe157335,416,415,4,0,helmet
hard_hat_workers1618.png,val,99a4628c983e551c3853396197a687d6432fd341cfcc3527677d442315475261,416,416,1,0,helmet
hard_hat_workers1620.png,val,68c2b589511286a76e8a49f424bece46d9a749c3ffc7a75b161c24f4e56efcab,416,415,3,0,helmet
hard_hat_workers1623.png,val,225a646dfa750b513df5d7e439c66c8d1c630f86882a2a32892f647c9c03a6d5,416,416,9,0,helmet
hard_hat_workers1627.png,val,f14ccac945e6895b56409230c24b36372b05443577446f0fc8aabbdc07dd1905,416,416,1,0,helmet
hard_hat_workers1629.png,val,682eb1ea66ed477ff75ec2b552771cb9233143577d84a49dd205e1e31ab91921,416,415,2,0,helmet
hard_hat_workers163.png,val,7e8598f1362548516608ebf1662dc7952c0825729c388d9d24068f1433392532,416,416,14,0,helmet
hard_hat_workers1645.png,val,3a328d36672a83c87143a2f2a19ec450b60ecf275eb5966a509d72285916ab31,416,415,2,0,helmet
hard_hat_workers1652.png,val,6da2fd54dafa53ed74c2bed49aabd65fc311dbdf4e6fc17f51a9882a4c3032bb,416,415,7,0,helmet
hard_hat_workers166.png,val,f42f1c0c05c04cf9f72e5c1c61345eec982648cb37327e4f16b7bb9d682f31fb,416,415,2,0,helmet
hard_hat_workers1688.png,val,02bfda6e94309fa90cdb81708c7df19a50c0bb7517d217a034688cdacd56bfdd,416,415,7,0,helmet
hard_hat_workers1689.png,val,6622d0dc74aa94ffb43eb5a9cb2fe26533a34e2a74c0ff1ab9c739f55bf5913d,415,415,2,0,helmet
hard_hat_workers1698.png,val,c5bc722f5c3ffd85d49c459703384c334100494dab63486e86bae52ecb807f3f,416,416,2,0,helmet
hard_hat_workers1703.png,val,c10d3bd4d5bc659ffa33799bab6ba7b0b386cbdc0edb70979c1336adfd2243da,416,416,7,4,helmet+no_helmet
hard_hat_workers1705.png,val,02c97a423d951e450469802749fed94148b514ca69b65b29c189cc4b5982254a,416,415,7,15,helmet+no_helmet
hard_hat_workers1706.png,val,67ab63b9930521674a1efaf214f60a84f27a89a02e32ff6da162d1bf5708b2bd,415,416,3,0,helmet
hard_hat_workers1708.png,val,e3742ba7bf73f9f94e54311e2041a25b454cd5deb09e688e1a30d15a5317e31d,416,416,2,0,helmet
hard_hat_workers1736.png,val,1f367eb12e29dd90ba0dbd40bea070c6c2767c93ff0dea1fa34c436cfdb451ec,416,415,4,0,helmet
hard_hat_workers1778.png,val,51565a7799b69839dfe5f7df8158b672fd91580028b1fbae7b171007ba3623bd,416,416,7,0,helmet
hard_hat_workers1786.png,val,ee50079231046c94818f41e15c8882e01ea27246c2aafe9b4ff0f3ba6c854f17,415,416,1,0,helmet
hard_hat_workers1796.png,val,a1a759fcc324b797b322511913fdef6dc980e4ce0375b0399a706e2afa22c598,416,415,3,0,helmet
hard_hat_workers1811.png,val,f63e5ae34b7af791961d402a3db2f5496e0cbc7bf59ab506d98dd51e085d2eae,416,415,31,2,helmet+no_helmet
hard_hat_workers1822.png,val,4ce900eedb7785bd89ed6d5e839016c37e511bce7ee560a8aeef6545efc26d2e,416,416,2,0,helmet
hard_hat_workers1845.png,val,9a098dd9a71c163dc94537ad77f00ac6f8374f31f9a19d58464e17ae27076724,416,415,2,0,helmet
hard_hat_workers1856.png,val,32e13e6ff53fa928bbdfea458dc4da254e764706c54052188c738ef9038d6000,416,416,6,0,helmet
hard_hat_workers1871.png,val,5710c5f2f03b123f0b6bb9937055ee2d359449b2a8819c208006be1fb143a024,416,415,5,0,helmet
hard_hat_workers1883.png,val,b8c62a0820f0733fe95fa5a2d23e1b423d00904cec091d6fe407cdf09ebaa864,416,416,0,8,no_helmet
hard_hat_workers1885.png,val,46c62488bb8434e6c876c7d7b8154a1e0df2cc2660b216619d90d56ba2a0c842,416,415,6,0,helmet
hard_hat_workers1887.png,val,2f158f0cd950c2010351be8971715e8df30063fa1013aeea6ce03b09833d0610,416,416,2,0,helmet
hard_hat_workers1890.png,val,71493b176a39ffb1e2cba3e10cc08724aa1d6f228cd50416e1e0931ff6fa0498,416,416,14,0,helmet
hard_hat_workers1892.png,val,293563b39cb6e2ae8e8b9dcbabc07dc392218d2f5be8d845480c1e0f05b82ba5,416,415,4,0,helmet
hard_hat_workers1895.png,val,4fc3ce9cca89e052237d1d614ca7d213cba69076e012c2e77f85bd54429d5a7e,416,416,14,0,helmet
hard_hat_workers1904.png,val,46ccf400e9929b359f4f2092c438575badcdee62e9149bd194ffc7fd0e198e39,416,416,1,0,helmet
hard_hat_workers191.png,val,a26cef9f21539e16daf3e2ee75d3c1c8708098eca923eb86a8e1aa37dff53f9f,416,415,4,0,helmet
hard_hat_workers1916.png,val,33fe33a535a88c627d707974be83d1cef906a8eb32ddd965d84c07becd5a4e68,416,415,5,0,helmet
hard_hat_workers1931.png,val,47ac597a8709749913fb43ce08a4c957b650b68ccc6ecf90a692ffee8187a169,416,416,1,1,helmet+no_helmet
hard_hat_workers1937.png,val,62b9bec9fc3af76af268da9154862cf0151fbc179de4a170082ce77baa738f1d,416,415,3,0,helmet
hard_hat_workers1943.png,val,84e6379a5d65643c4b65efc8458f5f40c3ee1590fdb560a1b5e6983d4ef9a44c,416,415,1,0,helmet
hard_hat_workers1944.png,val,343bf5cfc1bbe37b28175bb886178822873ccd083b1532e0776aa20acb4317ee,416,416,5,0,helmet
hard_hat_workers1946.png,val,ae5bea7750c10baef7adbd22c6bc1132415932ca09a8e2c256ee0bc42f7e6025,416,416,2,0,helmet
hard_hat_workers1952.png,val,7747cf04c68092568ef77cb6148708ad45d4790561103cf3bc256f1894b9119c,416,415,8,0,helmet
hard_hat_workers1963.png,val,b3b2f17464e75f7edbf0e53c8fc4ab0e41a463cb1bf00d8d50939e36b74fe946,416,415,0,4,no_helmet
hard_hat_workers1968.png,val,b84435f6fc7aef2eb0da47fcac23b99aaae1a4daeca3b5a6b09294adb2f5b7ec,416,416,4,0,helmet
hard_hat_workers1975.png,val,ad752f867c0bd866783f41cc6edf15dc85fb1904297a2d26b83ff2fa84053364,416,416,1,0,helmet
hard_hat_workers1980.png,val,cd2b9a681eaeb5f6aaf4c2b2e4e67d91ea9f3fd6a820c56498bb8f32fc491bbf,415,416,2,0,helmet
hard_hat_workers1993.png,val,0f1ca82b4e5fca64501298c96595a105e5f1796242a1b5195154edf9d52c71c4,416,415,0,14,no_helmet
hard_hat_workers1997.png,val,9e8a112addd79ab6348648bc0b6ef3b5865df2741d90ed143cac7b74f93a805c,416,415,2,0,helmet
hard_hat_workers2000.png,val,5b6d76972bb009ff1b11100ca9bb42cc3c7d531061b85e5bf068449eaddf3319,416,415,9,0,helmet
hard_hat_workers2001.png,val,626447dc1d9d37f9296f9232ab009a732819bc9c6be5a7ff0937c8396e287abe,416,416,2,0,helmet
hard_hat_workers2002.png,val,c1c75e1f15908ea6bea355197ae074652d6b730bc03f4ca0981910b5b60fd065,416,415,3,0,helmet
hard_hat_workers2008.png,val,823d1205cdd7b285927a0d43fe6d3cddb877efc2e264b08989080f6e98267aef,416,415,2,0,helmet
hard_hat_workers2029.png,val,dc7fb20c901904474d291c8245dc6a6dbeb72f29d8678005ca398fe26a1872cd,416,415,4,0,helmet
hard_hat_workers2038.png,val,5ab0b99f47bee1d811804edb6e0875e3796edbeb2446c01bca48e0336b68d44e,416,415,5,0,helmet
hard_hat_workers2043.png,val,4aa564d3e3ade60a6039c2c5cb2f86e292ee0f19566274215bc2150f824489b0,416,415,4,0,helmet
hard_hat_workers2046.png,val,3c216c243d9b45e32d3f8d8e91eca50aecabbbc58da3728c4e4e8be14cd5d2c3,416,415,8,0,helmet
hard_hat_workers2050.png,val,be58ad733a0b0e8d64edaa32391d8c822a43b22604eecbf4cb9a46d736fef5c2,416,416,4,0,helmet
hard_hat_workers2054.png,val,88e28a3d7c1c02b034023e8021245d2663d447deb57954954aa83ceb69a61538,416,415,2,0,helmet
hard_hat_workers206.png,val,8dea4f8e4be5b12a091db7f11b7e1692c4fcc90a09d9815faf13e1c591a3e5e5,416,416,4,0,helmet
hard_hat_workers2062.png,val,06600a90e311a71ccfa6b06e69b8c9b3657a01a9cc7b01af21dc58996a684e8f,416,416,2,0,helmet
hard_hat_workers2066.png,val,e1516ec5e42458b37f5103024e58857d489b374c99706fc64275e9cc7acc9726,416,416,4,1,helmet+no_helmet
hard_hat_workers2090.png,val,3c21b2415c75cd9d10bfb2f24bae40531c716d2f3a118160600a184a30f910af,416,415,2,0,helmet
hard_hat_workers2092.png,val,2f8e11421eb2a5da43e511688fb487a47bb9374e717da22c677fd9899acc52e9,415,416,2,1,helmet+no_helmet
hard_hat_workers2105.png,val,1a8589ae93a6439a08e131a81fba90939e8baed1dac62ae6ad2eb08c6eddd84b,416,416,5,0,helmet
hard_hat_workers2107.png,val,b8ca58f631efdba28526864352c14650e59f794348321186f24b8512d93cb53b,415,416,1,0,helmet
hard_hat_workers211.png,val,57714d8beaac152cfe1a9028f1350dac4e1f71899be355dd88090c8707c9bbed,416,415,4,0,helmet
hard_hat_workers2125.png,val,560e12dc1d7887788d70da472658e435c0bffa6259ecaff9a7b9dfeb152c9a27,416,415,4,0,helmet
hard_hat_workers2128.png,val,bbe2d56c8f3fa5ad9848dc72460a9c48ca0f1aeb52c2c98ecf98a29e79197c8a,416,415,2,0,helmet
hard_hat_workers2136.png,val,ce9d95baf5ef72c8ceb777c1ca041f4817e2cde1df1a5671eb58aa5a61693374,416,415,7,0,helmet
hard_hat_workers2148.png,val,790e919f3ec3116b36539017e7e4ed12a4bf1e1beae226cde8ed8cf7b42ed169,415,416,1,0,helmet
hard_hat_workers2158.png,val,72aee4ee5e50d85877dd2f7ff06cce20c3a768993da7c49b8de11053deaeeb8b,416,415,2,0,helmet
hard_hat_workers2175.png,val,5d6f5e4657ee1cfc911b1a4cf1cfb1fc30a3f7a622fafa49141514ae38d2f203,416,416,2,0,helmet
hard_hat_workers2186.png,val,fa84368aee07be9108f1d68c50858325aa0b1db2947561e0abe6c25e44ed4490,416,416,6,0,helmet
hard_hat_workers2210.png,val,e6bbb378c8f83b76e691640e3454654870709646495a4527bdc6193e4ffd2c42,416,416,8,0,helmet
hard_hat_workers2222.png,val,66c6bf9830a91e3e9ceb00818dc301f754f5ed127f9c5fb45bae0435ba4a4e33,416,415,2,0,helmet
hard_hat_workers2223.png,val,5db8981808a390115672a94cd8839b2fa65790dad0b41192931e8f3127548b05,416,415,1,0,helmet
hard_hat_workers2234.png,val,14d726750d4f5b2d229e85f8ebdc90544e59711ac0af33c26f54f34000451ffd,416,415,5,0,helmet
hard_hat_workers2236.png,val,8c40a4b7fcfee7e798afdca3c0c2022162c9334fd353b3a1abc9245390b00a40,416,415,8,0,helmet
hard_hat_workers2237.png,val,a372b51b6d59d16af20b5e5cef0e7b5d5a38092111b60208bd7fad55ce6d0d25,416,416,4,0,helmet
hard_hat_workers2278.png,val,0cc74f98d05d42c71e5288c459c23087473b362320a04a6564d7f661cf002204,416,415,14,0,helmet
hard_hat_workers2280.png,val,20015fa605c1b7bc78bea4df149a1c93a0679c3c546955761f56a017c9b78090,416,415,6,0,helmet
hard_hat_workers2283.png,val,f289ffaa5c4cbb7692762e1ea0f3a597ab40d5473f3a93f4fb78d716e347b7c1,416,415,6,0,helmet
hard_hat_workers2295.png,val,715c3a964ddd216614ed8eda09a159211b31120f2f5009bf6e849c45acc13e05,416,415,2,0,helmet
hard_hat_workers2300.png,val,048ffd066a35ef47abb9fefeaab07abe6fc48b458c99bd341a6df0e5adafef8e,416,416,0,11,no_helmet
hard_hat_workers2307.png,val,a5dcf8af6aa593207ba961b3438e1d94763b8d1018768ec08dc3981efb49f1b8,416,415,2,0,helmet
hard_hat_workers2319.png,val,a88903dcbc5231c4d085f14cf359d83a37babea8a2ff249162354c7de65a8ed0,416,415,5,0,helmet
hard_hat_workers2322.png,val,36b4b7f90a14af54ce8186b90834799d85c284575fbb47b5a5e01b6c92a8c962,416,415,0,4,no_helmet
hard_hat_workers2329.png,val,5ce7ccaa121fd5c6376352477473c4493f72e542e7cdddff182e02f9d5f541e6,416,415,8,0,helmet
hard_hat_workers2330.png,val,ac2b89930d8de9a4261bf30c3ab1aea6f14de4c0e2d0675d67d1be575ff642aa,416,415,2,0,helmet
hard_hat_workers2335.png,val,73707f47bc10a99109e08b5fa379dd60ff52d95ff6b4733d6d1ba98bdc750dee,416,416,0,8,no_helmet
hard_hat_workers2338.png,val,c8b3a5dffecd0158dc0cb29b745ffce5d4ac9ab8a2acb123127407612d1d1ec4,416,415,1,13,helmet+no_helmet
hard_hat_workers2348.png,val,c9ab1e45b5c96327559701455aa7921081c603ac4895e751cefa0b7bb9963b17,416,415,2,0,helmet
hard_hat_workers2360.png,val,2e86d8844fc1c88f25d9faa74d0233a2648fa45ae0d7154f121580f577b4d23e,416,415,0,10,no_helmet
hard_hat_workers2369.png,val,d0e6984b272a4cc61224a223c3944a4954dc32527a30d4e6072b3992a522ee40,416,415,1,0,helmet
hard_hat_workers237.png,val,ae445fe28b7233efa25ed83b7f850b0d4cc1152051db1bcf6815ad71a84bb5b3,416,415,1,0,helmet
hard_hat_workers2370.png,val,ffbf69c6ddc63214fe173f1dca9e9b6d6572219ad5122b6bf9366768c5ab3895,416,416,2,0,helmet
hard_hat_workers2380.png,val,c4b4ed48216a5d5aec77832f5feb1b9671044e7d72c49e977c4226a2784e6e50,416,416,2,0,helmet
hard_hat_workers2382.png,val,a69f2ee351b3e05f7fe46f03d50a5d85832c9486acea97b688aa7a1e1e0556ab,416,415,2,0,helmet
hard_hat_workers2385.png,val,613eee12525e4173cfb21d241ef2d7d4f84b415b4184f792a0c71227ccaad7ea,416,416,0,11,no_helmet
hard_hat_workers2410.png,val,4666dd08309580b46c0758cc8f3c53ba7a5ce905b64640e70ef0fe1dc4539445,416,415,2,2,helmet+no_helmet
hard_hat_workers2418.png,val,1d01621889a2f1214bdcd1ff92fa2f0bf8c27be4cd7e6db86d4b03a2f0273ec9,416,415,30,2,helmet+no_helmet
hard_hat_workers2422.png,val,ada4b842235a8c89567fb7776e4d4bcb6cba206b47c7e68bfdfd0881c257616a,416,415,2,0,helmet
hard_hat_workers2430.png,val,f8d600bea5eb58329f34837cacac5b805bc177f84da46f114ae65a3fd37de860,416,415,7,0,helmet
hard_hat_workers2435.png,val,57cd18fa37929d2e36be0a9748018b0acd8262344bffcfd4235d5afd07c71ca4,416,415,1,0,helmet
hard_hat_workers2436.png,val,94d3fe594c2832763a89606155b2e6cf00173b8ff26544332a146540892a6987,416,415,2,0,helmet
hard_hat_workers2446.png,val,b080df2bd81f8a4fd080b788a56e1a66674a7f6c5438f7cd0b27fa6be0c02ddf,416,415,0,3,no_helmet
hard_hat_workers2460.png,val,0111896d237b9f8fb5b185f5b5f0b1a6688c56d36c4034503a1365a75dec9d30,416,415,5,6,helmet+no_helmet
hard_hat_workers2465.png,val,1aba33d4e15b85e4427bbef5f3c77e7eacbbfa018b2eadc004e27d7a6c57a448,416,415,10,0,helmet
hard_hat_workers2466.png,val,fbc570a72d258dbeeb0b0c69cdb508ce9ec38a223c7507121ab5a3b0b2b6d460,416,415,3,0,helmet
hard_hat_workers2468.png,val,a3c297b80c51fc8259c496d52549fc0b3774bcb7ba7e267d20251d1c48d32643,416,416,0,7,no_helmet
hard_hat_workers2473.png,val,54d2d8c5edbdb14c79e095df8e553c18ba4cb320ca76e2939ffd6823b8613c2a,416,415,2,16,helmet+no_helmet
hard_hat_workers2475.png,val,38b18221cd9413933cd15484c38baba8209feba285c8524ec08e078c38f59e7f,415,416,2,0,helmet
hard_hat_workers2479.png,val,cdfeefb3053486a26fa71cf4481c71d8dc0feb4341f235e866bff013434dfa1e,416,416,1,0,helmet
hard_hat_workers2485.png,val,9dd8943a7cc00bf4657693e6904fecac9e04352d5d5cc82c588f1f7ade8f03ef,416,415,2,0,helmet
hard_hat_workers2486.png,val,5c120c07209c3227abdae6fc721860f5143fc5860a7297458df83784fd1bed35,416,416,1,0,helmet
hard_hat_workers2496.png,val,6721ba02ac875f220b299ec9a94eb6d40181cd6d8478e9c55a7151120a7a849f,416,416,11,6,helmet+no_helmet
hard_hat_workers2514.png,val,62c203c6e123e6bf8a703bcb39dc7f7bea07abd1efaac507b6b56df93d769d65,416,415,0,12,no_helmet
hard_hat_workers2522.png,val,a65c54c06a86d603878d3f432d6ec83bfd9f9bee9dd2ee8782cba43cb1c6168f,416,415,1,0,helmet
hard_hat_workers2526.png,val,24512d0440d3f9b050f34d932efe5fde815fd67130d452350fac2eb784ff4d07,416,416,4,0,helmet
hard_hat_workers2546.png,val,21484c17c6120832104775ce79921c5d048b021525a415050f6fd209110c36f4,416,416,2,0,helmet
hard_hat_workers2582.png,val,953cc1a18c97194bb85ee21b0c032bd5133b2d7992c6280e7666d0a320665fba,416,415,3,0,helmet
hard_hat_workers2589.png,val,cb201865bb49d133847a97c8424e1b0c65f4751b8b34a176562f80b6d33bc4a2,416,416,2,0,helmet
hard_hat_workers2595.png,val,43872fc35ca676c55ac293e907656099232ba500b69c228736aa045f1f861cfe,416,416,2,0,helmet
hard_hat_workers26.png,val,46f77fb5a26805ff5fe33a791bdb6176d1708c2c8dbd2a7856329ec1abf2a754,416,416,4,0,helmet
hard_hat_workers2602.png,val,1ade9d78e9e1b90143062a4b712dcf76b3bd2ec16c45d45415f54c4499caa0fe,415,416,4,0,helmet
hard_hat_workers2605.png,val,553ea488a538e07bb7d47b6f1c336b1727250fecf55df465567876122fb65425,416,415,2,0,helmet
hard_hat_workers2615.png,val,f27bd895dbd36f27abd871e139af88ab8644ec87c64458e97ed9e93500d1cec1,416,415,4,0,helmet
hard_hat_workers2629.png,val,f2cce3541c940214dc165934805bdfa2529625997b9f9d569368b932890fd681,416,415,2,0,helmet
hard_hat_workers2637.png,val,950aae0399cf1a4d21ed915fb4abc9b60e9e7152860be70773b87890b60a41e7,416,415,2,0,helmet
hard_hat_workers2638.png,val,f1862f742f91502675fcfcfee293c4c2fe0bf4ea5a595a4bd4d4e7ca3beb27c2,416,416,2,2,helmet+no_helmet
hard_hat_workers2669.png,val,876fa5421bed679c517907a88b8ebc9e03a805563760b978d93666d5be76351b,416,415,3,0,helmet
hard_hat_workers2675.png,val,e71e387f1a9dcb5942a4a00ebe440f82b29cf612338c35a7b748bbd743d01bba,416,416,1,0,helmet
hard_hat_workers2679.png,val,97b7226feb5d9abaaa8598c84c2a2c6b72c9f0d0348e32659491225eedf0bef9,416,416,2,0,helmet
hard_hat_workers2680.png,val,2876a65a1775e1773a1aa0b62b178ac249a461fc92e2e2016569740db8710c3e,416,415,1,0,helmet
hard_hat_workers2698.png,val,07732e3f4b1589980cfc0eaba1cfd3f3628e9420a32c63ee20ab8949e4d365d1,416,416,2,0,helmet
hard_hat_workers2712.png,val,be1a9cd6d865b7693c43cca75c9473d148f9ee5be9e7f0b40dba33bec2e9ea34,416,415,6,0,helmet
hard_hat_workers2739.png,val,eaa9f33d2ba2ee0cca8bb2066f0125dad3fd2e827ce713b824d34a322c7d8768,416,416,6,0,helmet
hard_hat_workers2782.png,val,f7a95086e25d3f8f3e18ee672a9e8e97c01e92d6127bc2cd346cc50455fc0579,416,415,2,0,helmet
hard_hat_workers279.png,val,f094b5a71b1b8d510d7003574f9cae9dc6c41a4ac4dec558c653b6fcd2d5768b,416,416,5,0,helmet
hard_hat_workers2809.png,val,573f6f2df3f77eefac9a72697ad4ad78ed7b52ccc221a9dfcb8779b2e0c20fca,416,415,2,4,helmet+no_helmet
hard_hat_workers2822.png,val,fb05ade8f200caad5406c6870da3a2a2b892e88d736423f107d2732a22de8399,416,416,12,0,helmet
hard_hat_workers2824.png,val,ec917d7d05dd3767f764acf399e0e33903b62662e46d7996d49babd3949a7e31,416,415,1,0,helmet
hard_hat_workers2838.png,val,02e16ecff76dff2194a1d7d669298ccaaeb4bdad05aace1130840d4341b091d3,416,416,2,0,helmet
hard_hat_workers2848.png,val,2b9c171ec5e512ed4c97eb04126cc6a88dafa50891700bfc6f1f44941d675572,416,415,2,0,helmet
hard_hat_workers2853.png,val,23e32667dcd5ed7c9177847a648c60753ba683e3ed047b9e06efe39746bccdb5,416,416,20,2,helmet+no_helmet
hard_hat_workers2858.png,val,7cc62c9ee8ce91356b8027f594230723aedb194fa01fdcb93a87d20c3b98c897,416,416,0,14,no_helmet
hard_hat_workers2862.png,val,0b31fb408d2200a383616721776921ee1c648b187f1bd1bb29687664cddb0dd9,416,416,1,0,helmet
hard_hat_workers2871.png,val,94fde6b7b0eacecff366e5c0a137e121a8f1795e1dbb3da76a5bcf71dbb43b71,416,416,17,0,helmet
hard_hat_workers2873.png,val,c644c0aaad957aecc7a9a742f154e086ff8e6d881804442cc2b8010e2414e969,416,415,1,0,helmet
hard_hat_workers2890.png,val,555d14225ae70b4db8f4d6fb0b1ddc1fc30fb8da0a1d5b097684c632557b1f67,416,415,1,0,helmet
hard_hat_workers2895.png,val,3bab9cac6e8f82f30eab2b16c3d14f5605709f18d75c7e79f04d4670567a5d23,416,416,1,0,helmet
hard_hat_workers2914.png,val,bb4f9a01a23888db85849abb9888faf7b15bb9e27f1029f187d7543f803d9728,416,416,12,4,helmet+no_helmet
hard_hat_workers2915.png,val,c64e88e92f662e922f7f97135de951c774c001d5f4861db907e7686074b95ebe,416,416,6,0,helmet
hard_hat_workers2916.png,val,721631c345f541b70f246500727de470e2c045e694a6f1f6b3b0d0b260ecb44f,416,415,3,0,helmet
hard_hat_workers2928.png,val,27f74303609ef5bd5c29f0ff407e54395d61a4e08372e69d14e16aa467499f8b,416,415,5,0,helmet
hard_hat_workers2929.png,val,10be44c117f4cb9710f3590056ceba73ea6561f4359ae85f6a084f173f5598cf,416,415,4,0,helmet
hard_hat_workers2958.png,val,578f034be9e816d71baba33977de4e3480689446a84a7a22d0e8604fd9bc5078,416,415,4,0,helmet
hard_hat_workers2971.png,val,bad99583c07dac973c5db7dc91f0754f18e456ea15c8d65670f79ed223eba72b,416,416,2,0,helmet
hard_hat_workers299.png,val,4e012f36b97a07875e686c7eae2f6fc5a14c47195d1024fb09d5cf62f8a2ea03,416,415,7,0,helmet
hard_hat_workers2993.png,val,c468eb02953a6adff67ee820c561ef92a460bf7394ebfa6fc67e83f4bbdacfbc,416,416,3,0,helmet
hard_hat_workers2995.png,val,15dab11e586318fff14d66b16adb8b039833d5bea5c8972820f1056e9e68b56f,416,416,2,0,helmet
hard_hat_workers2997.png,val,39987b8f77b0043f0c734bce6b26052e7913c990b9889ad16ffdfb5d2b870074,416,415,2,0,helmet
hard_hat_workers2998.png,val,b81f920857dbda3b4adb2823bbfbea7edb8afc213295a81557bfddf42b765ff7,415,416,3,0,helmet
hard_hat_workers3004.png,val,f6082640b3e653aa5b1dc703027c1e946fd81c1066015ca322a0fa7ae1b76599,416,415,2,0,helmet
hard_hat_workers3016.png,val,5b1c68f96d093ae184c237261caba46dbc7ad8f46d608a47638b8a364af20873,416,415,8,0,helmet
hard_hat_workers303.png,val,f6e4145aac9a0dab7d6f468c7cdb5201fde4dca7581fef6a7b96b01d1e92535d,416,416,5,0,helmet
hard_hat_workers3038.png,val,dad0dad519445a4f37e6a1260dca9be764c4875260992fcb82da2674339744a4,416,415,2,0,helmet
hard_hat_workers3048.png,val,e5035ae80be5f42dbac26ed0e1373aac8df7c7df0ada707ef955e1e9ae709c64,416,415,2,0,helmet
hard_hat_workers3059.png,val,f7736b9c71dfdb297fcacb581ce298416e4cd8444240ef2d3549284576151fd6,415,416,1,0,helmet
hard_hat_workers3068.png,val,24d2d1d2da37afd6f18fa0824ebda1bf3fc47ebb5394624d3ef15bf8d431a8e4,416,416,2,0,helmet
hard_hat_workers3098.png,val,983cbc55aa9bbde2a475d7397ecbefc2c1b932f4905c9a7ee60b625a409219fb,416,415,12,4,helmet+no_helmet
hard_hat_workers3105.png,val,bd2aeb075fa5e91b9eb63673d8af9fc0a6f94855a2f49b0a6ece2e2114a5dbd8,416,416,2,0,helmet
hard_hat_workers3106.png,val,d7ae71eba3bf6899bedc83f04d500d52dbf63ce6d473cbe872dc6fb61798ec33,416,416,3,0,helmet
hard_hat_workers3107.png,val,c4fa54234f59e1aa95af493a72d3103343cd04847f9feffaff7a2244f173145c,416,416,10,0,helmet
hard_hat_workers3110.png,val,3b6cdb10aadf24601a3bc267bbe2246310833ac6325231c444e81b65934f48e3,416,416,2,0,helmet
hard_hat_workers3119.png,val,2ffcce3ddd0e0fb200859ed630a9919e6c2cc98cf1f7dd6a26ee9e58a8713223,416,416,1,0,helmet
hard_hat_workers3126.png,val,7d501eba741e7344b5c2742a9929685ac7e87afdcb0a696106caa076264e2b01,416,415,1,0,helmet
hard_hat_workers313.png,val,77c26b009745b1310358ab80e1a0f3b03ac42d5cc54770036693d13f6e5177d9,416,415,1,0,helmet
hard_hat_workers3131.png,val,8ed3a650ca249675fc55ee032a84683b27168b6ceef4133d9cb0d14cfa91cd1a,416,416,1,0,helmet
hard_hat_workers3144.png,val,824043082f4d60878da1c1428842b66fd7feb9d83a39fad9eeef1d319828683a,416,416,6,0,helmet
hard_hat_workers3145.png,val,c2371f458db928025688fe94fcde83d95646bf95a94657adb8b044277d5fd179,416,416,4,0,helmet
hard_hat_workers3152.png,val,3a365dd5365b55b27dd741bd5c0f8e29777bf10b69ab0ba5d0a28d3aea6125fc,416,416,1,0,helmet
hard_hat_workers3160.png,val,e683082f56fe850c1106a3c7119b5eedf6592a896bbcb12aeb4cad92f3af3055,415,416,1,0,helmet
hard_hat_workers3164.png,val,2952c56b3aaac55209cd8a67a654cd95e8fadce02e041fe15f00f7df966cec21,416,415,2,0,helmet
hard_hat_workers3173.png,val,8be27e0c5429b24d9a2ceb98b5f6eb2fde15c6ec79f96bc6f6fc2eeef7ecd603,416,416,4,0,helmet
hard_hat_workers3183.png,val,e83079398a158bc571810d0cc516c0ccf237f7e244aba1bc11d3ef5b5c5c4d18,416,416,4,0,helmet
hard_hat_workers3206.png,val,cfaaa5ff6ab019e451f65d63dc4d91327eb7f4e9d3c3fa315d7738692549dc3d,416,416,1,0,helmet
hard_hat_workers3212.png,val,2659fc74e59cd14eba69b46e50face45ef4de09ec729bb738b079b78f474f8f2,416,416,1,1,helmet+no_helmet
hard_hat_workers3224.png,val,8f99e42c89fa2697ccc5665420068068ddd0ccb7f00128589a57942e830c4580,416,416,7,0,helmet
hard_hat_workers3225.png,val,3e0e15ec9081d5128f511737879772ed80262dfbf33a6a3fe570f44ce574801e,416,415,2,0,helmet
hard_hat_workers3226.png,val,7874bb59fd8a391e0b5a8a210fa8606dde659c681bd810bfe9f9b1bc0e6f6461,416,415,0,8,no_helmet
hard_hat_workers3228.png,val,5fc939f91c1e29749901e2631688c344c44337f65d5d22857cfbc6b2b74209dc,416,416,11,0,helmet
hard_hat_workers3233.png,val,e1e274561fe9f68c13fb49c7f48bf460cabf38079d28678d4c0c65f2a675b83e,416,416,3,0,helmet
hard_hat_workers3237.png,val,c99f32b9867f98e65cecf7daadacea1f449237b1f6064d384e58c2cc95c885b2,416,416,4,0,helmet
hard_hat_workers3246.png,val,59a88bc432f8e1ff15fc9ebda1673654a69562e8b163e9373451507b6f8ca15f,416,416,5,1,helmet+no_helmet
hard_hat_workers3253.png,val,2347b4f0ec3231ec353d79845b482896a07e5c4f9763bf766d0f5933137043c3,416,415,4,0,helmet
hard_hat_workers326.png,val,704d1e1a9761c093e504b250e3137b0d649511bb98afaa32740ad53a51daa25b,416,415,2,0,helmet
hard_hat_workers3270.png,val,685bd9f9c8a691cbef7ceca22db65adec30fc8d5b626a970be8b5f26db6e7460,416,415,3,3,helmet+no_helmet
hard_hat_workers3289.png,val,aebfdce4009b8b4c19e77047c260a726f781ba123c53caf94b90d9e48d8d8f8c,416,416,2,0,helmet
hard_hat_workers3303.png,val,4600a6279a00a10f45591e880d180698b2b51518eb264b2da078f844592f4a5b,416,416,3,0,helmet
hard_hat_workers3331.png,val,54a3fc0467a82e6694fa640d3d7107055ac8acfd3f2cfe4cdf1b0fe403fd8cef,416,416,7,0,helmet
hard_hat_workers3335.png,val,150aea0c86a546c184fab993f0c35fc0d0a15ed9b4cb97f7409336c5da9ae924,416,416,5,7,helmet+no_helmet
hard_hat_workers3345.png,val,9c1c25a6614e8ac9c30d78885b80fa808d50ee3434eb2f37a5be7f351852cce0,416,416,2,0,helmet
hard_hat_workers3352.png,val,8a5fcb7103e62af7f062c699c7ffd75172b834ac2365e8c694974f3015ce93af,416,415,12,0,helmet
hard_hat_workers3353.png,val,c0a3b63ae8f21c979d2c38b33c65058e5d35d23ebf07cdb15d7dde8e41bcb427,416,416,4,4,helmet+no_helmet
hard_hat_workers3358.png,val,865be6f267abd5ea2b0ee89eee64d2314a3c1e5ea6dbf2099f13b030196af874,416,415,2,0,helmet
hard_hat_workers3359.png,val,be72ab399be00e5e5c8a47fa4fd1276a11b778fde88bb7834d578f007b3c38af,416,415,4,0,helmet
hard_hat_workers3372.png,val,8f5be50c0ec11af8dc407e8348c9d63fd3ab52ce640f7d9be7a68032c36be2bd,416,416,4,0,helmet
hard_hat_workers3375.png,val,f28e70e99d4bec401f89e22c55064eccbe1faeb6edcaead7770520b70a973331,416,416,1,0,helmet
hard_hat_workers3385.png,val,ccc2db2b948f9cc2bbb35407331a0317bb70aa5ae7e3707f969006c13843dc5e,416,415,2,1,helmet+no_helmet
hard_hat_workers3395.png,val,9f6632df1882e9e9f8aa98d54db3190fd5e983eb6460f83d9549297f370c7313,416,415,6,0,helmet
hard_hat_workers3397.png,val,5957e3a12eca7eef1481e76197bd8933e78fec3a9d5ccb533a509525995f6050,416,416,17,0,helmet
hard_hat_workers3412.png,val,75c8ca4da3cc6d3eabb19e351a68f3c60f16727d41656b2ef3853adbf9b424c6,416,415,6,0,helmet
hard_hat_workers3433.png,val,702946d45618bc1f93963b295f672548ef1e9f425475c391c0ba31aa5a1c1699,416,416,3,0,helmet
hard_hat_workers3440.png,val,d3e4b1feddff547a6c10bc648acdd66c5a5e26b3dc4f540b8fe5e93a2136431d,416,416,4,0,helmet
hard_hat_workers3448.png,val,ab33c7078729cf671ec4cdc7ab187cc34a24f6bf056c47bc8326f680f14137bb,416,415,2,0,helmet
hard_hat_workers3452.png,val,81a17ece3c19c6182b4b56f9dd444a14d2b028b0621238abf32a221013b3422f,416,415,4,0,helmet
hard_hat_workers3456.png,val,e3299b056c110ed82f36d8b10d44c65dee9233526a49936fe52708b9d113edb1,416,415,0,6,no_helmet
hard_hat_workers3475.png,val,b0bbed6e65aa9c3aa9bb57e66e18ba656c77d258fa663287c178a55e772341cb,416,415,13,0,helmet
hard_hat_workers3482.png,val,237f773b39a8a01d969073fd12b3b7c1b9516c320ea0ba969b1b111f83fa71dc,416,416,10,0,helmet
hard_hat_workers3483.png,val,b90d1da9df0e75d52a68b724ffa8d4340c988a00248b8058edb1f426369587bf,415,416,1,0,helmet
hard_hat_workers3485.png,val,54c261d76ce078feba14a44a72b13695820b180782a85391b56c632f0c160b4a,416,416,7,0,helmet
hard_hat_workers3494.png,val,d3fa6db73899dc1985ab9fa5acabc1de99a77822198a18b5a26fe49e7951e387,416,416,13,0,helmet
hard_hat_workers3524.png,val,a4dc37c50dd69e293810fe2c6f039e75d570d7fbed762af22b5571de50be7816,416,416,1,0,helmet
hard_hat_workers353.png,val,27a45baf056c4a88f6ab90d3969b6528f8b1a0fd22d17e8bec1d08a044c0fa65,416,415,2,0,helmet
hard_hat_workers3536.png,val,1f4a063e0da37d40d4a3e0efd2f5b44188eba201bb562c88a05ac69b091bca27,416,416,4,0,helmet
hard_hat_workers3545.png,val,b4049f87d7dc52740b890c80899e8f164e26e626a3c6d63496eef72bfd4ae6e6,416,415,7,0,helmet
hard_hat_workers3557.png,val,c12e68393e18b431e71ac9fd1f4d1a16d5c6f743ebcaae5f883cc362adc22dec,415,416,2,0,helmet
hard_hat_workers3559.png,val,a99e67c69e53fd513233ec142123fe0a8b9599be245b076b82a838a936d88998,416,415,3,0,helmet
hard_hat_workers3575.png,val,c4ad6cc03de55e978253f1094f7e2a74f46b5984dbe463f7d2a0f612d8a09553,416,415,1,0,helmet
hard_hat_workers3576.png,val,e15b8f89447d8e016388371ccd7bb153c7b4d8958b6e3655ce30d3cf0d61ce47,416,416,7,0,helmet
hard_hat_workers3580.png,val,75fe43bfa00d2b00e4851f4e64a19dfa85bb9738cf059882aecec8c61e6b7f33,416,415,0,7,no_helmet
hard_hat_workers3589.png,val,2fcd21bbd31a28d18ef7c2c3d70f11e7831fc8938d2c8bc779c7556d17f3ffda,416,415,2,0,helmet
hard_hat_workers3596.png,val,57264343b0f5c74ac322f6be3f3d3c65b0312cae2dac4479e477c84b3e92316a,416,416,2,0,helmet
hard_hat_workers3601.png,val,ca7913e653eafaeff91a22c6ca969c4ff898495f07c2b414b56435fbd0a1e97b,416,415,8,0,helmet
hard_hat_workers362.png,val,46f5abcc5d0cd9613ea9317b306c3ea7630593ac7b3d3061a2898d8b5bfd1fa5,416,415,3,0,helmet
hard_hat_workers3625.png,val,38a2c63864f44d2eef91182db04a7b0ff3f8af99310fe7d0ddb3a0ae2d1acca2,416,415,12,1,helmet+no_helmet
hard_hat_workers3639.png,val,eccfbe088357395179dc2fa75dc5b101dd333f23d2c59205caab56c91c43f8f9,416,416,4,0,helmet
hard_hat_workers365.png,val,0869449304f41a001fff105951c4bfaf7045f383c3049d64eadb721243a6bab7,416,416,4,0,helmet
hard_hat_workers3668.png,val,c12007298b852f10bc2f8641467f1f4f7edfcc17c0f549f19e23c326a7867cd8,416,415,3,0,helmet
hard_hat_workers3671.png,val,762e6b92f5dc258288cdfe57c48c25c35d15f2f130bf8f7c4585493467f820c6,416,416,2,17,helmet+no_helmet
hard_hat_workers3675.png,val,fef229a9367f7d44b74661ab33342fc4002021e3b8c1e1f9630ec452678ba632,416,416,2,0,helmet
hard_hat_workers368.png,val,c692eda6d016082188135b7bdd24a6ddcf10e6724f0e52d61fbe17a66531ea4b,416,415,1,0,helmet
hard_hat_workers3680.png,val,1f961eb8fdd8ead7dc14c054aadd3ff1921e3ac17960d464d8b5c1d6747808d3,416,415,8,0,helmet
hard_hat_workers3713.png,val,545eb0c7941b2ca2b109f80792ae64391ebeac7a1519a4388ad94b4eba157438,416,415,2,0,helmet
hard_hat_workers3723.png,val,8a4a2683f0506a83b2137421ffd4e6083171b95b3a3d1d9e5b8cdbaa79688023,416,415,1,0,helmet
hard_hat_workers3729.png,val,b0453e7a139556646c778dc6d426b36da9006dab63d17c31f331e649750f146a,415,416,5,0,helmet
hard_hat_workers373.png,val,7ea080a115d4fba39a0ce106fab728865fa664597403a8ef4e99e9ec01096e2a,416,416,2,0,helmet
hard_hat_workers3734.png,val,d8a1a48c45bfd71b7b67a41ac51a3b088dcca69e985f10117b9491fad19617d4,416,416,1,0,helmet
hard_hat_workers3744.png,val,7b81e32a1dc3b1d80eeee46e60c5c41473592a6c406907ca26aeeb49f34aeb2e,416,415,1,1,helmet+no_helmet
hard_hat_workers3746.png,val,3b0d952290d5382e5e2d0867297049a693448cc3d9974a753881ef8f570fbb3a,416,415,3,0,helmet
hard_hat_workers3759.png,val,908ea3e6bd368cdeb96375656f2da64a00c01bb25c03aacb8ea215b36884d762,416,416,11,0,helmet
hard_hat_workers376.png,val,95b0eda2da6a96b7f58df3b83e5b9de6b518fd33649b0ee74a02cb04092eedb2,416,416,10,5,helmet+no_helmet
hard_hat_workers3764.png,val,c20e3cf30dcd6a95efbbec6600e678cbd78db07663b3ea3549cdbe2c8bc78c02,416,416,3,0,helmet
hard_hat_workers3772.png,val,8a4d54df950fb8eee7b63fd0b018566a22eaef0577d1655807d7d5ecb8d22b52,416,415,14,3,helmet+no_helmet
hard_hat_workers3776.png,val,d859eeb2bac667bb7aa64658deae277c01d52c1710d7d81a1acd05c850d3ecfa,416,416,2,0,helmet
hard_hat_workers3779.png,val,eafa1a13539fb54490812a3a02ed381e9fe34a15dd715ba18a5a0047879fb840,416,415,3,0,helmet
hard_hat_workers379.png,val,bd121834484b22dd479fbb0e604d29bc53c0d5676a767681f4840dfac03a4da0,416,416,1,0,helmet
hard_hat_workers3816.png,val,11e4761e9c611e9cdb4af35d6eabaa7c5960c2e631a8487a038620e1f438b786,416,416,2,0,helmet
hard_hat_workers3827.png,val,7a5ad3c779cd41ac7a3afa7a5b6b697443432623178ee0e0c5cec7da35ff0822,416,416,0,9,no_helmet
hard_hat_workers3829.png,val,44e087e5089e771c6ff4fffa35a02ee3665c586f504c897d10a80f95f7fa098d,415,415,2,0,helmet
hard_hat_workers3832.png,val,aabfeeaf48301e94280c10f42ec21b1cd8ae125fda425b628fef71b024d77214,416,416,26,0,helmet
hard_hat_workers3835.png,val,59f017be908d8c90b8a448987419d94299a468dc52b8071988fa20364482bcec,416,415,2,0,helmet
hard_hat_workers3846.png,val,b40cc3be05323d707260548f3f1985d095b683fef49d35f269f57a9987973b9a,416,416,3,0,helmet
hard_hat_workers3847.png,val,4a7999aa2e8e1a0e0c6ec56106edd56ff54e0ee2f9efd9c3a99119d138b0f4bb,416,415,0,5,no_helmet
hard_hat_workers385.png,val,92d5735573f72a4283793f629f168fdf880d20e9abe65eb4328ed77df5e93cc4,416,415,10,2,helmet+no_helmet
hard_hat_workers3855.png,val,8c150f9ab74e328ec2e437b10e4bb2308ab10aec8e438d6a9515531e4eb55953,416,416,6,0,helmet
hard_hat_workers3895.png,val,9392e54b13445b157a4f23484f95b0c1f6634c44ab09d97e9f9b3145cf6aa388,416,415,6,0,helmet
hard_hat_workers391.png,val,2d641ae0c47f1d6d020d7a7658836e059c99db44c41289ce30d931fa7bb12df1,416,415,2,0,helmet
hard_hat_workers3944.png,val,b6a65cf06d398a6bb821e390eb61982d803cf74c350ffe47a944a35dfaff2e74,416,416,0,8,no_helmet
hard_hat_workers395.png,val,6293d48589878fd306b2e65bd3cc48c9ded5a70e1cf488073d78fb7de8e38461,416,416,3,5,helmet+no_helmet
hard_hat_workers3951.png,val,def205925373daaafe45365630e181c98c94772e9b8078612f85362d906f73d9,416,416,1,0,helmet
hard_hat_workers3964.png,val,e628f15c13b899364001c26d419f96f7514c50dbbc68b7db7d93ff5ef5b1a43e,416,416,1,0,helmet
hard_hat_workers3979.png,val,d54bcfa12efecfd8462fb445b8a0e2b48736f3cbd7fd8083cc8a37ddf7408e57,416,415,1,0,helmet
hard_hat_workers3987.png,val,8d8563bc2b28b990cd19524ac53b3f7a72fe946e39e5c81a3656420ff02b4179,416,416,0,11,no_helmet
hard_hat_workers3989.png,val,943fa96c4f99af377f68e23ab587a1acf01a862dc23a45202059db3735da2584,416,416,2,0,helmet
hard_hat_workers3991.png,val,6fd966107b9ca2faa8ed9fe7ab9519d80a6c37ea385c6a128f4db348b805e5ac,416,415,6,0,helmet
hard_hat_workers4003.png,val,8c29989f65a8cd68aae6f7400856842e762324e5e93df8bc256fbae3366a5e50,416,416,3,2,helmet+no_helmet
hard_hat_workers4011.png,val,2c571c15f8c88d96e6d6f44b1d780568010d2c05d118935618697ab030ff397d,416,415,10,0,helmet
hard_hat_workers4013.png,val,71f4bdbc15f65a7796f75ecaa70f631731466876afeb272b970efb80ce74db0c,416,415,5,1,helmet+no_helmet
hard_hat_workers4015.png,val,f77e37e9e57fe090c53c1ba08d00ad9c37e2b890e2e9f95b00e0169165a7dc26,416,415,2,0,helmet
hard_hat_workers4017.png,val,aaf8f26ca78c380a4479e1cdf088109c742ba37a2b24e2659937c5dda2c373fc,416,415,1,0,helmet
hard_hat_workers4022.png,val,7090acc50b36a1a932b447933934ab2e01109c384918c2476babece229251929,416,416,2,0,helmet
hard_hat_workers4026.png,val,8716db34b388dfc0fadf8aa0de92b371930cb3397f851bbab4d35d2885be2cdc,416,415,5,0,helmet
hard_hat_workers406.png,val,ac894f845e64807a4edf10f9e3af6cb976ff8c08df3f1fc2b827dc4f38f97385,416,415,2,0,helmet
hard_hat_workers4062.png,val,0e5099a0f057ecc2a358ce5e645d400f26e44a0b73ccc7d2b87501ff2dd34347,416,416,5,0,helmet
hard_hat_workers4065.png,val,914eae70e77219bab4e278fe4defea285145aa0ae037498d94b07f3216b3c213,416,415,4,0,helmet
hard_hat_workers4066.png,val,d5d6ace675a1d89b3225118e2726044d660d14062c279643197030b03e9ece14,416,415,1,0,helmet
hard_hat_workers4068.png,val,4cb160d165df28071f611e6dc94acd3373e6db5b16347549cebba08908d6d299,416,416,2,2,helmet+no_helmet
hard_hat_workers4073.png,val,5ede586717378b2bf1b2456b8aa0e47a5fcb56efb4a5646d458f4be5bdee42b6,416,415,7,0,helmet
hard_hat_workers409.png,val,5fbab73304414f250d2da344d9d78b28d78ee49cd34a8e7d27acb0383961a342,416,415,2,0,helmet
hard_hat_workers4093.png,val,a45c38956f9181433f7f0eeb09167d0ca5e39354c5da9875fe670e7277564c6c,416,415,8,0,helmet
hard_hat_workers4107.png,val,2645024a117ffeb044ba8c24e133d8ed4cd1cbaa3815f4ac84c02b95df7231a0,416,415,10,0,helmet
hard_hat_workers4112.png,val,5c2c942a471ed175d0c1485aa864d74ab3a88058d03099d5593aea8291be6a4c,416,416,3,0,helmet
hard_hat_workers4114.png,val,fa9e53c35f89b2d341534699d9317bf7895d307164451d5412cd779bf4f372ae,416,415,3,0,helmet
hard_hat_workers4125.png,val,37d2ef670ee0d6c45887c9b1c6081a512553772afd37cca65e16475f6ff34bf4,416,416,1,0,helmet
hard_hat_workers4133.png,val,db411e7eaebfe45a2919e25540d364c4fc2a5d4e047b89200bd7161ac1b1a4ea,416,416,1,0,helmet
hard_hat_workers4136.png,val,5803435de9c6b124d70ab8a88f380e2a0f6f3b2abcf53d2f744458f72e145bf5,416,416,0,13,no_helmet
hard_hat_workers4141.png,val,f2519d3f89da71866910bf75354212e4915be638d2c5e86ef75b8e05406300a4,416,416,6,0,helmet
hard_hat_workers4149.png,val,535dbfe49ba2eb06c53adf06a52f2be49fc70f47b8f4db74021b201ab6545c4a,416,415,0,1,no_helmet
hard_hat_workers4153.png,val,754cdbfb7b4fb494be322b8f987daf7e91b64d036f9e2cde80f5d18226e2ac94,416,415,8,0,helmet
hard_hat_workers4159.png,val,2378d038adc2e0699be5abf4a09def00d51946baa5b3777aa4c55564f2ffc724,416,415,2,0,helmet
hard_hat_workers416.png,val,c23f05ca19c0630971bad99d3469269a9ba8a75898be11a3281035cc84956505,416,415,13,0,helmet
hard_hat_workers4211.png,val,b7cea66f822b4c9a73983d75d2f017a4d33e99716ec1b18efab89f350ed8b160,416,415,0,11,no_helmet
hard_hat_workers4213.png,val,27a54165bf4ff774709bf91b3aadb2c819637857aae2ef1c97ab0ddd06c54746,416,416,6,0,helmet
hard_hat_workers4225.png,val,c4034eaf21ece553ca865a4649ad6771674dff28604bb3a0e22f8afa9619c354,416,416,7,0,helmet
hard_hat_workers4243.png,val,13cec6ac7029d4aa79ac54f8a2d421ee7f2481a0e411319ddc45be5a9a98eaed,415,416,1,0,helmet
hard_hat_workers4262.png,val,98d1cd7d13dceff958e8a7bfcd6d8a65035aa1dd1eddf04784038d872b5792fe,416,415,2,0,helmet
hard_hat_workers4267.png,val,c1ef6882a7c5951c5394ef36cecb253dc5aeda0866844216df831d003d736ec2,416,415,6,0,helmet
hard_hat_workers4271.png,val,7a090e02534c33ee0bbfb7d962a7b8beba6e55aaabed83ba2e64986486dfeb8c,416,416,6,0,helmet
hard_hat_workers4279.png,val,a63748aa86c1a5ff10c5c7af332ff1053dba70e73aa50d21067a9c4f7d5e9b0d,416,415,10,0,helmet
hard_hat_workers4310.png,val,d6004243aa39369b6b22ed83f1ff832241872597ad6f0c881cf254d8b75a8322,416,415,2,0,helmet
hard_hat_workers4311.png,val,07f50924ef34f8c743c990e78b22e6e1117c64297e992fc0c62d63e71b9e7106,416,416,2,0,helmet
hard_hat_workers4321.png,val,1dda54f9c75bd8fb26f9aa136dc9bea2def930592444b2f1706d2e50e87c02b5,415,416,2,0,helmet
hard_hat_workers4329.png,val,d00fbf2d6ff19dade6af91993c5646a7ee87c675fa46861d265355338d1ebd03,416,415,6,0,helmet
hard_hat_workers4336.png,val,f3d02a9c58301b05ab6944ba4adfe5c8a7304b0d130463a20baba87720dc551f,416,415,4,12,helmet+no_helmet
hard_hat_workers4344.png,val,79a9efa5ee65d24566fa1dddc16ac6fb0606702d609d40a73c041d6fca495673,416,415,10,1,helmet+no_helmet
hard_hat_workers4356.png,val,e1f4955ba2fa266e219387ed100268632261f48e8917b2a8af28c57c0a8e9e68,416,416,5,0,helmet
hard_hat_workers4359.png,val,0da11c85cfea7793a0d3e1a8a61be748e4e87615db5946d1e47228f98fd1c2e2,416,416,9,0,helmet
hard_hat_workers4369.png,val,9c8377a7b70b490539510296c5aa9a9fe205cb50b0d472b73625f34aba124d59,416,415,1,0,helmet
hard_hat_workers4375.png,val,15210893240156eb7025659c4761a535eecc77db2fc905aae38fff7744d797ae,416,415,6,0,helmet
hard_hat_workers4381.png,val,0aeb4189367fc6d0b46db8ec55778653b4cd00855c06752740771a17b0ec1581,416,416,3,0,helmet
hard_hat_workers4407.png,val,68f48fd835ee76c5e874dbcf128a94a9bdc26149be1c57f41edb6d548f80d040,415,416,5,0,helmet
hard_hat_workers4411.png,val,e5371b8338d88742728d12d2bcb0cd513c6a4bc73f81322c771539b379b39db5,416,416,1,0,helmet
hard_hat_workers4419.png,val,ea02b4be4288beee5ee16b7c7ce1449f94e9fe9428d4812b4f3549966d63865d,416,415,1,0,helmet
hard_hat_workers4437.png,val,c5b5b380e72ee67bc06818d07a95ececb4e34bb212fb48503f947bb95ff825f7,416,416,4,0,helmet
hard_hat_workers4439.png,val,429c26db7585329c5c1b4449a729f192d817219f4477b7b3eab2f0f9a090546f,415,416,3,0,helmet
hard_hat_workers4454.png,val,b978844bc7177057d0448f8ee6321e00daddee540ad36e8d8706078e27f26d75,416,416,0,9,no_helmet
hard_hat_workers4456.png,val,c84c9c63530c59bba032a514a0ba7f05f2f389639bfe8687d605343e863f61da,416,416,1,0,helmet
hard_hat_workers4469.png,val,0e0f6ec5dbd8daf96d346fe1fea076c90ce737ae17977818859c0f27960b2962,415,416,3,0,helmet
hard_hat_workers447.png,val,4c69b3c6f6cfe5e996229a204989206e7bbc3253ae00aa004f3a583389b80c9d,416,416,1,16,helmet+no_helmet
hard_hat_workers4486.png,val,12699a87f9fce4c05a2e025108b812959b9c1c8287fe56d6d01f21be360b8b32,416,416,7,0,helmet
hard_hat_workers4501.png,val,472c7705625e2f6c89965cbeb5589dfa5326cac473f502ccb122bf5db6188fbd,416,416,0,1,no_helmet
hard_hat_workers4516.png,val,7241b03bc3842667fa56c080762b4d8913f3ad79272b3750d99ede35976fee21,416,416,2,0,helmet
hard_hat_workers4544.png,val,9cfa626117fb506167dc58bce6a477eb71c6507a79836cb77223576c8a42a2c8,416,416,3,0,helmet
hard_hat_workers4545.png,val,bab40371b3b681c7e40b669aa1cde5b1b0349623f45e333318ee7b469fb0c6bc,416,416,1,0,helmet
hard_hat_workers4547.png,val,d241492f9493a65d7d069e5a3ef309bb770bc4b45b891fd3b0cd89a1544b90c2,416,415,2,0,helmet
hard_hat_workers4557.png,val,ded7c792a8e3c4ce8209b2d35bfd7082eeaf917c4708eda3e6c1101e4cef1a24,416,416,1,0,helmet
hard_hat_workers4564.png,val,bc320aae39fa60285e401369385a7a9c98e23b98abd23b373f82e11a142faf11,416,416,2,0,helmet
hard_hat_workers4567.png,val,36a90ca04b0877329a7a083972e63805c7550238246da900ec7fed678e0c9ca3,416,416,2,0,helmet
hard_hat_workers4576.png,val,f7a2357d1a03c020266adb21255bd4ab948bae0baf67f357d31a39197dfd97c0,415,416,2,0,helmet
hard_hat_workers458.png,val,708caaeda810f0773820d3cbf267871034634018f0c6418f1a3aa108e68cf545,416,416,13,0,helmet
hard_hat_workers4582.png,val,66b4e93003147dea091a0cc98fc6acfb7a8fe892539c8550e490653dcb96b6eb,416,415,4,0,helmet
hard_hat_workers4621.png,val,3ba513a1d8fdd296819111fbc1b17b545fc5cde9a1a0cfaf0b3406096f73a681,416,416,2,2,helmet+no_helmet
hard_hat_workers4624.png,val,45588fb64e8242ba16e40c3be52ef0615db1ae0fc360d0867dd0e2666a2d56f6,416,415,5,0,helmet
hard_hat_workers4631.png,val,48199cefdd2cb1ffa40c462a55d42731d0427af92e59c7dd32369ba94257366a,416,415,3,0,helmet
hard_hat_workers4632.png,val,ba66f198f1c31c3f664c2037d35b8c4589243e6061b3a5f3d9ec3c5bd84c049d,416,415,20,0,helmet
hard_hat_workers4639.png,val,ba2f537e12b794093c7a445d5b4ef1fd9cdb2d0453e66f7e7ce32ad4335379ee,416,416,5,0,helmet
hard_hat_workers4658.png,val,e64c3fbdb68984ec3a91f169ecf06f83f453d2c3df611365ea0f7d4d01bf5fb8,416,415,4,0,helmet
hard_hat_workers4662.png,val,6888e8736f61f2fd9fe8538633610a665531c139daa3524ba6ef750b892616e1,416,416,5,4,helmet+no_helmet
hard_hat_workers4687.png,val,c313f273bd265016ce9ccfc865e92f8c567a010c32062ec33fd32978be3b3354,416,416,1,0,helmet
hard_hat_workers4688.png,val,2be84d28cc78f190d7a714504bf69aa8a2f56d975622e33d25e72cea721cdc9e,416,415,0,8,no_helmet
hard_hat_workers4714.png,val,67f6f129ef261b66769b9ac010cc89ea0e7aed599842044e1be488d0a98a38a9,416,416,1,9,helmet+no_helmet
hard_hat_workers4719.png,val,1c057409260a1bcde1ca86fdfef2f310d38b546194379eb1ba5b39548af5ba58,416,416,0,5,no_helmet
hard_hat_workers4746.png,val,ff199c20f24ae603b16012160b18a909317e1a865707580d150158038b99155b,416,415,8,0,helmet
hard_hat_workers4747.png,val,e8773f4270c9064ca9345a6642cce3f04960ea4bdc024542e80533d93b56301a,416,415,3,0,helmet
hard_hat_workers4754.png,val,3baf010ef262468f1f8aa433695fd26330da757ca936beca949376f886444c87,416,416,1,0,helmet
hard_hat_workers4763.png,val,b976617588676802623e0d03628dddf201c730687642d1b1f0a25dfc374cfa2f,416,415,2,0,helmet
hard_hat_workers4772.png,val,5a514a70e21fe7a3a68d03cdae4eed2c92842547314b85ab17036321bcc66e3b,416,416,4,0,helmet
hard_hat_workers4773.png,val,f8c82dc4705029d77c3545e2480cc95cef7c20bc50290c617cd210de1aa7c220,416,416,4,0,helmet
hard_hat_workers4775.png,val,363a49eec2b91ec6edb4cdaed5896727c30ec58185bfa1d85c0a9a1cd88a06f3,416,415,6,0,helmet
hard_hat_workers4776.png,val,3d332a7301fba6bbb03cfcd8d5bb473457f57de1fe760736fecebf7a8902189b,416,415,7,0,helmet
hard_hat_workers4777.png,val,c41d472aa579bd6605d32144566ccdacb751f9b990f2bfce6ffa376ffa0d9881,416,416,0,13,no_helmet
hard_hat_workers4779.png,val,b387ede760928b15f213051e0bd20d80fe2c69a6ce4b3e8d1ef9c8eac60b4b45,416,416,6,0,helmet
hard_hat_workers478.png,val,c645d7cbb68371e0802ee5d93600dd64fd5faba7b00a76fa945558b76e3b96e0,416,415,6,0,helmet
hard_hat_workers4786.png,val,561973cf5b24b38af3386ac2e6c33a7488551a7f59910455e7b4a8a4e455014c,416,415,15,0,helmet
hard_hat_workers4787.png,val,cf638556c94c91f2cb11f385f986278d1bf7c06fd0703ebb00dafda167eb4bb0,416,415,0,4,no_helmet
hard_hat_workers4811.png,val,e7e836c9201bd0cba9826082201e2cf77b6c0a3f5d8c003de7df948ebce80ad7,416,415,14,0,helmet
hard_hat_workers4835.png,val,87ad2af8dd2c00711258e7b3f1bb0450beda59e090954ccda8b0fdc269033d47,416,416,2,0,helmet
hard_hat_workers4848.png,val,36e8664d24ca7152c90743f14ed4664cc86bcd7f99eb4abf78818328d3ffcc39,416,416,6,0,helmet
hard_hat_workers4855.png,val,7866cdefa0c304bbb2ec9a3eb0be301285090fc04dd3851e35c44058f55a14cf,416,416,6,0,helmet
hard_hat_workers4859.png,val,019bf9115208d51e6e762ad2d836778a08a015003e36f5469b6a1f73bc40139a,416,415,2,0,helmet
hard_hat_workers4877.png,val,566296363bc258d22d49dacb9fa52fe26f9f1729dcb2027897823e93ae8e99e4,416,416,6,0,helmet
hard_hat_workers4887.png,val,acb159ba4c6bdbeb57690525b46799cbdbc9a5fc8e63bf1c60c772a93d989680,416,416,7,0,helmet
hard_hat_workers4895.png,val,65d32a2d4cf175064fe3bb51c1068d332ba366fbea754892a5fefbc42d81c258,416,416,15,0,helmet
hard_hat_workers49.png,val,f7969a2dc90045f40689dc27ce55b1616c842b84ce3ab9e412421c01a7beda1e,416,415,2,0,helmet
hard_hat_workers4902.png,val,46cc4aaf2df2898f2fb65a280e7647edf7d2133195914cfce0c70602e480a62a,416,416,7,0,helmet
hard_hat_workers4909.png,val,103e58cf84222bc83a8bd199f42bb0fed9fcf77a43987e2ea30d251505cd7b67,416,416,1,7,helmet+no_helmet
hard_hat_workers4921.png,val,d12a01bbbf41e0fdf609ec780ca3bd77fa793d4c269a7543283b76c0206eafa5,416,415,5,0,helmet
hard_hat_workers4935.png,val,0f592f93a33ebec863bbb1ef5e096010c88d539c0e5139d2e5b38621edc8fdc3,416,416,3,1,helmet+no_helmet
hard_hat_workers4948.png,val,d3d41d651ffd85781d5ef0fba51ba33ee2ab27e997559fa4b2e7ae6c75e146b6,416,416,3,0,helmet
hard_hat_workers4955.png,val,d350f8a97452d206404463558a27f1afc3875d7ecc0491719bb06c9c82f8f0b5,416,416,2,0,helmet
hard_hat_workers4962.png,val,e27f58611a89fb49166e6c3815cc4b1b30cbf014969dc489511e14c8b44caf78,416,416,5,0,helmet
hard_hat_workers4986.png,val,603d4d7e66eb53d6cacde23d6e1dca2b13ba3c11038fe243a589986e332bfbfd,416,416,1,0,helmet
hard_hat_workers499.png,val,82851ad9f8798cb43ea443fca7d4f691d35382d1e0aad561afdfaba0884df2b3,416,416,1,0,helmet
hard_hat_workers5.png,val,bed91f6da05523814728429d460219f210a29ddc41adbeff79126285a8e719e4,416,415,5,0,helmet
hard_hat_workers504.png,val,ecc8300487e460c60c42ce3989407c8e9d3c756eda5085c6dfb33c9af5b1723f,416,415,4,0,helmet
hard_hat_workers508.png,val,e6fe97f1e1cbdd68dcc6b65d14155908aaf2de1539904b71b13e6f4799a3a20c,416,416,4,0,helmet
hard_hat_workers510.png,val,6ed9e1362cfc301f9f100f163c19becfdb0e71f787d398cd531452557acdc7e0,416,416,0,6,no_helmet
hard_hat_workers522.png,val,c6fdddccdd83818c03fb4823f21acd686733028702d02a7aa5992c7e12aa1ac9,416,416,0,7,no_helmet
hard_hat_workers537.png,val,bf224445eb0787830860213b96edd7425067d8290ba622e532f4710cf850fdef,416,415,4,0,helmet
hard_hat_workers541.png,val,cb32cf73c7fcecbe885a688fa536734c370f8bf3db1f61817de42dbb9cb374c8,416,416,4,0,helmet
hard_hat_workers549.png,val,2857077e24fbdf06843dc369bb33cfd51fc4eecfc59c23d2c6fa089219d93e71,416,415,1,0,helmet
hard_hat_workers55.png,val,8999b617d40dd08ca50e61def8fc39861ab01c3d9ac2db545ce0e10d1acedca5,416,415,6,0,helmet
hard_hat_workers558.png,val,90c5319e23e18089b9285fbefd0b285c6067bdd01198d20b8f6a9088abfbb813,416,415,9,0,helmet
hard_hat_workers576.png,val,4cf9ff7bcf73fee66e0378d6117c35ca52247daca92502d42e1142782dba662c,416,416,0,3,no_helmet
hard_hat_workers598.png,val,4f25a7123192654219ab5c7e1adb6e37304149863b5dde2e7412b7de9a7f6d3f,416,415,1,0,helmet
hard_hat_workers634.png,val,dc221761b03b96ed2846d7578a8ad0e1cd095b5326985887dc5ec01464cf68ef,416,415,3,0,helmet
hard_hat_workers653.png,val,661e7a91d9f0d533fe8327b1c133a3291e8109e662c49dc6ace009f704e47ded,416,416,4,0,helmet
hard_hat_workers66.png,val,b2a226c84fa9cd806f065ddb6c93caa6851d14639f52e6699cdb69327c9c440e,416,415,11,0,helmet
hard_hat_workers665.png,val,e7aa540c610963f13515aec58f0e59319f426dae802948fea3e21c10bcbe3b3c,416,416,0,5,no_helmet
hard_hat_workers669.png,val,394f0c22213c9684cf5aa4f91920d49584e131753f49b61a76d652662d5a3168,416,415,1,0,helmet
hard_hat_workers670.png,val,92f44eec73e1a981216e8858c4e85d9ad4a49e5955349e16bf76594877a5e59e,416,416,2,0,helmet
hard_hat_workers674.png,val,70e37007cb83e1f649afefcc237d75f12f936a401b2b6c69ad539f46f85ddf57,416,416,4,0,helmet
hard_hat_workers687.png,val,9607ac1d4e8b30f10ece8ee4328bf8624aa3fad55c9b23b1ad8dbac93075cb75,416,416,1,0,helmet
hard_hat_workers696.png,val,623ea899aa0136b6ec1ce4edcd053f12d8543ba2e3a74e8032edf364ea0b4507,416,416,3,0,helmet
hard_hat_workers713.png,val,a7aa101d864855c513e298da6a10c0033869c58f147ab7d3be91642eb3d7dc25,415,416,1,0,helmet
hard_hat_workers72.png,val,27d65a636d01e105ceba27482be857bbf08d6d48908e03753fc94e4bc530f2af,416,416,2,0,helmet
hard_hat_workers725.png,val,b1a4902563cbeaf178413a11327dc57440e9aeac6c0322750bfe87579a59e3cb,416,416,1,0,helmet
hard_hat_workers734.png,val,dbe8707238e8924bd7358bcec8c47b03d7b31c781a287a7f5e8b4b9e1b03fea6,416,416,2,5,helmet+no_helmet
hard_hat_workers754.png,val,a2d1747b2219964aa3c02e3cbd407e29971693e8259630d7ae10d18af0282a3c,416,415,7,0,helmet
hard_hat_workers766.png,val,aa72da39813cf4cc50e1016dd6ead6e4ba5c984d7d3e255a932f0c8fbf9acb19,415,416,4,0,helmet
hard_hat_workers787.png,val,42a4cd01e04e8d0aab8311b6471aa87fbdfec6794f3e8b41febf404469c01e8e,416,416,3,0,helmet
hard_hat_workers797.png,val,78d47f22ec9b50a3c91fee3c64833af2a0c15b39cd1947d5890be4e3f6b26d76,416,415,0,5,no_helmet
hard_hat_workers800.png,val,a48e09fe716633e04c353d10a9386e2e9f95700d89e191721cd9f03901a985de,416,416,1,10,helmet+no_helmet
hard_hat_workers811.png,val,d9e6b9623312ed9b471a16f33c9c23070b324e260085d02c68fc93b91970e697,416,416,11,0,helmet
hard_hat_workers815.png,val,4aca3eed395bd974af6916b0c442ed5489db9f9728b01c5036c81fde36ba0015,416,416,11,0,helmet
hard_hat_workers816.png,val,cbeef94236684d181e28e23cf0d035f6634fa4f647820f48d0b91df7a28e8742,416,416,3,0,helmet
hard_hat_workers817.png,val,61559e88a059fc42d05f66368bbf0aae6e9352528f66c3967ce1e465309d26db,416,415,11,0,helmet
hard_hat_workers82.png,val,b5b592c5814212a18f8a09fd6ad64973933b0376b3f8e1b7a10816ad99cc984c,416,415,0,11,no_helmet
hard_hat_workers820.png,val,1bc43e3d981b73d750b8bca1b9b10d5cf5f903a01379daa4d9924b543760050a,416,415,3,0,helmet
hard_hat_workers824.png,val,c91f66802b1b7e29847cf013f0960791f5f032e4b7449b7ee88d7055862374fc,416,416,2,2,helmet+no_helmet
hard_hat_workers825.png,val,6c76f532c227d773b4d1982d5d68810b8ac811114fc062dab61d87f039356a60,416,415,2,0,helmet
hard_hat_workers836.png,val,5c91216b6eaf248b26327a8ea69505ce9529d140775c7a5dfba3628406a61086,416,416,6,0,helmet
hard_hat_workers844.png,val,8b1185b4ff9dece52fed37ba79c91c9f80f731cb90b84ba15c2b41b963e70feb,416,416,3,0,helmet
hard_hat_workers845.png,val,8b96a29d675768886c11df9e7984db01655f77cf9beeb4bb904866eb3307971c,415,416,3,0,helmet
hard_hat_workers866.png,val,4c3ddc988cd819cb957e5cf68f8a0529338fb1eedd2bbf2adac3fb4dbec76fe5,416,416,3,0,helmet
hard_hat_workers868.png,val,33a22b51c1432b86550bd1c35cd214d00d9b21f58a06d8506f85c87f0cd6e989,416,415,10,0,helmet
hard_hat_workers9.png,val,b6b40b3d6fdda5703b760913ca0e91e691fcfc9730a106157c661389e50736c5,415,416,1,0,helmet
hard_hat_workers900.png,val,9cc28b3f42040dee77050fc38bd21622aa782504e880cb4566ff5cb937954313,416,415,16,2,helmet+no_helmet
hard_hat_workers901.png,val,059bc54a4bf77701d61d9b67ae61c69d283a475db6d55ce58c5b1edcafe814eb,415,416,4,0,helmet
hard_hat_workers917.png,val,2176f2551cf32ce8c07b1729bd23b3e5fbd147f3d723601147aa9c76d6f21bce,416,415,2,0,helmet
hard_hat_workers927.png,val,c96fbc98178e8f576002e8846ebb837470bb1ff3af2740ce586131cf3b9f9aad,416,415,0,8,no_helmet
hard_hat_workers943.png,val,e89e21bfce96e9d96e209ec8459e58d370ff6a2c425d2f0924f53e64f5c0ce1a,416,415,7,0,helmet
hard_hat_workers949.png,val,5f4f6cfb788807b80afe44be950a5e8e3c0e2bbd0e125c6f3e847c51be0ba05b,416,415,9,0,helmet
hard_hat_workers954.png,val,e1182b9ae25ec4409ad0f8f86766ff5205d645650acd1930535ccfa4c411fad5,416,415,3,0,helmet
hard_hat_workers978.png,val,9315c9920eafde4f4b71cabb27550a0780a5369fd627a44987119101e89fa838,416,416,10,0,helmet
hard_hat_workers987.png,val,20ebb0261fb6aa50a5c995c69b5cc8b5f384518f0fa775b6f42186c892f15211,416,416,8,0,helmet
hard_hat_workers992.png,val,29e7c4e2727fd244435ed3e98ce03db749da6ffb4daff563f7c536e905a10ea0,416,416,2,0,helmet
hard_hat_workers102.png,test,c65296e2e4b65a27d6d40c60c36e066894e0a4552f79e148fdbb6579bc673d23,416,415,3,0,helmet
hard_hat_workers1021.png,test,6c14a4f2d24ba9018dc0a7d17ab7206f918bd2396d0cff2603054cfc0236f0ae,416,415,8,0,helmet
hard_hat_workers1023.png,test,a5bb6aecc04046638576e846c82bd3d702dfa46174c91c422a56890e3595991d,416,416,7,0,helmet
hard_hat_workers1032.png,test,7cce3a38ad051fdcb7b6dbb8f43addd6375a485c6786e28e4674ceeec545b009,416,415,11,0,helmet
hard_hat_workers1044.png,test,fe343d0aeb443e2600641185a47324ad9e05ee94c458ff736fcafc4aa26526db,416,415,2,0,helmet
hard_hat_workers1056.png,test,7b3a9ffada19dba68a2fa462586392312662bc495b0488d3629775b63dca1ba3,416,416,3,0,helmet
hard_hat_workers1064.png,test,0af1797eabe6c0df23f9d69da4eb6e5cfd44bca57eb1bae979b68517e6164747,416,415,4,0,helmet
hard_hat_workers1069.png,test,00b8fd169226f150a66043d4a5b3d6be640d40dfd7dcc983c919c0d871482c18,416,415,6,0,helmet
hard_hat_workers1075.png,test,21ff2be4b20654dce87c1524dc8a16a2e2da2aafd668a3b520ded8367043d679,416,415,3,0,helmet
hard_hat_workers1085.png,test,4b908d27b9b37f68e2e7e9398cef066781a8903f61b9d0b7f65b45b466d94b67,416,416,2,0,helmet
hard_hat_workers1089.png,test,a8cb10fef1105b2d5542ccaf6b1d83b965a7089ae1ec6cb34efc8fa0a2778dd3,416,416,0,2,no_helmet
hard_hat_workers1091.png,test,38537c4ce06e5e930bfabe7cbe8ebbc86706d6a3eed36380b20355cbfcdf9b62,416,415,0,13,no_helmet
hard_hat_workers1103.png,test,2062d793570a205fb642f70792fe83e9da8c4116d920e53497cae8ee71bc1700,416,416,0,6,no_helmet
hard_hat_workers111.png,test,eee000889b2d216660e7942d2f63079fb15b4abd4b09727970350e7ecf614175,416,416,2,0,helmet
hard_hat_workers1110.png,test,35fe787bd5fad8436f6e3f86caa89daed61871858e53b4213091b5e6aa7739d4,416,416,4,3,helmet+no_helmet
hard_hat_workers1112.png,test,de09e4188cce045c3d9363b0f11731b6086a2d1eed72bdd8021d3ebc9b0dd043,416,416,2,0,helmet
hard_hat_workers1114.png,test,175a395469f98e4d7a71d8ab05457f6d8ef9899552152c6091eed9e7c04f8481,416,416,3,0,helmet
hard_hat_workers1121.png,test,2cc9385cca80697f4cff07d920c0fb677c924cc96e91f2d93a8cc86a78895d5d,416,416,4,0,helmet
hard_hat_workers1124.png,test,1fce56953fa9644e185c158cf26e0491b5a9a44e109e3e84ec66d98c9dd5c4a8,416,415,2,0,helmet
hard_hat_workers1130.png,test,d5fa12bc40b07978f4ef138b8b4f0a885439bafda52f3037a265c53c3756a81d,416,416,1,4,helmet+no_helmet
hard_hat_workers1135.png,test,d7e1bdd17b0a95463b5a345aec7e716cee7f288636a8da6396d3e530f469185c,416,416,2,0,helmet
hard_hat_workers1150.png,test,8a65afe018c2568adf7d511c0da9d74d378295d26d8135c602d948838dff9276,416,416,4,0,helmet
hard_hat_workers1156.png,test,e52962f7cbe6cc507714f04c1477f5efc5f57cbdda29dc6fcc3413e6a0da0811,416,415,2,0,helmet
hard_hat_workers1168.png,test,73e910df5876550b5c17696800b217d8220466f1ea5de9cf19ddd89827a652b8,416,416,3,0,helmet
hard_hat_workers1169.png,test,27e4ae7d2ad5c5590b5e4bce0477f0321f80f1c3ddf1027746d322e6f1875e99,416,416,1,0,helmet
hard_hat_workers1173.png,test,f0e635f48f0966208f0b6d7e4cf3e3a81310e91b20101b004707dbd3a7103ecd,416,415,4,0,helmet
hard_hat_workers1194.png,test,86062c47900bce6733be3e0080cff47619b322deef4f0b35fcf57e77f548e557,416,415,2,0,helmet
hard_hat_workers1209.png,test,8558553f3660b57cefb7947110d30747f493c6f400d43e1ae887571a410018bc,416,415,1,0,helmet
hard_hat_workers1213.png,test,8443705860246b8dc7ab02e40431c6c707ba46b98a6edef45748413388deb4f2,416,416,7,0,helmet
hard_hat_workers1214.png,test,fafcd9bc83c268013cc1f517015c19ea56e8c3db8282cc3c7f3c27357919ac7d,416,415,1,0,helmet
hard_hat_workers1226.png,test,032363ce737e7a34d432be81f178f856dbb29644776de5b1e5149fd4d2dd8d14,416,415,3,0,helmet
hard_hat_workers1232.png,test,8ae850afb152df0991bc4ba6928accbfd5f5463f043e57cb6f9edbb257cfcdd8,416,415,5,0,helmet
hard_hat_workers1234.png,test,6ead5ebf424b3cc5ea2d927e936eb7e7b09724f510944b0f02c732630fbe129b,416,416,4,0,helmet
hard_hat_workers1253.png,test,21b7b68636b09f00615dc624a2090d8c0455c270466611be968e7fcef84767e5,416,416,2,0,helmet
hard_hat_workers1262.png,test,1940ab6595c85bfb59b08910c6fdfab57a3ba9caa4948bc3b54d1af1cd454a66,415,416,1,0,helmet
hard_hat_workers1293.png,test,2bcc3ae990dd0888209a55ef647e5a094886a795c9ed9938f0abc349316a8ae5,416,415,1,0,helmet
hard_hat_workers1296.png,test,63b5a8e318a0b928a0b9b18213976b650eda0346ba48f41e82a44067b87ff88a,416,416,1,0,helmet
hard_hat_workers13.png,test,88001c8ce8ed1544eeaa9f30e2e53d273c15dd90cc8fa8c05a81e8592b000935,416,415,4,0,helmet
hard_hat_workers1313.png,test,ac5a59f2e6ae6cf1d436a83c81d49a1d928f9ec38ec7ebb227ff7791fc641279,416,416,26,0,helmet
hard_hat_workers1314.png,test,621377ca68a9c40fe07f42c8e825b432d703f72cbefea4cbb76f25a1f2e688e8,416,416,1,1,helmet+no_helmet
hard_hat_workers1316.png,test,dfe0749b8ec131d50ab890a805f2f051e10d1bbf77bc629c99e0181c530e3d9a,416,416,4,0,helmet
hard_hat_workers1325.png,test,3938d8ad95e1d842d54f5beab6dfd02b32e900dfad08fd63ed8340114bacb76d,415,416,2,0,helmet
hard_hat_workers1338.png,test,42a4472f3b81b4c7f0799461fec6a8c3a674bae61a2ac382d9409ae075e9306a,416,415,0,7,no_helmet
hard_hat_workers1342.png,test,0c656c446842ec0dc4f40afb6a5b1c397206425cc663d204f40738942b1c9045,416,416,3,7,helmet+no_helmet
hard_hat_workers1359.png,test,8bdae3642fe95b6d41f21c8fd6bd13353f2bf86b09dba3a2d7c6d589cea13b1d,416,415,7,0,helmet
hard_hat_workers1366.png,test,cfa58bae3b68e11ca57d539e4ec15fa65de466dd966febe74679cc167d7dc31b,416,416,0,8,no_helmet
hard_hat_workers1372.png,test,37a5194269a67c774968bb7c2defbbd6449fab6fa877bf1e4d12190ce84f5853,416,416,3,0,helmet
hard_hat_workers1373.png,test,eee7c03c6dd412120dcc9b095eff037bc1d4aa60be8bfd2ef92c8910b6af170b,416,415,12,0,helmet
hard_hat_workers1374.png,test,8c23a7676235ed0f67f642cf04ef3038633e894d31c00a39143f0e67206155fb,416,415,1,0,helmet
hard_hat_workers1378.png,test,655da689f9a52c835c8a92eca2bb7b934998dc320082eb25ab60ab398cd034c1,416,415,6,0,helmet
hard_hat_workers138.png,test,9f693c6d8a7df99a1793356a85473689e26eb6915ba2abd970ecd2be61e3fe55,416,415,1,0,helmet
hard_hat_workers1381.png,test,fc6fb0dd0753bd963b501082a9cc803793806db909a0f8f8c83fc4b6dd6b9829,416,415,2,0,helmet
hard_hat_workers1382.png,test,bc2523943c6231e3719b6b0b18b10ec3de6a0230b72a0e680b973baf00cecd03,416,416,6,0,helmet
hard_hat_workers1383.png,test,4e922563ef36a8010dce4576be286cae7af191c93fdaf7e84412ed039ae88e7c,416,416,3,1,helmet+no_helmet
hard_hat_workers1386.png,test,f1475eebaa2385f57038dd8758bc973b038df1d3a14314b45ec27b74ab1ab17a,416,416,1,0,helmet
hard_hat_workers139.png,test,8d827525c8a104b05959dcd9a34a1f54e7e0a8866e4e22679452b5f03744412a,416,416,6,0,helmet
hard_hat_workers140.png,test,751c21092e08221e03ecc0fa95e35aba52991b1aaf1e99dfd4e4c66b04eb5c56,416,416,1,0,helmet
hard_hat_workers1408.png,test,c1894cd26cde817ccc1c3c3d420bfb8e77866534fdeb0cd74b010651847fa0c5,416,415,2,0,helmet
hard_hat_workers1417.png,test,1b6c96a9826b2b797dfcf2ba96008306a2c91482338f07efa0496d0130090e7c,416,415,8,0,helmet
hard_hat_workers1424.png,test,147b5240baa34952b2e2142e111a5a7ae7b3e4afcdcbf6a9261e762594132974,416,416,3,0,helmet
hard_hat_workers1429.png,test,b6f3f13866bc3bda2327dce5d57059c7a1b553878dbc1d9b216e47e8040ac62c,416,415,2,0,helmet
hard_hat_workers1437.png,test,e2121afa08dce3cf5b5f577f6241c7102513c8514215ff9e40a7d681005b29ed,416,415,12,2,helmet+no_helmet
hard_hat_workers144.png,test,615023921ccb8b254b8fb62ce13299a2b73accec8d181c65c38e82a8f22de606,416,415,4,0,helmet
hard_hat_workers1440.png,test,518a5926f995acb94e54568ecb352437edcd0c6aebaec5d301211ac012151423,416,415,4,0,helmet
hard_hat_workers1452.png,test,8aa73d0f8af28400b9b04210db2b6928429460c057519ece1a77c177dd51112d,416,416,2,0,helmet
hard_hat_workers1456.png,test,4460ba7b6a7b998d516643ae2f134ce48db8f29788e6e632ff537c285fd81894,416,416,11,0,helmet
hard_hat_workers1462.png,test,09a56ef267de0220bba3a231b02037ba831b09b83f1bfef6756db5d9c6194620,416,416,5,0,helmet
hard_hat_workers1465.png,test,14fc1c61471b4bbaff04cabfb6488d7740855b143b55f6c9afceed1a44cdbe17,416,416,2,0,helmet
hard_hat_workers1466.png,test,8a49f4ef6132eb3a988bb10c8685fb2cf6151a59a6b2fd4e01326926ee5f1924,416,416,8,0,helmet
hard_hat_workers1489.png,test,3b5ac1658a9e3789a7d603a4db7d86d95ed4312857f37fdd1e29540d47ed5b8f,416,416,2,0,helmet
hard_hat_workers1495.png,test,28b9467262dcb6f8fd38dcbe4977e480cffd2b0633253f19338573955af22be0,416,415,0,4,no_helmet
hard_hat_workers1500.png,test,4c22453baf7512f145da240682d0c1c34a80b8618527d56703b340c8acdfacd5,416,416,10,0,helmet
hard_hat_workers1501.png,test,d4cfb365bfdbef3a659b675d14641c9525afc530133a282bbb1f4ae31e387e00,416,416,4,0,helmet
hard_hat_workers1516.png,test,9b3137f3c81b4a53080d2cc83c9e614fd77652dffef33371d8230a51dc580efd,416,416,2,0,helmet
hard_hat_workers1518.png,test,8d9cd17372386dcf7df52c714b54ce8ece3c7ffa77a4e648eaae624e48e2cfc1,416,415,2,2,helmet+no_helmet
hard_hat_workers1549.png,test,26b97254639b99b6c0947401e5f0398a55afee3e5a28607e7c8861a65c0d67cc,416,416,5,0,helmet
hard_hat_workers1551.png,test,7f6da805c87d532dbf1bf0bb2043b6df35da8e632b8e27629769dbd87f31c1cc,416,415,9,0,helmet
hard_hat_workers1573.png,test,0683af6d185b6daeaaf4fd6e1fd26da8e150357c54334fa7a61cc8716487deab,416,416,6,0,helmet
hard_hat_workers1575.png,test,db6abf6b6234a918a6db55085974955cc8a6f7dcf3a5f3d1aa06fe9f636a8c3b,416,416,2,0,helmet
hard_hat_workers1577.png,test,3d25a7c25a591f4006ec971cf0f9b2cf4b9ba9668ac954a3c6ef4f04ed2cc25b,416,416,9,0,helmet
hard_hat_workers1579.png,test,946680d9530535e058d04284096ec13db24cec0f94e6111645a74bb786c8ae04,416,416,1,0,helmet
hard_hat_workers1591.png,test,0785ab99cefd813024be499c0d4c08b50c8a2eaebc8836b33dd542cb628dfe74,416,415,8,1,helmet+no_helmet
hard_hat_workers1604.png,test,f5aba19a219688cc6c7142656d3a9f71d2e6e72c8d5f60914bfc4a0f1e945a9f,416,416,7,7,helmet+no_helmet
hard_hat_workers1621.png,test,a2d239de7a1fbb8ff10f5f0591ce368236beb1dddd4ebbc8430fa6f72d125ab9,415,416,3,0,helmet
hard_hat_workers1631.png,test,d6caf95ecd0e827d73e00135ecaba2cb6fd969b998459e41855714014e7acebe,416,415,4,0,helmet
hard_hat_workers1636.png,test,fd93bb315a0a70ad43ac3b386a5b1194789a33893ffe388761106d9fc0a11e84,416,415,10,0,helmet
hard_hat_workers1691.png,test,e489c6b1d46297e71bcc4e5fb077790473950fa4b7304558284902306ad98f58,416,416,0,12,no_helmet
hard_hat_workers1697.png,test,36c578e1cc066a044993cf502ec5399d66c027e491eb60f59db45c7756873f06,416,416,6,5,helmet+no_helmet
hard_hat_workers1701.png,test,9063b964fd46e9342b3f93f4014adc731d4382472f1643190ac99a53410d73f0,416,415,5,0,helmet
hard_hat_workers1707.png,test,0bc21dac8ba93bf978bd57a9b4d0ca095f84651995a3c2a360b689f6d3e2335b,416,415,3,0,helmet
hard_hat_workers1723.png,test,46fc32e28c39a74025deb5ac63493011f86004eb6bf9bd6778ca7665f7754d88,416,415,1,0,helmet
hard_hat_workers1734.png,test,bac25bb54b7151881beca63003dd6c66437b3e46252bc8a7a6c8ea8ce5649b03,416,415,2,0,helmet
hard_hat_workers1760.png,test,a1ee26b9f0b5ab689924696759f5fc6cdbafd27d0ad0280a9975470935d2298f,416,416,7,0,helmet
hard_hat_workers177.png,test,7f25d46f9e045763c396980f86975edb6116db29f9be73a4f4967fda1150a1a2,416,415,9,0,helmet
hard_hat_workers1779.png,test,ea93dd347aeab1dfb4dcd5061ed73f98d96eb846dbd0ff051921e962ae4fdff8,416,415,0,2,no_helmet
hard_hat_workers1797.png,test,b15030185a51e83629593b110cb0f81783f5f94e14c4e280144cf378f7cbbf79,415,416,3,0,helmet
hard_hat_workers1809.png,test,70887d5540314dabedea6bca655aa756488ced48b84b53b0bc6503b74f51ddd1,415,416,5,0,helmet
hard_hat_workers181.png,test,3d9f3698654ab5cd05dc7cac8950803b4f9430b9a5cf09d0fc05b0e5dc86c20b,416,416,6,0,helmet
hard_hat_workers1810.png,test,97f230858b2e9320e3a82a0d155bc488b66ae0ad9bf57ac23d14d792364c0aa9,416,415,0,6,no_helmet
hard_hat_workers1824.png,test,5c6224b26af1b576ed3975a986c3a603bf63ac14176f919f8ffb954e5035d70f,416,415,0,7,no_helmet
hard_hat_workers1831.png,test,d4f70954634a8ef37186c7a313423df97b6915cdb6e157e4c2cf0f2c708bb9a3,416,415,4,0,helmet
hard_hat_workers1834.png,test,841c26af0d73be404aefc2046b79918653be72f73b8b2abf5c110c552c92fa19,416,415,2,0,helmet
hard_hat_workers184.png,test,f9ceac590fe516669ace9278b7bd26927564aa818a261cc4db6290fdf39474eb,416,415,1,0,helmet
hard_hat_workers1846.png,test,68769be340d13bffa1e2a3b1864c1bd69150d19a7a20b827be24dc5b25e304a9,416,415,3,0,helmet
hard_hat_workers1847.png,test,f3e9b7ef85fbeb3dd29a3817878ed432074ca5dcba41f948cc7912b85c1a90d2,416,415,0,7,no_helmet
hard_hat_workers1849.png,test,32e98b2f6415d881b047ecba289a271ae025f278a595db0ddb03936a99facbbf,416,415,1,0,helmet
hard_hat_workers1851.png,test,21d824fd3cb935ea5f654c23c1617cdc1a046b6b51040f8491d70aacca03306c,416,415,1,0,helmet
hard_hat_workers1853.png,test,fc11724878528395776607acd5b3042ff3afa7f1d603ca8d5d27566f6b08d8a7,416,416,4,0,helmet
hard_hat_workers1855.png,test,fbed53e0746272345a49cb97c1c7bc1dafaac9aa13c6bd8456ad93b7dcccd1b3,416,416,2,0,helmet
hard_hat_workers1858.png,test,0e9a2afdcdc121c7a7674a05350a50731f6d78f1205e4dcc850e64c6b79091a1,415,416,1,0,helmet
hard_hat_workers1859.png,test,42efb6eaac4ddb159d1a18552f10929e3ae598b683a97c35e073e22b4b1b837e,416,415,7,0,helmet
hard_hat_workers1866.png,test,c416987e112dc9f612930bd9ba89ffe1fcabf12e19a4159c5ab5106a088fc394,416,415,1,0,helmet
hard_hat_workers187.png,test,bbe964c68442f78a3e49ee4c3ff880558fdb8450dc1b117b2af1267ea3dc5093,416,415,4,0,helmet
hard_hat_workers1875.png,test,1c4e22050fdc4db51b4b065dd8959f2804abad9cab7e3137ed44bc01e6fff4c3,416,415,0,7,no_helmet
hard_hat_workers1882.png,test,22872c770546546d9f4725c05d2081840ac7fd8540264eed6eb83886b8d808f7,416,416,5,0,helmet
hard_hat_workers189.png,test,184fd0019171258ba4e927308081b4081b296c38713fbf8bc0e39eab17e8966e,415,416,1,0,helmet
hard_hat_workers1891.png,test,32129fdac38ef7eae470c44675debfde7afd6ddcb421bdf850b1553bc331f910,415,416,1,0,helmet
hard_hat_workers1906.png,test,9326c32124679399b3e39d471b9d75373a37c7b40f252cbf103a73599082ae7f,416,415,4,0,helmet
hard_hat_workers1911.png,test,2a12ee7a43cca855fa5a31ece5be535550b9c88be5891775dda1806b6e1ec131,416,416,2,0,helmet
hard_hat_workers1914.png,test,8595f3209ccb23fc2b871449dfefffb2992af3f94b6ea3049db4886dd4c92a5f,416,416,0,7,no_helmet
hard_hat_workers1918.png,test,b7184f19fad92eb87cbcc0b7733d3294d54d006cca351822f037bb008ba37ecc,416,415,3,0,helmet
hard_hat_workers192.png,test,4c3b24ecfe8f367d16371753e47bb5d6a13b5b0a26fe698603e4cb9523bba010,416,416,6,4,helmet+no_helmet
hard_hat_workers1922.png,test,411aa5ad8f6188e3ad4aae3809e4c7892a6ee696c87d942d8cec068ef141ce88,416,415,2,0,helmet
hard_hat_workers1923.png,test,3f2664c87dfd39bd36dd6447c593ea369a3055bef279b4120cb11274e9087728,415,416,4,0,helmet
hard_hat_workers1928.png,test,195713330044720cce7f52f51f1012285d8c585b4488c52910fee79689a11f44,416,415,1,0,helmet
hard_hat_workers1956.png,test,3f7d434100f2bb0890bef8df8977a15e24aef5fb0bc6b553a4ff7a4a738a4353,416,415,4,0,helmet
hard_hat_workers1981.png,test,85c7bce87089b1ad960480c549ef8178438370e19b9b7ccc54fa31d188250816,416,415,1,7,helmet+no_helmet
hard_hat_workers1998.png,test,35a7155eb965da3e7511c3c2ff84ebe444846bd1f174c88c71f7d0a4df5649ca,416,415,1,0,helmet
hard_hat_workers200.png,test,2c4af04e1fe77c0540d527b7e609a699c05535914b78ffe188032269556963ac,416,415,4,0,helmet
hard_hat_workers2007.png,test,b09fec56a89e12deeeecf2c4c97fef3dca293bc55328365e3602c092e26bfb3d,416,416,4,0,helmet
hard_hat_workers2021.png,test,7f67bf6e36894625224f3c5b46d62d9bfcba885bc86f233102cd8ac846a98020,416,415,5,0,helmet
hard_hat_workers2027.png,test,fb1b92a1fa2b2975ccfb15857c327abc0616618f8b1e69e1abb41271238fb3f3,415,416,1,0,helmet
hard_hat_workers2036.png,test,a8a842bcf5e629f6a9e6c625baecf6b1438f867b58d843630dbf0cb5b95c5757,416,415,6,0,helmet
hard_hat_workers2044.png,test,1a99e94bdcc1b937efc43e78685b5747c501519a158a3d3998e35cd22b19dead,416,416,3,0,helmet
hard_hat_workers2047.png,test,79da95ecc7f421e9de145430d9e73af2f8573887aa0d017e4de44674dd2aa5e0,416,415,2,0,helmet
hard_hat_workers2048.png,test,1763270dc9c5a517dffe67024e89179b7d6b3c67ea33d94a739f0bb171a5b659,416,415,5,0,helmet
hard_hat_workers2069.png,test,58a86143dde5f8b585828c821056db8714c8ee9a9972636667f02a276561d070,416,415,1,0,helmet
hard_hat_workers2070.png,test,ba2a0dad7ff00788d657457ef40c492168234d4ab6b2429fe9209387e1461353,416,415,1,0,helmet
hard_hat_workers2071.png,test,bd62d89e1a114370bf73f5c9383058db6568a252d0ba2169236b6f0b0a83395e,416,415,8,0,helmet
hard_hat_workers2078.png,test,d24ff4e2d686cdb5a701b718c8c79fa5b7427475e9f01c43fa7a05b8b91a39b5,416,416,1,0,helmet
hard_hat_workers2081.png,test,fdffbe9ba5e0bccf168076d07591b4704d4122c48c5642f8464793335deaf241,416,416,6,0,helmet
hard_hat_workers2103.png,test,e4ba84bfe45ce65fb7e5eafb284ed371b0119b373dd8e42b8312bf073021f26e,415,415,0,3,no_helmet
hard_hat_workers2117.png,test,f7bcb4038ff79711b42428abd70bea005dae772cf41a3342a2a24de153ed4992,415,416,3,1,helmet+no_helmet
hard_hat_workers2134.png,test,3964c965d724b6f4ff64b94bde6483901f30e095e1bc3213e5ebc24b126c3310,416,415,8,0,helmet
hard_hat_workers2151.png,test,a98c70a651e1311be5f80e763b2ce25232de7c1eccf6f7c1cc99a37fee387096,416,415,2,0,helmet
hard_hat_workers2164.png,test,25f2ab3042877620759a418e22a726b1e5e3c7234e4617b9e30a9e5ac70e977f,416,415,4,4,helmet+no_helmet
hard_hat_workers2170.png,test,3ac3bcc48bf7ed00b146f8a8cce3405d46419eba1643977bfae748bd516dfe8b,416,416,6,0,helmet
hard_hat_workers2178.png,test,86c8dcc7e7aa44c0512765feb68ac9dad0fd333f577e2cc93115ec669c760a14,416,416,1,0,helmet
hard_hat_workers218.png,test,94c52097346470a14b3c84368a0dd6adb455ec6fa132007608846c3d37b491e5,416,416,12,0,helmet
hard_hat_workers2188.png,test,b9373c618f3ea64fc98781ff8b9352574995a114ee020c8fdc7f6cadfe7fb290,416,415,2,0,helmet
hard_hat_workers2196.png,test,923c26d83e7637e9d570305fb276c4517db23e2fee2c393fc2078d17617fff75,416,416,10,0,helmet
hard_hat_workers2199.png,test,0725a936b89aa5e6cbf7e13eb9ccbbd656a7ebdba586526c783f0e21a7c84149,416,415,1,0,helmet
hard_hat_workers221.png,test,52ad45d50217627fc7c568b846eb4adc336394e023736201b86bfb234594f99a,416,415,2,0,helmet
hard_hat_workers2217.png,test,f9f1a4fd7fb607fcc0048c68b5a8adbcb9c295835fa1ab7e8b1c70be08b1ba06,416,415,2,0,helmet
hard_hat_workers2243.png,test,4dfe993e4eb9cea20b00f8fdebbd93f19e99bb3e6887d3fe0d84a47bc8979040,416,415,0,28,no_helmet
hard_hat_workers2247.png,test,f8861cfd2f3ef3e017fed328bf442f66725c45cb47bdb0a15c8a8c0f4ccdadc4,415,415,2,0,helmet
hard_hat_workers2265.png,test,95c4c2a6468c6a8415aa4728948ffa944dfa914368d64d2723b3c9d0c756f1a3,416,415,4,0,helmet
hard_hat_workers2297.png,test,f8eecabc6e1dada2fcd38aeabdc3a417e578efbbe83c69897d74c2af0a1d5c49,416,415,8,0,helmet
hard_hat_workers2328.png,test,211013ee840b70779b8da24b643e2e712c178bf89927246e83e48080bf66a656,416,416,11,0,helmet
hard_hat_workers2343.png,test,97ecb428f66dc1b5e4d2166d19903f22da7b7db3ef12d7f8dfeccdea630e66c4,416,415,2,0,helmet
hard_hat_workers2345.png,test,8b8358e4d1aa677ed04a4b1e6e14444191fdb352248555feac9dfcf279a20d50,416,415,2,0,helmet
hard_hat_workers2351.png,test,13513f17435afcbbe0989613a0c606b1c207d51e0a451087c9f62bd2ec265ff9,416,415,3,0,helmet
hard_hat_workers2352.png,test,83425f7e395d0f3f58fff46b5299d4949d4dea41933c8314cd4d6bf4ba3fd7ae,416,416,6,0,helmet
hard_hat_workers236.png,test,23e53ea9e406a4b4ca18e3523c46879575e2da2361f7784f498a70cbbd6f09b1,416,416,1,0,helmet
hard_hat_workers2363.png,test,9a46f286e836d966ed06121ce25fc33b771430dd3b500ea920d7da765647893d,416,415,14,4,helmet+no_helmet
hard_hat_workers2394.png,test,06fba03dac4feceda1e392bf26c60fa56d66d65211ff4c1bb662c7fcbb806626,416,415,9,0,helmet
hard_hat_workers2396.png,test,5116e06c3bc1a9d8d6c2004904d563ebb9acc8377cddbe8c625b2a95da53f0d4,415,416,2,0,helmet
hard_hat_workers2404.png,test,203020e94139f34e2890824648548f3d3725af39a52fd7e1685545753263396d,416,415,2,0,helmet
hard_hat_workers2411.png,test,ce9c371d68734bc19aaba9caa258d5b72298aa1f3c25d6efabe6a2d508e4d8b2,416,416,1,0,helmet
hard_hat_workers2415.png,test,5be093005720a849f63aff1382fd3ee9cc79c4d48ba440a6dd3dc4bae3663f63,416,416,6,12,helmet+no_helmet
hard_hat_workers2419.png,test,a26ff48beba5900064d7fc2ed6e51c35f3924ae61d694d97b2b07b4db4d7ad5a,416,415,2,0,helmet
hard_hat_workers2421.png,test,cc18f4e40582fe94e183c432fd40abb150ad69c4c659d4996c0b5b9022ec4b3b,416,416,0,6,no_helmet
hard_hat_workers2434.png,test,75077ab227bf48949d5c23e26ec39aa8f6f7313ef01b2e30235a9e875c5a0c11,416,415,3,0,helmet
hard_hat_workers2442.png,test,f9ea2a7b5cfcd88b1e42aa3b4bbbfcf479e87984e6c59b6bb5cc48f1b07dff54,416,416,8,0,helmet
hard_hat_workers245.png,test,45a5088fee96de8e63d0960da16ad41ba5dc2827faf9c933709382770080fd7a,416,415,14,4,helmet+no_helmet
hard_hat_workers2470.png,test,2b2d54262dbb32e316e045c39dcf0975fecc8a3343d00fea743cb150b8baaf69,416,415,6,0,helmet
hard_hat_workers248.png,test,c7bce8f0f162a52b0fdc0073b4d1d1d4eae7da66647137c60e32a4d5b139dbdd,416,415,6,0,helmet
hard_hat_workers2487.png,test,615474c487455f8965bc03bee61aa19458317fb5318276983e36df69d118354d,416,415,18,4,helmet+no_helmet
hard_hat_workers249.png,test,8ebe376af0c4a7a06236aff46eb16a72a4de718e0baedb64c43fc85b6680ea38,416,415,4,0,helmet
hard_hat_workers2519.png,test,92061fe1034c500bb518d29f31a10dbd5b9da2e311262e8d34b9abbf8ecc310d,416,415,3,0,helmet
hard_hat_workers2544.png,test,37759246bb53b18c1ca72c7ecca26ba3cc2e5ed8b69f0086ff2711695f02cbfa,415,416,3,0,helmet
hard_hat_workers2548.png,test,5de3774fdeddc9bffe56286432cc1edae3306b019aa91d6251843a7cd36041db,416,415,4,0,helmet
hard_hat_workers2550.png,test,61cc2e2722dc15b76d6a6d5ed350dc3652e3b116ec16f87c956783aafce135a0,415,416,1,0,helmet
hard_hat_workers256.png,test,7135e4942b33ff9abb5efcadc7b7cb11f9564a63da1015e8ab95cbe41e91fc3f,416,416,9,0,helmet
hard_hat_workers2583.png,test,38a94addc3629b368138731772126c2c0300b4111b0f06eff5425241ed276845,416,416,3,0,helmet
hard_hat_workers2586.png,test,a76331aec3230612fa895b3e494e38fb4da05fc2ec474ee392269226ed52e7ff,416,415,2,0,helmet
hard_hat_workers2591.png,test,055af65126d3e7f73b2a95d40249d68a171f7a8073e59fbed4e26ea07e8e93eb,416,415,4,0,helmet
hard_hat_workers2599.png,test,8763ad73d0d870fa3fbc95f6be01aca3947c6573e706e8d4838eda84e42796e8,416,416,9,0,helmet
hard_hat_workers2604.png,test,3a7e962936a8330d1dcbc9653ec4f3c4446707e66008828b6977363b31d3608c,415,416,2,0,helmet
hard_hat_workers2618.png,test,326b13d3fd556c1ebab645d640c7ac2d6b7e5e0b8dfe12761ee437bb02053dde,416,415,3,0,helmet
hard_hat_workers2621.png,test,8ab47b35b0b0a4e37d87c5dfa2cbf277a999a35ee68c366b64958fb4431bc0ab,416,415,1,0,helmet
hard_hat_workers2631.png,test,38e019e1a084012e17eed3e5ecd24ce177b6791c2e67e06d3a98696e856ecd7e,416,416,2,0,helmet
hard_hat_workers2640.png,test,60ea19c828024e01e4806cf2ff9ccf5f6c58188cf451f22ac202f79bc62aea1c,416,415,17,0,helmet
hard_hat_workers2663.png,test,1c5de3442a129fc229d53a3945619faf9846dcd2cf6dea4d10629f728b240024,416,415,8,0,helmet
hard_hat_workers2668.png,test,b1ea1a90206ee35eca9e80bcf1b022fb42f059ffcba913badd9a61777d0a09f8,416,416,6,1,helmet+no_helmet
hard_hat_workers2676.png,test,b897ef301141d61b35478aea7aac7cf54041e8eee65c5ed4cda162f6d0a45fd9,416,416,1,0,helmet
hard_hat_workers2682.png,test,677588e827c0c6221431a4621b38cd3bfcc1e3f44c89ba48e1d8f5bc57aa809f,416,415,7,0,helmet
hard_hat_workers2723.png,test,9db58562fc10bc0fdcaec84cd32d7279b2a204f1b32b009bda0ab58ee70a70eb,416,415,1,0,helmet
hard_hat_workers2728.png,test,c36bca1887eebc36c02899f9dc21a2a2fbcbde97a0775eb47510d97b83274080,416,416,3,0,helmet
hard_hat_workers2731.png,test,63a8bf1c3a1826743999f911007ff113b37d7b9a79b8131b44d2c57728046c02,416,416,10,0,helmet
hard_hat_workers2733.png,test,bbdf5f90f7021f08db609ae9691bf8fcccc3532c98e00cd63e2e26ea7388022c,416,416,2,0,helmet
hard_hat_workers2743.png,test,a7346f402e956acfd26e3dd6ec0dde0cd6250d4c49a797ddf999864e9fbae643,416,416,38,0,helmet
hard_hat_workers2751.png,test,b0286bb5ae5961e51e40865f35f8b5fcbd17160221547cc7099c2bcefc8a619d,416,415,10,2,helmet+no_helmet
hard_hat_workers2752.png,test,d36e4ccef3dd624a664db271b9579d63caa4480e8cc4b44e40f85fba0a13973e,416,415,4,0,helmet
hard_hat_workers2763.png,test,7943133948dfc2508dd1b6f536fc7925f22ec362390593aa2fbfd7308d3f2dab,415,416,1,0,helmet
hard_hat_workers2778.png,test,e60c9fe950928499e58c75ade3c4c5b8df95836d07ed0cdcc8839bfebfd48cef,416,416,2,0,helmet
hard_hat_workers2784.png,test,98c7a4818491c78ed0b54b23b0c9edfc1fe25074523897bb1e252839b369cfb6,416,415,2,0,helmet
hard_hat_workers2798.png,test,bff0fdf20afed4a9cb4702cc0eeecd6e9922e9061114629c0298764a59294f2f,416,416,6,0,helmet
hard_hat_workers2804.png,test,21b6f0f874d79399f92ad279ba2b6d386061ac0a2269815d10af195fbe8e5fad,416,415,5,0,helmet
hard_hat_workers281.png,test,de6907e2cb45baa3231e5ed20dbfe950ec21e91b567631380d9271cd71c7669b,416,416,8,2,helmet+no_helmet
hard_hat_workers2825.png,test,82ce90b4f709974137f03bf9f395137e38d15ac7e7a8a59f775c00a58469dd73,416,416,5,0,helmet
hard_hat_workers2828.png,test,8db004b8baaa0d4b860d1924d62bda381bc6e8654ea48455db04a059db2b701e,416,415,4,2,helmet+no_helmet
hard_hat_workers2831.png,test,bb8807e626a9aa4a4eac3679ea505d144197ac214e7cc54946bd9a4aaece5de1,416,415,14,0,helmet
hard_hat_workers2837.png,test,dc47f7fa3b9d071699befb52e6a5af91a54ba7bba84ab7187b7dcc539914840e,416,415,2,0,helmet
hard_hat_workers2866.png,test,2966d6ca81f072ef28892c4da5f5dc583cfa67670234e85ec428c238014196b3,416,415,5,0,helmet
hard_hat_workers2878.png,test,f1c0c9823dd50e0fac15c797d8cee832893cd44b3a788c6c14edc6830e0f88d5,416,415,2,3,helmet+no_helmet
hard_hat_workers2884.png,test,dd67983fe923b8d743aac9d4c42f7ebc4c7cfac2a2d802a43ec393513649fd40,416,416,4,0,helmet
hard_hat_workers2891.png,test,ebb8bc8cb79fac5d4b5d9e6f3be04309bc88ad9586ef519d33cce91dc5b9ab30,416,416,1,0,helmet
hard_hat_workers2901.png,test,fdb1d2475ad2aa46958e7eee518e1ff755b0c8ea345463c8931ff49b1f447336,416,416,3,0,helmet
hard_hat_workers293.png,test,e80dc36dc0fc1fb9d53fa0696495129b0f7bcc992b8415dc419aced886cfc5ef,416,416,2,0,helmet
hard_hat_workers2935.png,test,66daa9ce3c0883318f9d3abcb0ce27655d82fe4bccecfc7823ba79281990baaa,416,416,0,8,no_helmet
hard_hat_workers2937.png,test,a3e6ba1ed681e925e9745fb95c2e6313c16d79856019d0e2e9b895c97a78f514,416,415,5,0,helmet
hard_hat_workers2939.png,test,fc9af80ba27c01882e9a3832839e74dfa3b3a4cdc153a96cd2ac75625e257b2c,416,415,15,0,helmet
hard_hat_workers2954.png,test,d6c7191fb046a0af6118f6a089167c6479cd7d6c460e03a51d8193af60bf72e0,416,416,0,8,no_helmet
hard_hat_workers2955.png,test,f3e1881a138faf5650897ffe34789eb24166095e158254a8d2002bbc8798b027,416,415,1,0,helmet
hard_hat_workers2985.png,test,45770ef6e817ff8c1a61fca2c10162c44e59119cbb6c0b365455bdbfa7651f07,416,415,7,1,helmet+no_helmet
hard_hat_workers3001.png,test,27dd1212a712f5940d5cf7863a2518fe5ff15ece9e6a72e1308cc6a474086a18,416,416,4,0,helmet
hard_hat_workers3005.png,test,4bcd2aaa5df2eb1c89e86b550704a689ca9ffce2199d373dfb5efe9e2e8c92f9,416,415,1,0,helmet
hard_hat_workers3013.png,test,b82bc2e05107ee742a175f0fa68803ee755886cdd1dc87913ca4d8511e28e9ac,416,415,4,0,helmet
hard_hat_workers3014.png,test,8f5730a93c083e4f33b9728d09f30679ad8da0ac81c7ac4ae18b9571106fb4ef,416,415,2,0,helmet
hard_hat_workers3015.png,test,861a7cae6e11b4f61c3f7f8ea4164465a8a89a06b10a19988e91b21f72f88f1b,416,415,2,0,helmet
hard_hat_workers3019.png,test,94d6c9c21e0d94da75435d1760ed521018dfebdaf9c5dae5dfe064f1e0da9eb0,416,416,1,0,helmet
hard_hat_workers3028.png,test,7c4023458cc719b977bc795b2d71d860821b59e93dddb6b0c47077a67555d67f,416,415,3,0,helmet
hard_hat_workers3029.png,test,4a02bfb2c00803375152055aa86ff8ef0d5f3078130abd39ed980fedb7fd32ce,416,416,4,0,helmet
hard_hat_workers3057.png,test,f2440bf18037113379570e620149f2c2c0fc07c9630b1c2634e23cb4fd4bf80a,416,415,4,0,helmet
hard_hat_workers3073.png,test,59058e7cda5d526099007dba8d379d1694efccafccb22eb9985795d6e8c5f244,416,415,2,0,helmet
hard_hat_workers3075.png,test,3d5d52f971dbe6f78e2afdbff79e2476321c756d10fd348d036a448e6394a7f3,416,416,4,0,helmet
hard_hat_workers31.png,test,05097dcabb8b2ca045ca492f55959a3c5b8f0a97ff4798465835d1a8e3956382,416,415,2,0,helmet
hard_hat_workers3111.png,test,ab0ff6ed09286553810ccc36846bafb0f82de1c1c41aff0d8a718877187b1eb3,416,416,2,0,helmet
hard_hat_workers314.png,test,17206ebac0a99305754bfe306e9aac93a2478f100c5940df29159bb16c47d32f,416,416,1,0,helmet
hard_hat_workers315.png,test,58a9ed7b3f1a883352a640f03774855eb2276f167aa6d265cb925a18535385c4,416,416,6,0,helmet
hard_hat_workers3168.png,test,5f512029860ae6e35bc0f396bf5b858f3c6df6d583013daf83dba81219954443,416,415,7,0,helmet
hard_hat_workers3170.png,test,dffad4ea5828d34a3f7c5854aab55b2ba867b7ead5031e47bdd66a39f9e1772d,416,416,4,0,helmet
hard_hat_workers3181.png,test,c2eb30d5390a9c1b55b208390ae928f07bfeb477d0c50a5f58f020ed7f420420,416,416,5,0,helmet
hard_hat_workers3187.png,test,52e0522d0fd756c0fbea52fd41ba1a2839c7937aa898400a7bb53601bddaae84,415,416,2,0,helmet
hard_hat_workers3210.png,test,943f595041a8e15b3973a53d1521c2c72b7b77a1fc50700a090f6bf806dff0b2,416,416,3,0,helmet
hard_hat_workers3217.png,test,85e203df8cd493631f22c69aac41f5b40386a42e74fe277f3df2b4f55cf8f32f,416,415,1,0,helmet
hard_hat_workers3229.png,test,e59009f5dd17976c9235f9622592352c8b094210434284c015ccfcaabd5c4f17,416,416,11,0,helmet
hard_hat_workers3238.png,test,13e6cf3db5f3b2d6dc64560c9f6dc4f8d67656b09c11b7909384caece1bdb579,416,416,2,0,helmet
hard_hat_workers324.png,test,3ddb1e8eccedc3cedfda138959c5ce82372edf3c314dbeae2e0e7a59261cf375,416,415,2,6,helmet+no_helmet
hard_hat_workers3247.png,test,d1ebeb7156ab6444fb3535a4601538c9a1098f98a00ebe5007700ba09d7cd9e3,416,415,1,0,helmet
hard_hat_workers325.png,test,d0996768a0c563d21c520cb6e3a4e9b8b3c28d371a50e190aae65e03b99ffe40,416,415,1,0,helmet
hard_hat_workers3259.png,test,b24bfaf5d8d579e022f74a4bcd43fd8fd7ba236f23ebac5502278495010d70d6,416,415,2,2,helmet+no_helmet
hard_hat_workers3273.png,test,19403a306115f0835d63353c3b179386f76805fb4455d44f04d0e19945e682e4,416,416,3,0,helmet
hard_hat_workers3279.png,test,1604eec14c9d33ebfe834a848deec5b0fccd47b13762286da75d9ad41b580943,416,415,1,0,helmet
hard_hat_workers332.png,test,8fe5dd9511ed40003045be489999a1f13a2258cfaace9ec217e3981b7a07d978,416,415,1,0,helmet
hard_hat_workers3321.png,test,d605cff43c4447667d36a70cc201335c3391fd021291cc2ebaf47735d7b9794c,416,416,4,0,helmet
hard_hat_workers3350.png,test,7c2fb4a7dcf1ce819d3103fd09798db48a5b33c6e6ca55f757ef6986a4bc4656,416,416,2,0,helmet
hard_hat_workers3351.png,test,031e8fcc9890b38588fe94d8e6963c9d3c492a81a56460d51dd85c9cc53506ef,416,416,4,0,helmet
hard_hat_workers3374.png,test,5ebf7b5457e9e818683f4f182f946662e12781ecd9a2ef2b599af8f7b2aa85e3,416,415,2,0,helmet
hard_hat_workers3379.png,test,a7f5af961f5f9087775b79ac5b18136052a1f7ec785bc3ed002993d8bf0c8581,416,415,1,0,helmet
hard_hat_workers3389.png,test,a589002d33cba53bbc5a927ed518ea99e2580a8b21828e6beb68ae3830065e4f,416,415,3,0,helmet
hard_hat_workers339.png,test,c6d4adbd87f5980d89bb4831730ac33f31e669c83282b7d9c39d43593dfd6bd6,416,416,2,0,helmet
hard_hat_workers3421.png,test,fb67c94688b541dcebb17663a3fd2052203850b6454d03ca10b199fcb55bc168,416,415,1,0,helmet
hard_hat_workers3431.png,test,4816825b82c02ea8c5fc300480adee066f4a63dfa8441966cb5540bbfcab2f9f,415,416,3,0,helmet
hard_hat_workers3432.png,test,f5be00861c4eac69a8c5f700c0aef338709f576628b137cc3014cc819771ab16,416,415,4,0,helmet
hard_hat_workers344.png,test,f84440c7e8224f56fa1800a2a647b5101eeb76ad81de64a6540a5fbc289df002,416,416,2,0,helmet
hard_hat_workers3441.png,test,38f22fede0e0e453242d802412b9485036928d14153eac0605b2922e232e4d3a,416,415,3,0,helmet
hard_hat_workers3442.png,test,733cce18134847ccc03a90aeb244f4c7916fe750caafe8be93398062d083074b,416,415,4,0,helmet
hard_hat_workers3443.png,test,45d94fa36f8ee8df831eb0162f22a0a58a29f2d3c7715bcb7b3ba03a0f41cdf0,416,415,2,0,helmet
hard_hat_workers3445.png,test,374761ed3b55c1cda9546d20e15acd61c8b4f84629a6daeaaf939c184b637356,416,416,8,0,helmet
hard_hat_workers3446.png,test,64d1a30d36b53ec5f786dcc4385e685a3bd030b6e87e92695e4e14f264207175,416,416,2,0,helmet
hard_hat_workers345.png,test,bfd40db0966761a6c4ab777cb1a7301907bf5ccad9edcbdc7f10094e8ab69054,416,415,1,0,helmet
hard_hat_workers3460.png,test,24e8b191d1cbb0a23b841c08ebeb473294728858b5a1b692f728150fad0e8109,416,415,2,0,helmet
hard_hat_workers3462.png,test,a07e305cc5e9ebf4f68939b385409c1bd98252f6250628dea6723964624afd3e,416,416,1,0,helmet
hard_hat_workers3484.png,test,f00ba013f5e37dc961f4274f86c9ddc607a99afb55e2cacf5d1a219c824e8a5b,416,415,2,0,helmet
hard_hat_workers3497.png,test,de672068b59a22b795ada8f7a6b703b3da5ffdcf21a5a82f817859fbb60b9bf6,416,416,3,0,helmet
hard_hat_workers3500.png,test,a495e06c06f658451f386cc938a1046826b39a10e223ce361f2f241f78a376c0,416,415,2,0,helmet
hard_hat_workers3501.png,test,144eaa8efbab24e9388b4c7821e75e9f1617de913f3233a702b8f96051b254ee,416,415,1,0,helmet
hard_hat_workers3505.png,test,ce7848fc923946b64e6daf18e8895f697f8c6b775348e539e3c10a4b75ada36c,416,415,2,0,helmet
hard_hat_workers3511.png,test,cf4d1a88c63f4b41c99abb33946d695b8b57edaf4e3b2e6d2280b8ff9b2d6935,416,416,0,9,no_helmet
hard_hat_workers3512.png,test,92869100ea214aba373923ccac9317a10216daccd4a1ea2d53661799a779f4a5,416,416,4,1,helmet+no_helmet
hard_hat_workers3531.png,test,e794e7a44052f56435fefbe5e93e53efb1d2753bf4558313225fdae841652cd6,416,415,8,0,helmet
hard_hat_workers3533.png,test,4b999f2c8836af35d04963f04c54f20acfcba169b20773edf3d4c357d331e0e3,416,415,2,0,helmet
hard_hat_workers3539.png,test,6fcd87592f9dac7afe11894d9b76d5e5bf998d76a0c6bc4adc12bfd6de3564f8,416,416,4,0,helmet
hard_hat_workers3542.png,test,b5954765d9e27522f5b1ee62226888e60cebac7df242241104d292072511ea1a,416,416,1,0,helmet
hard_hat_workers3546.png,test,fce0d77e326cffa3cbbae61e89260a4cf0fbab6afa10dc602f680f9cfc27e39e,416,415,4,2,helmet+no_helmet
hard_hat_workers3548.png,test,d33d7cae260ca1677b262b7451f60a684cd087afb2dc8c215c4a478e1f8276d4,416,415,5,0,helmet
hard_hat_workers3579.png,test,3d052f90c9a2a43f121668734a2cd210d5b9c1ae519b5d886be0e73a8f0a5e5b,416,415,8,0,helmet
hard_hat_workers3591.png,test,623a46264487bbe5fc969540db4ed190723298aba39ee5b7ea7f9e73fe5dad0e,416,415,2,0,helmet
hard_hat_workers3597.png,test,64eb760487ff96080cff83f59894eee30364467aa9d509cb23da4611eb12c3b0,416,415,1,4,helmet+no_helmet
hard_hat_workers36.png,test,c51429e03dfc7c8bf8d2dae07ac723a5adb2df882c34cb9ee7dbe3e110fc9631,416,415,2,0,helmet
hard_hat_workers3608.png,test,018061fceb09befc8aa9df5b07304f1408f7455e9476193d7b15f8985a9ec9a6,416,415,6,0,helmet
hard_hat_workers3611.png,test,884cfb4e7e617a69441b18cc8e3ece4d32cf1b715042f102e14e40f778dc34af,416,416,2,0,helmet
hard_hat_workers3618.png,test,0c3201b8b3db7589659c25cb317a92d96ddccef2d0b6f177d94035f1b3df33f3,416,415,3,0,helmet
hard_hat_workers3637.png,test,62720f9aba9cc55801fd94148fe125284a9152355dfb03bf0ec7bab8fd6e7192,416,416,8,3,helmet+no_helmet
hard_hat_workers366.png,test,9a0879e662277572ffda47d1ee09bfb3a5ec1a40a3254c850b587854997c15fa,416,415,8,0,helmet
hard_hat_workers3663.png,test,f04a3ebfc2c39d62dcd4fa28d8b9d2971b3371e9344de81dc1961dba0b635d0d,416,415,5,0,helmet
hard_hat_workers3664.png,test,8a42583625ad0eb5fadeab34d74bf7280d27ea7e6a2fc2569a22b273d6b4496b,416,416,1,0,helmet
hard_hat_workers3665.png,test,a012fcbf0749abeab6c0788104b8dfba8f3e3a4a0c45889f9c8119adc72efa4a,416,415,3,0,helmet
hard_hat_workers3677.png,test,7865954cf55fac7734db40bae13fcfb576be62ffedb0f960b6b3d6fb6870f403,416,415,1,0,helmet
hard_hat_workers3696.png,test,bd692bf33ae8ad198012ac6c2706ae80dccd1d68cada8a759875fad8d77ee287,416,416,2,0,helmet
hard_hat_workers3710.png,test,74b20a0eb82c537e37dce4948082a4a9ed8760e5b0c343f4301f80dd3688650b,416,416,0,5,no_helmet
hard_hat_workers3718.png,test,c968396a96ffe47b3da8566b15c03d411141bb01fc9b98384f9c13542ed173b1,416,415,3,0,helmet
hard_hat_workers3740.png,test,fdc093fe348d1d414d65942228762ffe794b3b16fc3b5b3c813ace2d1cbbe4d4,416,416,3,0,helmet
hard_hat_workers3753.png,test,9622c054457c42fd942b450edcb30446fd3ba88f3cd1a306b2f3abbb67374881,415,416,8,0,helmet
hard_hat_workers3767.png,test,8b496dcd59bd9a0417124650c97790385a1b7c4fd8691097b16db5179737ff41,416,415,5,0,helmet
hard_hat_workers3794.png,test,6c197865d3f1eb0648c5fe8615aad82e75bb581339568677c7d233fdc27eac43,415,416,1,0,helmet
hard_hat_workers380.png,test,9407eeeacf37e3dcfa1cde4a60ae18461fe2444e704b68d0719a94390a4d16a1,415,416,1,0,helmet
hard_hat_workers3806.png,test,d1398ac01fd3e0012561df3cdd974069e0d25b5e71b1292a26a7dc17384bb3a4,415,416,1,0,helmet
hard_hat_workers3812.png,test,7655a650b3ddfd7529d23988bf603f9a9eea905f10a4143f70164fa6fe953034,416,416,1,0,helmet
hard_hat_workers382.png,test,1e7a7b4e6d21631d185df8bc1d7346093a83ef18147b73b2ff5238bfb5b732d1,416,416,0,6,no_helmet
hard_hat_workers3837.png,test,8dbe57b409d74d14ffbb6d433fc3a6ed12baf2cf4945eb8a15daaf73aa94ef22,416,415,0,5,no_helmet
hard_hat_workers384.png,test,2b60ce6204b94da73d5bfcf41672704c886950aee57e99f66a8906f6ad6abda5,416,416,3,0,helmet
hard_hat_workers3853.png,test,8ceb04314b852445925038a3b229d9e08a83364288bf425a870adeb735b66253,416,416,8,0,helmet
hard_hat_workers3856.png,test,1d929cebb9e931d2fb1dd2238bc83e78b59250c3bb6900a78630b8e0d4c1856c,416,415,7,0,helmet
hard_hat_workers3873.png,test,a3e92bccf7fbdff3b7af5383c209c1b5090a5a535d82422dde85044881eff5d3,416,416,9,0,helmet
hard_hat_workers388.png,test,44ea966c5adc220fb90be91f6d05a6fe23f9f1f31b38716023c174b26caf00b4,416,416,5,0,helmet
hard_hat_workers3904.png,test,5eb717334a5146ba29149a9019b0a6c6e9fb357dae128e7cabf967a42472ebda,416,416,1,0,helmet
hard_hat_workers392.png,test,8c403ab713cc8f46f08817f1c3fc0f3441703b5ed60f77baa1dbbaee59645dc4,416,415,2,0,helmet
hard_hat_workers3923.png,test,ccc5e7baa6eaad96a76fa016f8be8174ed1a237cde15f8258dcdd80f2fed35f4,416,416,0,6,no_helmet
hard_hat_workers3925.png,test,88462f703b2115596f31547dc85c59d0cccde3f4b29609398db94cd2eb48fa3a,416,415,0,4,no_helmet
hard_hat_workers3935.png,test,b1d8ac330ddd718c51fdd0dd87ca0ca6e34c87744f2adbf75a79d345ce5bd72b,416,416,2,0,helmet
hard_hat_workers3949.png,test,133135d0c4e4d2d4183df4373acdd39c8ae8a13ac03a304e6bc189489c808b68,416,416,3,0,helmet
hard_hat_workers3953.png,test,f633ab93c69bca222c31d79bb8e17455d39d093a29ac51f9b017e8a97ad790e8,416,416,1,3,helmet+no_helmet
hard_hat_workers3962.png,test,9cecfa2a0a23d9816661fb0ce91650771c7065b748c03cfab38bcf4554268961,415,415,5,0,helmet
hard_hat_workers3963.png,test,a37ca9132c90eb65c5a639e9e5792cb00a7fd0a0c73f4f2bc0ac5eac8deeccba,416,415,0,11,no_helmet
hard_hat_workers3968.png,test,e74b248c618db9271688ee6006c9fb52a376334a93dfec488f4af00379bfac93,416,415,0,7,no_helmet
hard_hat_workers3975.png,test,7893a2d93835d0a33cd13e225f45b10a7d49f59825f98fb0817aa24c1c969f30,416,415,4,0,helmet
hard_hat_workers3976.png,test,9c915738e7c5d0682527a7c685d73c9193aa0d457a0e79cf91b2dfbb7ab865da,416,416,9,0,helmet
hard_hat_workers3990.png,test,aeb891b246b6f76db5286f2dc7a8c6dae4e3c6c24135e6fc02d86960660cdca1,416,415,12,0,helmet
hard_hat_workers3992.png,test,ffe9a3691404ada871b01147308d6eded0c06a086efbe08f74e9ebfd926be1a2,416,415,4,0,helmet
hard_hat_workers4012.png,test,b4a4d1c8d93acf62f9a0539399629fc1b1eeeeded3024d1462e756e17739bdc7,415,416,4,0,helmet
hard_hat_workers4016.png,test,e0af52034b943d9ab503303a990c11f68d177bfa3e5902eda60e603383574172,416,416,1,0,helmet
hard_hat_workers4035.png,test,6256a9825b4ada7a0d1f879b7926b84cc704ca31e48e5bb5251e587941ea6d13,416,416,0,2,no_helmet
hard_hat_workers404.png,test,afb46cda1e2813a836617ab90be0f1679032e4aa12b2d9312294f032fe25a630,416,415,2,0,helmet
hard_hat_workers4043.png,test,a3208d7bd0e6ac4853920d8c8fd2fb492abf04c98f9d9892dda2ecd5aef5ed7a,416,416,4,0,helmet
hard_hat_workers4055.png,test,1641d56a27fed8e953ffdc356c0e39ed75afb33d6df66186111bda1f1a898aee,416,416,2,0,helmet
hard_hat_workers4057.png,test,6e0c889112b8a8af176a8f4e3f3fb4cd6d6c2ea9122f3c08510f02d4eed00fb7,416,416,4,0,helmet
hard_hat_workers4060.png,test,f5573ce474073bfcf1f6039bbd531b170469c32d4396e5c59c525abb27b1a480,416,415,3,0,helmet
hard_hat_workers4064.png,test,9020bedebcbd1a27877839d38cad2d5e2461a8431091d2b260cc6c611190370d,416,416,0,8,no_helmet
hard_hat_workers4090.png,test,45448ade7c655b28360a3b9e4d4125968cc4a30c5b87667422c3f1b10f4984c0,416,415,5,0,helmet
hard_hat_workers410.png,test,27ceb5d0c440bf86be42a63c4140fb2791917675517e5a6bc16d64ad9f46a447,416,416,2,0,helmet
hard_hat_workers4109.png,test,869a824787a4a6c97c1ff7cbaaa922ede4de0f6e92ed9e6d27c76d4b48d28422,416,415,3,0,helmet
hard_hat_workers4127.png,test,4f5794ff24f7a4276ece31fb445079d65044b871ccebfb3f22efec1f04baf034,416,415,16,0,helmet
hard_hat_workers4130.png,test,aa5d5a4c0f45a4dd19f1ebde6655fbe1c45628b7c37a932b0b315550e2a17b9a,416,415,6,2,helmet+no_helmet
hard_hat_workers4131.png,test,f46ffc9783df0851ae09c901d83895ad83788c0f9275006d83a32b6c4e579e32,416,415,4,0,helmet
hard_hat_workers4132.png,test,d845501c6491076a51d67c8533454910319ecccb51e0510a726b0019e4a7ef3d,416,415,5,0,helmet
hard_hat_workers4135.png,test,20193481348ec54dbbb779ff78a7944224ccb6b96775280a6cb83aceecd13ebb,416,416,1,0,helmet
hard_hat_workers4145.png,test,0c8ab5d72d7ad707bad0f3532f52cf4f3501e38fbe4365a841d48d11d4ad4ea0,416,416,0,5,no_helmet
hard_hat_workers4150.png,test,9c30ec88114cdc53d980f3476f343aab5dcbedf6a3dfade9cc7cce7efd02cd7c,416,416,3,0,helmet
hard_hat_workers4160.png,test,56ad5361c3526a10a9991a4c36d2dc4d3ae3b6308acef871834ce5f20a75dba8,416,416,12,8,helmet+no_helmet
hard_hat_workers4167.png,test,74c5a7858065e6bf719773d1ccf17559f61de1dafec1c4e239994567dc0d1104,416,416,4,0,helmet
hard_hat_workers4177.png,test,4a3a5274ad3c308e602b4ab0e796c168f24f08272f99d70def112adeb4887e1c,416,416,3,1,helmet+no_helmet
hard_hat_workers4180.png,test,88b2224aafa8d9c6af327e4c9bdc6a2b1527449e63efb924c4853448b8feaa50,416,415,1,0,helmet
hard_hat_workers4181.png,test,631b28bd562c08721e48d741261d081e622c3b2d06f4b2aedd07d16c7bd2c9ff,416,415,4,0,helmet
hard_hat_workers4185.png,test,fe7020d90ae0ec7eb56db5927041f955f03c84eb5d43dfd8bf3516b04fb80056,416,416,17,0,helmet
hard_hat_workers4207.png,test,6950b76599c094179568daaa1af62f4ba4e064e3730f3d09d677ee9be8a791ad,416,415,4,0,helmet
hard_hat_workers4237.png,test,65ed383b04d6af6d4e577dbd6b9c9c4fca8891f10246848077afbf064721b4a0,416,415,3,0,helmet
hard_hat_workers4248.png,test,4b63c6bdde74811a07e1630034e87844a6fe983b534cc11d17db4220349a23e9,416,415,7,0,helmet
hard_hat_workers4255.png,test,7bb46ae1983e209bebcb90beffe4336f99e92f6e5bb334524363ea964bdee731,416,416,3,0,helmet
hard_hat_workers4257.png,test,6fd15cf1b446df866cf494d58a5f74e8a30b5bfbb137da693ea00fec7dd6daaf,416,416,2,0,helmet
hard_hat_workers4259.png,test,fba541e6118f7b4362c4f5e70fa8f7e03d984409cbece25eb3d5f796d6b9a8bc,416,416,2,0,helmet
hard_hat_workers426.png,test,f1493303d5df3c594cfb86d2067ed7078c36ee9121bb2528178f4589eaf715eb,416,416,2,0,helmet
hard_hat_workers4261.png,test,219ab2980aa7eb2be022fd691a855907e65f444789b96a54cd79dece2d7b5187,416,416,1,0,helmet
hard_hat_workers4264.png,test,22a105737dad6045048be9a474a83f7a4bf01e7ba2d818845dfb92bc3f74399d,416,415,2,0,helmet
hard_hat_workers4274.png,test,6382de2450ff1a9f79ea09ae5348feced6228a0cd0434dd320fe990ada430c92,416,416,1,0,helmet
hard_hat_workers4280.png,test,fdcefd1cdaf2b467d9c0fb483738c3558af95b76d1fbe03bccdea0185b21662c,416,416,3,0,helmet
hard_hat_workers43.png,test,a8b77b1c117a115b553d0828597083d731de648e2301429097e3e32c27c0095c,416,416,5,2,helmet+no_helmet
hard_hat_workers4303.png,test,288b6caaf1b8985f91c328a24b281a1023e7434e2b302318d3e2284a84d4a8e8,416,415,2,0,helmet
hard_hat_workers4308.png,test,875490922929ffa98e521c38c02d2d7546a6494efe6445bd4c1298de29cb0402,416,416,24,1,helmet+no_helmet
hard_hat_workers4313.png,test,79ee645e9dcd773d8b55346c5cb8c7ef10b6b50c25dbe933055f7e212189d397,416,415,3,0,helmet
hard_hat_workers4345.png,test,77d28a71ad2cd490b58a25355dc03a269b3f9a008a3e6e8d319e9fa61e0704c1,416,415,3,0,helmet
hard_hat_workers4346.png,test,d3d67d39a1156f8ef0142a0f2aa035650256c4896c011eac103a50e8bffd69ec,416,415,2,0,helmet
hard_hat_workers4355.png,test,73a85dc4bb08ed696df14854e7d991e22b4f24ae00bfd5c82eb370c4c07fceaa,416,415,5,0,helmet
hard_hat_workers4367.png,test,5dffac0bad34ba82c5ccd0aa5b5e619cfe0deaee0fffb5a354b7b5d569e7c0f3,416,415,6,0,helmet
hard_hat_workers4373.png,test,e0b5fe4588dd8ccc2086db83f7928fc35b124f94ddadbf107911e641ffb2f761,416,416,6,0,helmet
hard_hat_workers4382.png,test,c37f0eba0882e1a2d944b75a92c875bd56c23bb279a4d3b373de69c86158aa3c,416,415,4,0,helmet
hard_hat_workers4389.png,test,26f04e608e021788417c304fb447c7a4a12cc5084f49535ba8a485b166b75742,416,416,3,0,helmet
hard_hat_workers4391.png,test,7bc9dc60849bcd788a50711296327635a7434e0cefb9fa8a7188913c52ac2144,416,416,6,0,helmet
hard_hat_workers4400.png,test,78ec775df7a160e7dfa4010c51a72cbdde85a99e95a42c6c4c7d1270f991d683,416,415,2,0,helmet
hard_hat_workers4403.png,test,d569a3b918cb0a93c1686ca9afd681654d6123aa24951c0c6ee3e1a4ec48dbbe,416,416,0,8,no_helmet
hard_hat_workers4404.png,test,95acfdb5e120b951235c09cfbb8a0eeeaddecfa57fd0b977aac394370e11bd12,416,416,2,0,helmet
hard_hat_workers4413.png,test,b66e7edbab1271d7efab99e8456aa0bdaf5f3f10f33396efdf1ec17168ffceb1,416,415,3,0,helmet
hard_hat_workers4424.png,test,650c45902af8d9408d1dd58f414a72b55143c3debe866c82eb13027856a6c11f,416,415,15,4,helmet+no_helmet
hard_hat_workers4426.png,test,93b54165176d9e6701f817263f4a41dfc10bde5b91d01eb652b1ef99d52c4a8a,416,415,0,10,no_helmet
hard_hat_workers4444.png,test,f15ecf128cb45a5baacbfb231e9d21fb0a60a6152d113d7e16d6df20ca3cc5cd,416,415,2,0,helmet
hard_hat_workers4450.png,test,d83150d1365e39b4a981c3cb1b10cfad63432bfaca33fbf260c09b518c78fb96,416,416,1,0,helmet
hard_hat_workers4466.png,test,9c9471812ddd8cc5a96c5818bc0665a984e092b0f07cc16dccca5b80b4ff792e,416,415,2,0,helmet
hard_hat_workers4468.png,test,952537b3872c5b0c178957fba85bbc0fc66c3e368ec2e14d1c83a2bc8a693205,415,415,3,7,helmet+no_helmet
hard_hat_workers4472.png,test,0f1304eea4ee0130b0167ef37a8e00e6ed8f73ee3965cb1aa7748f9c84396e7d,416,415,15,0,helmet
hard_hat_workers4474.png,test,035fd23d794b7cade89d50006a8c7b2305a357f1ef8b91a2c1b5f50aff133f22,416,416,4,0,helmet
hard_hat_workers4476.png,test,0ad901442015c6e78f0fd3271d9c9e6dd8d1ce864397560ac5c50ab028a29a7a,416,416,1,0,helmet
hard_hat_workers4488.png,test,9b5a052a25843d9d050dd78350628353c76a155faf8121aa46bc29178e4744bd,415,416,2,0,helmet
hard_hat_workers449.png,test,5ac13aa8e66318755abf50b58007a6fdd9a5dd15b4375e626f9600fb01987723,416,416,1,0,helmet
hard_hat_workers4496.png,test,e180a4289be7dd379f6b609446ee34a180cdda9a2d5bc877463b81e2d0b38c17,416,415,2,0,helmet
hard_hat_workers4558.png,test,5f2c787b7c0aed43238f89450a909afc8f79dbbd2ef1a370ad60e8797fbe2ee9,416,416,1,0,helmet
hard_hat_workers4561.png,test,580ddb78b6ff3de606df1ebda2b5ecfd0b55fd4d74f1834df8fa89c1f15eb864,416,416,5,0,helmet
hard_hat_workers4563.png,test,4f65da1ebbcacca2096f615231f0f8baf707aa13aa5b2f8f4547d1df30a64a08,416,416,1,0,helmet
hard_hat_workers4581.png,test,ed76280f9f0507c51c0ca1dca1c38fdce83107a81e55ce92861bd1dc3574ca61,416,415,1,0,helmet
hard_hat_workers4586.png,test,43aaf83fe89be1f136fb21f23f743689cd4dd1c3913a1c6dfd423b359c25e3f2,416,416,5,0,helmet
hard_hat_workers4601.png,test,4f595ad294f129b2227574cecd9cc95c886c495fa342568eee4f4a46577e08c5,416,415,1,0,helmet
hard_hat_workers4616.png,test,00dd001a6552b6172d0126a9c86e0ef442c415204b35d1d5ae1b86f7c3fc6689,416,415,9,1,helmet+no_helmet
hard_hat_workers4622.png,test,4b71b227c6528154c3f034269e9f2f9f9b9dcebf3f4e4fd8274a43bb845fafd6,416,415,9,0,helmet
hard_hat_workers4634.png,test,2c7f2d38ea9d996249c75e3516762fc12814c9072db96446c4c5fbc366041277,416,416,3,0,helmet
hard_hat_workers464.png,test,30c6512f72e56156cb6a83eb66b511c1104667be322321548d4f470ef95045fa,416,416,1,0,helmet
hard_hat_workers4643.png,test,6b11f4f45d692d8f99a6452b0a3251d50245368d8729f50a8df743d0c9669098,416,416,4,0,helmet
hard_hat_workers4645.png,test,b323291e281734bc60fbe4ae70ae9b96e0b325585451e1fd403a0f38779d8d57,416,415,4,0,helmet
hard_hat_workers4648.png,test,3e2da84ecad96017286546a616c486781445c8d2762b1a09fdd740381b793172,416,416,14,0,helmet
hard_hat_workers4650.png,test,5fdd789b2227bffeb988692b9a8f1cc64ddbe56182461fa74e20c5bf5acae6ce,416,415,3,0,helmet
hard_hat_workers4678.png,test,50244b39ec364d3d5f2f20106cd2a71c99f399e25424f3534bc87620ba7ab607,416,415,0,14,no_helmet
hard_hat_workers4679.png,test,ebea718fd102c06a24dca1e5aa1032fea99ba5b3276d4483d71e249aef892398,416,416,1,3,helmet+no_helmet
hard_hat_workers4691.png,test,0d57158d3abfcf6009a4f41548df37e403cc0e1b67d2d90323bcb13457f63388,416,415,3,0,helmet
hard_hat_workers4707.png,test,1ee8f9e517187facee004db3b489315882d2936ed6362dcf354a141f4aba71ab,416,415,6,0,helmet
hard_hat_workers4710.png,test,ca276d737162ced447ed029787dee801512fe2d4408305d9dc1d9ae03421a72c,416,416,4,0,helmet
hard_hat_workers4715.png,test,c30837437a674d1d7777e5a67ba818135a1dc36fe826f1e73a748955e014f4bd,415,416,2,0,helmet
hard_hat_workers4720.png,test,b0333a573dc4a2f9510d1939178c85739dcdaae2bf071f4a47927499b8f071a4,416,416,1,0,helmet
hard_hat_workers4731.png,test,852e432def3290cbf3548f94c6a02b2233730c92993b50255bbaef7b515ab8e6,416,416,2,0,helmet
hard_hat_workers4734.png,test,0137a98b8b1376f1bce6ab9e82f20a605211cec3e9c98dbff31adc4ea10ef6ea,416,415,6,0,helmet
hard_hat_workers4740.png,test,0de05858bc4c3a7d786825f2ba0a62f3ec773821f30be6db69dec84c9f111187,416,415,2,0,helmet
hard_hat_workers4755.png,test,9a0f3aaef612df27daa14fb8e97d5878db98bf6f0ce7b8d481f473ea97e26345,416,416,1,0,helmet
hard_hat_workers4761.png,test,6eff2279ddc3a8bd19944b872e09445a5cfab30ad18d1f9b47a1a1396caa5e89,416,415,2,0,helmet
hard_hat_workers4767.png,test,68f0af415f426ef41e63f843b97bd9b75548c29b76fb8da7d0ece3d069529e68,416,415,68,0,helmet
hard_hat_workers4795.png,test,efb7ce104bab7c94ca17f94bb7c7033d74ffe92a2d56618c124733941f585ab6,416,416,35,0,helmet
hard_hat_workers480.png,test,e298536213206c5d251a2cbd5f3c6df9e7639445737a0d104fa9c4e3fb57c67d,416,416,1,0,helmet
hard_hat_workers4801.png,test,e00d26edaad350808b2b81e2551fe2e6ca997c27e3342a7218468d391a66c736,416,416,0,7,no_helmet
hard_hat_workers4803.png,test,9ebe20629dcc5927f95029268416f0470360324c4cc84d60ef1171e9b37157d4,416,416,8,0,helmet
hard_hat_workers4814.png,test,8adaff67e87d86e839a097f9ab4ea704964fdbdd6a84dc1120b1ecdfe6f7251b,416,416,3,0,helmet
hard_hat_workers4818.png,test,72631e89d26fa38e34fb09af02f3ae3634ad9289541d17280f3762d8aa8eaddf,416,416,2,0,helmet
hard_hat_workers4823.png,test,88c9cbf0e582de714f61989c040570f1801b7f87904db85100d4784eb3bd4eec,416,415,2,0,helmet
hard_hat_workers4830.png,test,542df45bc1a6f5f995f50bc117fc6aaa32ba66e50276dc21b92ab88017f9620a,416,415,1,0,helmet
hard_hat_workers4851.png,test,51ef8c6cd9a76806a8e125e37cb656c1a28b2878ef9798ca3c28867ce1eb866d,416,415,2,0,helmet
hard_hat_workers486.png,test,9bdbb7fc9fe807ab5f63a073a22841f7b8a524a720f096de5e16dbab51c61dca,416,416,4,0,helmet
hard_hat_workers4861.png,test,67743d8f8ecd5e34abfa5945db14c553902148a1acae4ae2ce82bd4607f52ec5,416,416,2,0,helmet
hard_hat_workers4862.png,test,d015729149306a8c7e2a5de77cc7a16ce94f58f81b4350b15b829e2de9788cff,416,415,6,0,helmet
hard_hat_workers4866.png,test,53ed47df7718d3e2aa1af3cec038b6a406a891105432e91a0b8396c0b67df774,416,415,2,16,helmet+no_helmet
hard_hat_workers4868.png,test,294d26f6a996d4371a41ff2619d7221325c37309991b700198ebd8f83359d8c8,416,415,3,0,helmet
hard_hat_workers4874.png,test,964adf3cf55b02943e2ccd1eb23cbd1e5077bd01982bdaa1da67cf2d9a599862,416,415,6,0,helmet
hard_hat_workers488.png,test,8e6cc04abc83c0942d0317c7a5683b29bd3f0d5aef481c28e2e610d87edf4974,416,415,4,0,helmet
hard_hat_workers4883.png,test,4587c32c622b62121fc13508540641e412133b324ce26b88a9c189320fed6eb1,416,416,2,6,helmet+no_helmet
hard_hat_workers4893.png,test,f9dd9003711591205b461997cf0fa75a6f8c96a0e1270b91ff08b0e424f28af1,416,416,4,0,helmet
hard_hat_workers4901.png,test,cff83be09e37dc1d91d8af0f526d47eba088b9f8e67c642d5cc121008817445d,416,415,5,0,helmet
hard_hat_workers4905.png,test,d9f05194c15e18fcb4bcea84ecd88d6afad8d3e337b9aff91394c08f5e43b7ea,416,416,0,5,no_helmet
hard_hat_workers491.png,test,275de7e00b8f1723c5a592e322a1fa8989b40e214733ed9dd40889d47070c499,415,416,1,0,helmet
hard_hat_workers4944.png,test,44b491f60b4ef66eb22d35dc5909899af572e89ae0af7621f93a242c2ca7d38b,416,415,1,0,helmet
hard_hat_workers4957.png,test,a991164d2ec9e9a66267be119db32ad17c2c72dd5c3cbb957529ca3c6dee75dd,416,415,2,0,helmet
hard_hat_workers4967.png,test,a8c68a2fa43f8e55eaffc7b4e3585fac3713a7a1543150c46ceadb70f417681f,416,415,0,7,no_helmet
hard_hat_workers4976.png,test,69a04bae1d06f94e41110eae6656d30c3eb6b290add051b2eb88db8f1792f66e,416,415,1,0,helmet
hard_hat_workers506.png,test,790ae85872111a22f49310b7485db9661981d4c513b7a0a07864e3e6c3bd0d6b,416,415,3,0,helmet
hard_hat_workers530.png,test,cf9a5ea9fed402878c226f1edb760e167e89a6e01a4178405a933a0367ef3e9c,416,415,8,0,helmet
hard_hat_workers536.png,test,9dad3954ac6fa407d8bb677620376804a078c3f13bb8cb6f55dbd805b67a2de5,416,416,0,6,no_helmet
hard_hat_workers54.png,test,340d14bbd3885657801e212bd2465406d3eb9ed23ed906513551a2c831caab04,416,416,0,6,no_helmet
hard_hat_workers555.png,test,42372f6d2b568352aa59a0972c172684062345ed82d093aff9b6d612c186d701,416,415,0,11,no_helmet
hard_hat_workers58.png,test,a279d3b66e3c3668d26603e0c35ed56ef305e06ff4d991a0a48762793b6a5ba0,416,415,2,2,helmet+no_helmet
hard_hat_workers585.png,test,208c131011292fb682cefe521c5b21e8d83954ee3f04204b45318a0d7ececa90,416,415,2,0,helmet
hard_hat_workers588.png,test,cd21c345e359b9db5153ddd355bbbb0b640237ac538ea3356671370bbed857ba,416,415,1,0,helmet
hard_hat_workers590.png,test,8efe1564715917a90b69b7389553254d3cdcb8d498f6211fcdae84bef378c704,416,416,2,2,helmet+no_helmet
hard_hat_workers599.png,test,68befef3056a06bb56f56ab3cc8322bec8b0c09463dad9ef7ba9aaf46c01dc81,415,415,3,0,helmet
hard_hat_workers6.png,test,ce0a4d492107f14020b5035ffba9cfa8a7d7fdc1711e280d3c2bd54fbb1350a0,416,415,2,0,helmet
hard_hat_workers608.png,test,8be0f1b8f5673d11c258d2293b3e44b713e96861ba37ad1aa40191040eae8a50,416,415,9,0,helmet
hard_hat_workers616.png,test,924f1c759f0ad9dfa3b844a504b86f237b149868f0332683e947c718b82ca252,416,415,4,0,helmet
hard_hat_workers619.png,test,41245044bf4280326405f05cd41f6ec5e57c605b643575fa361d123986ef7cad,416,416,2,0,helmet
hard_hat_workers625.png,test,166b860ac7253b1addd88bf6b98517c27f087e57a7b0d001a41dcea5d96ffb7a,416,415,3,0,helmet
hard_hat_workers666.png,test,6644cd21f4f233e934cf8ddd497314b4c9644f5e9d6c45bff5d8158c3eaa8028,416,416,1,6,helmet+no_helmet
hard_hat_workers684.png,test,df83f23ac25311ea48009d826262d61d83789e1c2dbcfd6df1f007e2d2cbfb47,416,415,5,2,helmet+no_helmet
hard_hat_workers712.png,test,3fc795f68b80f111f9597d57cc58516ff9a03c8cd6e2d1715507e57b9d472f78,416,415,0,22,no_helmet
hard_hat_workers714.png,test,a557dc32926847f642fa84a4280f541128dd0927f8726310f8adeb4c5123a1be,416,415,5,0,helmet
hard_hat_workers732.png,test,b19af49841e1d8673225518b0af853d795277f1d104f7311ec4fdf5deedc339b,416,416,9,0,helmet
hard_hat_workers738.png,test,ce26d23ee902fcbedb5e36d2a3370e3f5177c4d12cd9e37a5f78a3bb8eb3b865,416,416,3,0,helmet
hard_hat_workers750.png,test,89a08dec0e4454391fdfcf04fd5e69145dfed8c943d792c68e6fcbe71628ccf2,416,416,11,0,helmet
hard_hat_workers757.png,test,45f24b262756e4de6832d5a3e5dd3b162eb06697969a82324dd93aec817e13fc,416,415,14,0,helmet
hard_hat_workers77.png,test,f9efdf3814e57110436eadd3aa0acf6aba3817129406ce3fae10fca1a0f849b2,416,416,0,8,no_helmet
hard_hat_workers776.png,test,2225a0a008d319e7558ce2414aef940690950579a4e4a34597cdb2362d14f762,416,416,3,0,helmet
hard_hat_workers79.png,test,78669f134c8efb5e6d1e24a90a54642dff2a0ec8cff57796cabf999973ae997f,416,415,4,0,helmet
hard_hat_workers795.png,test,42950fbd07d05908cecfb3915b5cde78304edf37d2da029c34f869ec1149d282,416,415,4,0,helmet
hard_hat_workers798.png,test,b5d1ef89f30b33021eb8656a7c948de288532598077584dccff61b11fae1185e,416,415,0,7,no_helmet
hard_hat_workers809.png,test,3698a5886c649f25bd05495b79680c52f524ac950e59fc8ec38a88adbc8178f1,416,415,5,0,helmet
hard_hat_workers819.png,test,60511469266aff5ab91d8b76fb9017cedb3c676df46749b9906669ad7f3eedce,416,416,8,0,helmet
hard_hat_workers827.png,test,d9ab4566b0fea124e1fb1cbaa7eb6bb3351b393e19225bbf3afede436900ea33,416,415,2,0,helmet
hard_hat_workers841.png,test,3611b03595b9cd14133e718ddd3fa6a7b82130643ef00661df60c8e68bd5c3a1,416,415,0,9,no_helmet
hard_hat_workers842.png,test,274e46ef3d429725b980c73160704b74d1a521bcc2a09ffe38773d82e186e086,416,415,3,0,helmet
hard_hat_workers851.png,test,0be21d822d9054af6457866a1533d4658068d632c24eb8259bfa307191e7393a,416,416,10,2,helmet+no_helmet
hard_hat_workers861.png,test,65c204da2d11c6a4351ce92c731f0c4306f7505d0e2f9cf57a8d47c88114ad3e,416,415,2,0,helmet
hard_hat_workers871.png,test,f57f202bdadb4084bf187109cd2be217685ecd055368e4a6a57328d8ca733b2c,416,416,2,7,helmet+no_helmet
hard_hat_workers872.png,test,b0ca4ca3c40b0290aa89ec51a693169f72bc2e736ab2271ddff9203aa1335251,416,415,2,0,helmet
hard_hat_workers889.png,test,fc54f358149620db7865f82f92378588a1daf83e9408cd3f0741d9d32b253c83,416,415,3,0,helmet
hard_hat_workers893.png,test,dd9878312d7ae41bdbbbc5346af0d5c2df0c16f8881d222bd2f16d481f7f2690,416,416,2,0,helmet
hard_hat_workers903.png,test,598ca4e2a681cc0589114c8339c2ce595ce7abe8e674edc1fa2467a2f85192a8,416,415,2,0,helmet
hard_hat_workers907.png,test,06379d3803894f915228b47285bfd24678d8b25b72157be71728cbb094af307d,416,415,4,0,helmet
hard_hat_workers909.png,test,07ffa8652e2a58f02ddeaa1fa06c426ef10cf324603522c122adcc743a93c3d2,416,416,14,0,helmet
hard_hat_workers926.png,test,5ef39c1b2c02089b4f39cc6a8f40aff63793ea172f7a66fb272a1f69ff3794b7,416,416,4,0,helmet
hard_hat_workers929.png,test,d90a2e58f0e761681730f8b9baf712f857bd92a8f071adc5d9f2dbb34e3e5656,416,416,10,0,helmet
hard_hat_workers93.png,test,271ae2dae37f8cd05acbc86d9234211f2e83e15b9a1e0ca3941adc72a646784a,416,416,3,0,helmet
hard_hat_workers933.png,test,959d6239dd240b7dc934730ba800522dc3d557a107255d4b0eaa79d792bcd93e,416,416,6,0,helmet
hard_hat_workers944.png,test,9fe5457c574e8e3786ea89a611d9257c559baf20299840091e367caba5967555,416,415,1,15,helmet+no_helmet
hard_hat_workers948.png,test,9668430c8bb1d56e4a4d5e44ce2a60ddf6bed354a81b75b1d5443ba611712028,416,415,5,0,helmet
hard_hat_workers966.png,test,f6aec042a52b2789bdde1ba7bc3aa11c1db6f678c2d7ace93975b584564abfb1,416,415,7,13,helmet+no_helmet
hard_hat_workers969.png,test,1cacd0e3cd8c3319eff82bee9d2e85191ea0e83fa9bc3bc059a46ae60dbf2e0b,416,415,6,0,helmet
hard_hat_workers970.png,test,96b89a9b6895c78cd391b1a4c2316919cda1d9c6778a794f421da32b4153eabd,416,416,2,0,helmet
hard_hat_workers999.png,test,b6596b90bf05cf4277590b2fca5a7bcb47d80ace9981740b820e5b5890e2de95,416,415,2,0,helmet
